IDcyclist,gene_sz_lastname,gene_sz_firstname,gene_sz_firstlastname,fkIDteam,fkIDregion,fkIDcontract,fkIDprevcontract,fkIDnextcontract,gene_sz_photo,gene_i_birthdate,gene_f_popularity,gene_f_popularity_max,value_i_rank_voted,value_f_potentiel,value_f_current_ability,current_f_stage_score,fkIDrace,fkIDlaststage,fkIDcyclist_state,fkIDtype_rider,fkIDinjury,fkIDtga_skin,gene_i_size,gene_i_weight,prerace_i_cyclist,race_b_withdrawal,fkIDstaff_trainer,charac_i_plain,limit_i_plain,charac_i_mountain,limit_i_mountain,charac_i_medium_mountain,limit_i_medium_mountain,charac_i_downhilling,limit_i_downhilling,charac_i_cobble,limit_i_cobble,charac_i_timetrial,limit_i_timetrial,charac_i_prologue,limit_i_prologue,charac_i_sprint,limit_i_sprint,charac_i_acceleration,limit_i_acceleration,charac_i_endurance,limit_i_endurance,charac_i_resistance,limit_i_resistance,charac_i_recuperation,limit_i_recuperation,charac_i_hill,limit_i_hill,charac_i_baroudeur,limit_i_baroudeur,charac_bitfield_mental,charac_i_tour,charac_i_classic,fitness_i_handicap,gene_b_will_retire,fkIDtraining_camp,gene_i_dossard,gene_i_champion_bit,gene_b_nominated,CONSTANT,gene_sz_soundname,fkIDstate_roster,gene_b_inshortlist,gene_i_date_last_breakaway,gene_i_date_last_punchers,gene_ilist_fkIDfavorite_races,fkIDworkplan,bit_i_contrat_preference,value_f_capital,gene_i_ptmap,fkIDyear_progression,value_f_gain,value_i_trainingstyle,fkIDcontract_preference_preset,iContract_fidelity,iContract_refusal_cooldown,value_i_knowledge,fkIDcyclist_leader,value_i_yearneopro,gene_i_nb_total_victory,gene_i_nb_tdf,gene_i_nb_giro,gene_i_nb_vuelta,gene_i_nb_sanremo,gene_i_nb_flandres,gene_i_nb_roubaix,gene_i_nb_liege,gene_i_nb_lombardia
754,Poels,Wout,Poels W.,107,506,0,0,0,wpoels,19871001,13.0,0.0,0,4.5,0.0,0.0,0,0,3,0,0,0,183,65,0,0,0,69,0,75,0,75,0,70,0,63,0,70,0,71,0,67,0,73,0,71,0,69,0,72,0,74,0,73,0,0,0,0,0,0,0,0,0,0,,Poels_Wout,0,0,0,0,"(15,87,25)",0,0,0.0,0,0,0.0,0,0,0,0,0,0,2009,26,11,4,10,0,0,0,11,8
797,Swift,Ben,Swift B.,2,1801,0,0,0,bswift,19871105,32.0,0.0,0,4.5,0.0,0.0,0,0,3,0,0,0,179,65,0,0,0,75,0,69,0,70,0,74,0,69,0,69,0,73,0,71,0,70,0,68,0,67,0,73,0,72,0,75,0,0,0,0,0,0,0,0,2,0,,Swift_Ben,0,0,0,0,"(175,173,87)",0,0,0.0,0,0,0.0,0,0,0,0,0,0,2009,15,2,6,2,11,5,2,1,6
1033,Caruso,Damiano,Caruso D.,13,219,0,0,0,dcaruso,19871012,6.1,0.0,0,5.0,0.0,0.0,0,0,3,0,0,0,179,68,0,0,0,69,0,77,0,76,0,77,0,65,0,71,0,70,0,64,0,68,0,73,0,69,0,76,0,73,0,67,0,0,4,1,0,0,0,0,0,0,,Caruso_Damiano,0,0,0,0,"(135,595)",0,0,0.0,0,0,0.0,0,0,0,0,0,0,2009,8,7,8,6,11,0,0,8,12
1269,Degenkolb,John,Degenkolb J.,15,716,0,0,0,jdegenkolb,19890107,78.0,0.0,0,5.0,0.0,0.0,0,0,3,0,0,0,180,77,0,0,0,73,0,63,0,68,0,76,0,76,0,66,0,70,0,70,0,69,0,70,0,69,0,68,0,71,0,67,0,0,1,4,0,0,0,0,0,0,,Degenkolb_John,0,0,0,0,"(4,77,25)",0,0,0.0,0,0,0.0,0,2,3,0,0,0,2012,48,10,1,7,9,14,12,0,0
1380,Doubey,Fabien,Doubey F.,25,309,0,0,0,fdoubey,19931021,0.0,0.0,0,3.5,0.0,0.0,0,0,3,0,0,0,174,62,0,0,0,66,0,71,0,72,0,75,0,65,0,66,0,68,0,66,0,70,0,67,0,69,0,68,0,73,0,63,0,0,0,0,0,0,0,0,0,0,,Doubey_Fabien,0,0,0,0,(),0,0,0.0,0,0,0.0,0,0,0,0,0,0,2017,1,1,0,1,0,0,0,8,0
1381,Biermans,Jenthe,Biermans J.,34,402,0,0,0,jbiermans,19951030,0.0,0.0,0,4.0,0.0,0.0,0,0,3,0,0,0,184,78,0,0,0,75,0,57,0,62,0,70,0,73,0,64,0,64,0,75,0,74,0,69,0,71,0,66,0,73,0,65,0,0,0,0,0,0,0,0,0,0,,Biermans_Jenthe,0,0,0,0,(),0,0,0.0,0,0,0.0,0,0,0,0,0,0,2017,3,1,3,1,1,3,8,0,0
1820,Arashiro,Yukiya,Arashiro Y.,93,2101,0,0,0,yarashiro,19840922,15.0,0.0,0,3.5,0.0,0.0,0,0,3,0,0,9,171,65,0,0,0,67,0,68,0,70,0,71,0,64,0,63,0,66,0,67,0,73,0,67,0,67,0,69,0,71,0,74,0,0,0,0,0,0,0,0,2,0,,Arashiro_Yukiya,0,0,0,0,(),0,0,0.0,0,0,0.0,0,0,0,0,0,0,2009,8,7,5,4,4,0,1,7,2
1936,Kruijswijk,Steven,Kruijswijk S.,14,507,0,0,0,skruijswijk,19870607,18.0,0.0,0,4.5,0.0,0.0,0,0,3,0,0,0,178,64,0,0,0,67,0,73,0,73,0,64,0,65,0,70,0,70,0,60,0,62,0,67,0,65,0,71,0,72,0,67,0,0,3,1,0,0,0,0,0,0,,Kruijswijk_Steven,0,0,0,0,"(173,25,5)",0,0,0.0,0,0,0.0,0,0,0,0,0,0,2010,2,7,9,7,0,0,0,1,8
1959,Ulissi,Diego,Ulissi D.,12,209,0,0,0,dulissi,19890715,35.0,0.0,0,5.0,0.0,0.0,0,0,3,0,0,0,175,63,0,0,0,71,0,68,0,74,0,68,0,64,0,70,0,71,0,71,0,74,0,70,0,72,0,71,0,76,0,71,0,0,2,4,0,0,0,0,0,0,,Ulissi_Diego,0,0,0,0,(),0,0,0.0,0,0,0.0,0,0,0,0,0,0,2010,49,1,12,1,12,0,0,12,13
1975,Oliveira,Nelson,Oliveira N.,1,2902,0,0,0,noliveira,19890306,0.0,0.0,0,4.5,0.0,0.0,0,0,3,0,0,0,180,67,0,0,0,72,0,71,0,71,0,67,0,68,0,71,0,71,0,58,0,63,0,68,0,66,0,68,0,71,0,70,0,0,0,0,0,0,0,0,3,0,,Oliveira_Nelson,0,0,0,0,(),0,0,0.0,0,0,0.0,0,0,0,0,0,0,2010,6,9,3,10,1,5,5,3,5
1978,De la Cruz,David,De la Cruz D.,97,809,0,0,0,ddelacruz,19890506,1.3,0.0,0,4.0,0.0,0.0,0,0,3,0,0,0,182,66,0,0,0,70,0,74,0,74,0,71,0,61,0,68,0,69,0,58,0,68,0,69,0,69,0,71,0,73,0,74,0,0,0,0,0,0,0,0,1,0,,De-La-Cruz_David,0,0,0,0,(),0,0,0.0,0,0,0.0,0,0,0,0,0,0,2012,6,3,4,11,1,0,0,8,5
1981,Kwiatkowski,Michał,Kwiatkowski M.,2,3001,0,0,0,mkwiatkowski,19900602,0.0,0.0,0,5.0,0.0,0.0,0,0,3,0,0,0,176,68,0,0,0,73,0,69,0,72,0,81,0,72,0,74,0,76,0,69,0,73,0,72,0,73,0,72,0,74,0,69,0,0,3,3,0,0,0,0,35,0,,Kwiatkowski_Michal,0,0,0,0,"(359,25,248)",0,0,0.0,0,0,0.0,0,5,3,0,0,0,2011,32,10,1,3,12,5,2,13,6
1991,Izagirre,Ion,Izagirre I.,34,816,0,0,0,iizagirre,19890204,10.6,0.0,0,4.5,0.0,0.0,0,0,3,0,0,0,173,60,0,0,0,69,0,74,0,77,0,76,0,63,0,72,0,72,0,66,0,72,0,76,0,76,0,75,0,78,0,75,0,0,0,0,0,0,0,0,3,0,,Izagirre_Ion,0,0,0,0,(),0,0,0.0,0,0,0.0,0,0,0,0,0,0,2011,18,11,3,5,3,1,2,11,11
1992,Landa,Mikel,Landa M.,10,816,0,0,0,mlanda,19891213,8.0,0.0,0,5.0,0.0,0.0,0,0,3,0,0,0,173,60,0,0,0,66,0,78,0,78,0,75,0,63,0,67,0,66,0,55,0,70,0,75,0,73,0,76,0,76,0,75,0,0,4,2,0,0,0,0,0,0,,Landa_Mikel,0,0,0,0,"(172,135,12)",0,0,0.0,0,0,0.0,0,2,2,0,0,0,2011,16,7,8,9,2,0,0,5,12
2046,Quintana,Nairo,Quintana N.,1,1101,0,0,0,nquintana,19900204,0.0,0.0,0,5.5,0.0,0.0,0,0,3,0,0,13,167,58,0,0,0,67,0,73,0,73,0,74,0,67,0,64,0,64,0,60,0,69,0,69,0,69,0,71,0,73,0,68,0,0,0,0,0,0,0,0,0,0,,Quintana_Nairo,0,0,0,0,(),0,0,0.0,0,0,0.0,0,0,0,0,0,0,0,51,9,4,7,0,0,0,2,6
2123,Juul-Jensen,Christopher,Juul-Jensen C.,20,1001,0,0,0,cjuul-jensen,19890706,4.75,0.0,0,3.5,0.0,0.0,0,0,3,0,0,0,183,70,0,0,0,73,0,66,0,69,0,78,0,71,0,68,0,68,0,62,0,64,0,67,0,67,0,68,0,70,0,71,0,0,0,0,0,0,0,0,1,0,,Juul-Jensen_Christopher,0,0,0,0,"(11,135,175)",0,0,0.0,0,0,0.0,0,0,0,0,0,0,2012,3,7,7,2,6,5,4,6,3
2268,Tratnik,Jan,Tratnik J.,33,2801,0,0,0,jtratnik,19900223,2.0,0.0,0,4.5,0.0,0.0,0,0,3,0,0,0,173,67,0,0,0,75,0,67,0,73,0,72,0,73,0,74,0,74,0,64,0,67,0,73,0,70,0,70,0,74,0,68,0,0,3,3,0,0,0,0,3,0,,Tratnik_Jan,0,0,0,0,"(43,135)",0,0,0.0,0,0,0.0,0,0,0,0,0,0,2011,12,3,6,2,3,2,1,1,3
2303,Herrada,Jesús,Herrada J.,92,807,0,0,0,jherrada,19900726,0.0,0.0,0,4.5,0.0,0.0,0,0,3,0,0,0,183,70,0,0,0,68,0,74,0,75,0,67,0,61,0,70,0,73,0,67,0,73,0,72,0,71,0,70,0,75,0,72,0,0,0,0,0,0,0,0,2,0,,Herrada_Jesus,0,0,0,0,(),0,0,0.0,0,0,0.0,0,0,0,0,0,0,2011,21,8,1,7,0,3,4,10,6
2318,Vermote,Julien,Vermote J.,119,402,0,0,0,jvermote,19890726,0.0,0.0,0,3.5,0.0,0.0,0,0,3,0,0,0,179,71,0,0,0,74,0,60,0,65,0,69,0,72,0,70,0,69,0,60,0,65,0,66,0,64,0,68,0,70,0,68,0,0,1,3,0,0,0,0,0,0,,Vermote_Julien,0,0,0,0,(),0,0,0.0,0,0,0.0,0,0,0,0,0,0,0,3,4,3,0,5,5,6,6,1
2319,Matthews,Michael,Matthews M.,20,2001,0,0,0,mmatthews,19900926,0.0,0.0,0,5.0,0.0,0.0,0,0,3,0,0,0,180,72,0,0,0,72,0,65,0,72,0,81,0,73,0,73,0,78,0,74,0,78,0,76,0,79,0,71,0,77,0,69,0,0,3,5,0,0,0,0,0,0,,Matthews_Michael,0,0,0,0,"(77,173,175)",0,0,0.0,0,0,0.0,0,2,2,0,0,0,2011,43,8,4,3,12,6,0,8,4
2321,Vermeltfoort,Coen,Vermeltfoort C.,119,507,0,0,0,cvermeltfoort,19880411,0.0,0.0,0,3.5,0.0,0.0,0,0,3,0,0,0,189,83,0,0,0,71,0,54,0,59,0,70,0,66,0,66,0,70,0,71,0,70,0,65,0,64,0,69,0,64,0,59,0,0,0,0,0,0,0,0,0,0,,Vermeltfoort_Coen,0,0,0,0,(),0,0,0.0,0,0,0.0,0,0,0,0,0,0,0,2,0,0,0,0,3,2,0,0
2346,Skujiņš,Toms,Skujiņš T.,11,1601,0,0,0,tskujins,19910615,0.0,0.0,0,5.0,0.0,0.0,0,0,3,0,0,0,180,72,0,0,0,74,0,68,0,73,0,73,0,76,0,71,0,70,0,69,0,73,0,78,0,80,0,72,0,76,0,80,0,0,3,4,0,0,0,0,192,0,,Skujins_Toms,0,0,0,0,"(11,43,175)",0,0,0.0,0,0,0.0,0,0,0,0,0,0,2011,14,7,1,1,6,5,2,7,5
2386,Boivin,Guillaume,Boivin G.,42,2201,0,0,0,gboivin,19890525,0.0,0.0,0,4.0,0.0,0.0,0,0,3,0,0,0,180,76,0,0,0,73,0,60,0,66,0,67,0,74,0,64,0,66,0,70,0,70,0,69,0,68,0,67,0,71,0,65,0,0,0,0,0,0,0,0,2,0,,Boivin_Guillaume,0,0,0,0,(),0,0,0.0,0,0,0.0,0,0,0,0,0,0,2011,5,5,2,2,3,5,6,2,1
2389,Houle,Hugo,Houle H.,37,2201,0,0,0,hhoule,19900927,0.0,0.0,0,4.0,0.0,0.0,0,0,3,0,0,0,182,72,0,0,0,74,0,69,0,72,0,72,0,72,0,72,0,72,0,63,0,69,0,71,0,69,0,73,0,73,0,73,0,0,0,0,0,0,0,0,1,0,,Houle_Hugo,0,0,0,0,(),0,0,0.0,0,0,0.0,0,0,0,0,0,0,2013,3,6,3,1,6,11,8,4,2
2422,Bilbao,Pello,Bilbao P.,13,816,0,0,0,pbilbao,19900225,0.0,0.0,0,5.0,0.0,0.0,0,0,3,0,0,0,169,60,0,0,0,71,0,78,0,77,0,83,0,67,0,73,0,72,0,69,0,70,0,73,0,72,0,75,0,77,0,75,0,0,3,2,0,0,0,0,1,0,,Bilbao_Pello,0,0,0,0,"(135,12)",0,0,0.0,0,0,0.0,0,0,0,0,0,0,2011,17,5,7,5,1,2,1,4,3
2441,Haller,Marco,Haller M.,125,3701,0,0,0,mhaller,19910401,0.0,0.0,0,4.0,0.0,0.0,0,0,3,0,0,200,178,72,0,0,0,76,0,58,0,65,0,77,0,73,0,68,0,71,0,69,0,69,0,70,0,71,0,68,0,72,0,64,0,0,0,0,0,0,0,0,2,0,,Haller_Marco,0,0,0,0,"(175,4,25)",0,0,0.0,0,0,0.0,0,0,0,0,0,0,2012,6,10,1,1,9,12,12,0,0
2452,Bennett,Sam,Bennett S.,97,3101,0,0,0,sbennett,19901016,0.0,0.0,0,4.5,0.0,0.0,0,0,3,0,0,0,178,73,0,0,0,71,0,58,0,63,0,75,0,67,0,62,0,66,0,75,0,75,0,69,0,72,0,71,0,68,0,66,0,0,0,0,0,0,0,0,2,0,,Bennett_Sam,0,0,0,0,(25),0,0,0.0,0,0,0.0,0,0,0,0,0,0,2014,71,4,3,3,7,1,2,0,0
2505,Valgren,Michael,Valgren M.,5,1004,0,0,0,mvalgren,19920207,0.0,0.0,0,5.0,0.0,0.0,0,0,3,0,0,0,179,71,0,0,0,73,0,66,0,68,0,72,0,74,0,70,0,70,0,68,0,73,0,70,0,72,0,67,0,74,0,76,0,0,2,3,0,0,0,0,2,0,,Valgren_Michael,0,0,0,0,(),0,0,0.0,0,0,0.0,0,0,0,0,0,0,2014,8,8,1,2,6,7,1,7,1
2510,Sütterlin,Jasha,Sütterlin J.,20,716,0,0,0,jsutterlin,19921104,0.0,0.0,0,4.0,0.0,0.0,0,0,3,0,0,0,184,78,0,0,0,73,0,64,0,68,0,71,0,72,0,73,0,71,0,65,0,64,0,67,0,67,0,70,0,72,0,71,0,0,0,0,0,0,0,0,0,0,,Sutterlin_Jasha,0,0,0,0,(),0,0,0.0,0,0,0.0,0,0,0,0,0,0,2014,1,2,5,4,7,9,9,0,3
2515,Bizkarra,Mikel,Bizkarra M.,100,816,0,0,0,mbizkarra,19890821,0.0,0.0,0,4.0,0.0,0.0,0,0,3,0,0,0,165,53,0,0,0,65,0,71,0,72,0,67,0,57,0,60,0,59,0,57,0,63,0,68,0,67,0,71,0,72,0,70,0,0,0,0,0,0,0,0,0,0,,Bizkarra_Mikel,0,0,0,0,(),0,0,0.0,0,0,0.0,0,0,0,0,0,0,2018,1,0,0,5,0,0,0,0,0
2523,Bennett,George,Bennett G.,42,3401,0,0,0,gbennett,19900407,0.0,0.0,0,4.5,0.0,0.0,0,0,3,0,0,0,180,58,0,0,0,66,0,73,0,74,0,71,0,63,0,69,0,66,0,63,0,71,0,69,0,68,0,71,0,74,0,70,0,0,0,0,0,0,0,0,2,0,,Bennett_George,0,0,0,0,(),0,0,0.0,0,0,0.0,0,0,0,0,0,0,2012,3,5,3,9,0,0,0,4,8
2542,Molard,Rudy,Molard R.,6,322,0,0,0,rmolard,19890917,0.0,0.0,0,4.0,0.0,0.0,0,0,3,0,0,1,178,62,0,0,0,71,0,73,0,73,0,74,0,64,0,64,0,67,0,63,0,70,0,71,0,71,0,72,0,75,0,71,0,0,3,3,0,0,0,0,0,0,,Molard_Rudy,0,0,0,0,(),0,0,0.0,0,0,0.0,0,0,0,0,0,0,2012,2,6,3,7,1,1,0,11,8
2554,Kelderman,Wilco,Kelderman W.,14,510,0,0,0,wkelderman,19910325,0.0,0.0,0,4.5,0.0,0.0,0,0,3,0,0,0,185,65,0,0,0,71,0,76,0,78,0,66,0,66,0,75,0,76,0,67,0,69,0,70,0,70,0,70,0,74,0,69,0,0,4,2,0,0,0,0,0,0,,Kelderman_Wilco,0,0,0,0,(25),0,0,0.0,0,0,0.0,0,0,0,0,0,0,2012,4,6,6,7,0,0,0,3,11
2626,Groenewegen,Dylan,Groenewegen D.,107,508,0,0,0,dgroenewegen,19930621,10.0,0.0,0,5.0,0.0,0.0,0,0,3,0,0,0,177,70,0,0,0,73,0,57,0,60,0,72,0,69,0,60,0,61,0,79,0,77,0,70,0,73,0,69,0,64,0,65,0,0,3,3,0,0,0,0,2,0,,Groenewegen_Dylan,0,0,0,0,(),0,0,0.0,0,0,0.0,0,0,0,0,0,0,2015,77,8,1,0,1,1,3,0,0
2628,Ottema,Rick,Ottema R.,119,505,0,0,0,rottema,19920625,10.0,0.0,0,2.5,0.0,0.0,0,0,3,0,0,0,192,77,0,0,0,72,0,60,0,64,0,65,0,66,0,65,0,66,0,63,0,65,0,65,0,63,0,67,0,67,0,73,0,0,0,0,0,0,0,0,0,0,,Ottema_Rick,0,0,0,0,(),0,0,0.0,0,0,0.0,0,0,0,0,0,0,0,0,0,0,0,0,0,0,0,0
2636,Havik,Yoeri,Havik Y.,119,508,0,0,0,yhavik,19910219,8.0,0.0,0,3.0,0.0,0.0,0,0,3,0,0,0,179,66,0,0,0,70,0,56,0,59,0,66,0,65,0,65,0,61,0,70,0,71,0,63,0,61,0,61,0,61,0,62,0,0,0,0,0,0,0,0,0,0,,Havik_Yoeri,0,0,0,0,(),0,0,0.0,0,0,0.0,0,0,0,0,0,0,0,0,0,0,0,0,0,0,0,0
2650,Schulting,Peter,Schulting P.,119,502,0,0,0,pschulting,19870819,10.0,0.0,0,1.5,0.0,0.0,0,0,3,0,0,0,182,68,0,0,0,65,0,54,0,59,0,69,0,63,0,59,0,58,0,61,0,63,0,60,0,60,0,62,0,64,0,55,0,0,0,0,0,0,0,0,0,0,,Schulting_Peter,0,0,0,0,(),0,0,0.0,0,0,0.0,0,0,0,0,0,0,0,3,0,0,0,0,0,0,0,0
2678,Kamp,Alexander,Kamp A.,99,1001,0,0,0,akamp,19931214,10.0,0.0,0,4.5,0.0,0.0,0,0,3,0,0,0,186,74,0,0,0,69,0,63,0,67,0,71,0,66,0,66,0,67,0,68,0,69,0,67,0,68,0,68,0,71,0,68,0,0,0,0,0,0,0,0,2,0,,Kamp_Alexander,0,0,0,0,"(25,173)",0,0,0.0,0,0,0.0,0,0,0,0,0,0,2012,5,0,1,1,1,0,0,3,0
2683,Trentin,Matteo,Trentin M.,125,205,0,0,0,mtrentin,19890802,15.0,0.0,0,4.5,0.0,0.0,0,0,3,0,0,0,179,74,0,0,0,75,0,65,0,70,0,75,0,76,0,69,0,68,0,73,0,74,0,76,0,76,0,76,0,75,0,74,0,0,2,4,0,0,0,0,8,0,,Trentin_Matteo,0,0,0,0,"(11,4,13)",0,0,0.0,0,0,0.0,0,0,0,0,0,0,2011,32,8,3,3,11,13,10,0,3
2697,Durbridge,Luke,Durbridge L.,20,2001,0,0,0,ldurbridge,19910409,0.0,0.0,0,4.5,0.0,0.0,0,0,3,0,0,0,187,78,0,0,0,74,0,66,0,68,0,71,0,74,0,71,0,70,0,59,0,64,0,67,0,67,0,70,0,70,0,65,0,0,0,0,0,0,0,0,131,0,,Durbridge_Luke,0,0,0,0,(),0,0,0.0,0,0,0.0,0,0,0,0,0,0,2012,15,11,4,1,5,10,10,1,1
2715,Van Asbroeck,Tom,Van Asbroeck T.,42,402,0,0,0,tvanasbroeck,19900419,0.0,0.0,0,3.5,0.0,0.0,0,0,3,0,0,0,182,72,0,0,0,73,0,61,0,66,0,74,0,73,0,65,0,65,0,73,0,71,0,69,0,73,0,68,0,72,0,68,0,0,0,0,0,0,0,0,0,0,,Van-Asbroeck_Tom,0,0,0,0,(),0,0,0.0,0,0,0.0,0,0,0,0,0,0,2012,5,1,1,3,3,10,8,0,0
2799,Furtin,Filippo,Furtin F.,112,206,0,0,0,,19890201,0.0,0.0,0,3.5,0.0,0.0,0,0,3,0,0,0,183,78,0,0,0,71,0,56,0,61,0,72,0,65,0,64,0,69,0,72,0,71,0,66,0,65,0,71,0,65,0,58,0,0,0,0,0,0,0,0,0,0,,Fortin_Filippo,0,0,0,0,(),0,0,0.0,0,0,0.0,0,0,0,0,0,0,0,4,0,0,0,2,1,1,0,0
2800,Laengen,Vegard Stake,Laengen V.S.,16,3501,0,0,0,vslaengen,19890207,0.0,0.0,0,3.5,0.0,0.0,0,0,3,0,0,0,194,79,0,0,0,74,0,63,0,67,0,68,0,71,0,69,0,69,0,62,0,64,0,66,0,65,0,69,0,70,0,75,0,0,2,1,0,0,0,0,2,0,,Laengen_Vegard-Stake,0,0,0,0,(),0,0,0.0,0,0,0.0,0,0,0,0,0,0,2012,1,6,3,2,3,8,6,6,1
2804,Manakov,Victor,Manakov V.,119,1501,0,0,0,vmanakov,19920609,0.0,0.0,0,2.5,0.0,0.0,0,0,3,0,0,0,180,77,0,0,0,68,0,59,0,63,0,66,0,60,0,67,0,67,0,66,0,65,0,63,0,64,0,68,0,66,0,67,0,0,0,0,0,0,0,0,0,0,,Manakov_Victor,0,0,0,0,(),0,0,0.0,0,0,0.0,0,0,0,0,0,0,0,0,0,0,0,0,0,0,0,0
2845,Pellaud,Simon,Pellaud S.,119,1702,0,0,0,spellaud,19921106,0.0,0.0,0,3.5,0.0,0.0,0,0,3,0,0,0,179,70,0,0,0,68,0,70,0,70,0,72,0,64,0,64,0,63,0,64,0,67,0,66,0,64,0,66,0,71,0,73,0,0,0,0,0,0,0,0,0,0,,Pellaud_Simon,0,0,0,0,(),0,0,0.0,0,0,0.0,0,0,0,0,0,0,2015,3,0,2,2,1,0,0,0,2
2853,Verona,Carlos,Verona C.,11,814,0,0,0,cverona,19921104,0.0,0.0,0,4.0,0.0,0.0,0,0,3,0,0,0,186,68,0,0,0,70,0,74,0,75,0,70,0,58,0,63,0,68,0,55,0,67,0,69,0,68,0,72,0,73,0,75,0,0,3,2,0,0,0,0,0,0,,Verona_Carlos,0,0,0,0,(18),0,0,0.0,0,0,0.0,0,0,0,0,0,0,2013,2,5,4,8,0,0,0,7,7
2893,Silva,Bruno,Silva B.,119,2901,0,0,0,,19880517,0.0,0.0,0,3.5,0.0,0.0,0,0,3,0,0,0,170,59,0,0,0,65,0,68,0,69,0,66,0,56,0,65,0,65,0,56,0,61,0,63,0,66,0,68,0,69,0,75,0,0,0,0,0,0,0,0,0,0,,Silva_Bruno,0,0,0,0,(),0,0,0.0,0,0,0.0,0,0,0,0,0,0,0,0,0,0,0,0,0,0,0,0
2897,Arndt,Nikias,Arndt N.,13,709,0,0,0,narndt,19911118,0.0,0.0,0,4.0,0.0,0.0,0,0,3,0,0,0,188,77,0,0,0,73,0,60,0,66,0,66,0,64,0,66,0,69,0,71,0,71,0,72,0,70,0,72,0,72,0,74,0,0,0,0,0,0,0,0,0,0,,Arndt_Nikias,0,0,0,0,(25),0,0,0.0,0,0,0.0,0,0,0,0,0,0,2013,7,6,3,5,6,11,7,1,0
3001,Konrad,Patrick,Konrad P.,11,3701,0,0,0,pkonrad,19911013,0.0,0.0,0,4.5,0.0,0.0,0,0,3,0,0,0,180,65,0,0,0,68,0,72,0,74,0,72,0,65,0,67,0,69,0,65,0,72,0,71,0,73,0,73,0,75,0,74,0,0,3,1,0,0,0,0,2,0,,Konrad_Patrick,0,0,0,0,(),0,0,0.0,0,0,0.0,0,0,0,0,0,0,2015,3,5,5,2,1,0,0,9,7
3011,Cort Nielsen,Magnus,Cort Nielsen M.,99,1004,0,0,0,mcortnielsen,19930116,0.0,0.0,0,5.0,0.0,0.0,0,0,3,0,0,0,183,68,0,0,0,76,0,68,0,75,0,70,0,72,0,74,0,75,0,73,0,73,0,78,0,75,0,74,0,76,0,78,0,0,3,3,0,0,0,0,0,0,,Cort-Nielsen_Magnus,0,0,0,0,(),0,0,0.0,0,0,0.0,0,0,0,0,0,0,2015,34,7,2,4,7,5,5,1,1
3022,Barguil,Warren,Barguil W.,15,305,0,0,0,wbarguil,19911028,67.0,0.0,0,5.0,0.0,0.0,0,0,3,0,0,0,182,61,0,0,0,69,0,73,0,74,0,77,0,71,0,62,0,65,0,67,0,74,0,71,0,72,0,74,0,75,0,70,0,0,3,3,0,0,0,0,2,0,,Barguil_Warren,0,0,0,0,"(25,87,74)",0,0,0.0,0,0,0.0,0,3,3,0,0,0,2013,8,11,1,4,3,1,0,10,10
3024,Mezgec,Luka,Mezgec L.,20,2801,0,0,0,lmezgec,19880627,0.0,0.0,0,4.5,0.0,0.0,0,0,3,0,0,0,183,72,0,0,0,72,0,63,0,69,0,73,0,71,0,63,0,66,0,72,0,71,0,67,0,67,0,73,0,72,0,63,0,0,0,0,0,0,0,0,2,0,,Mezgec_Luka,0,0,0,0,"(25,91,175)",0,0,0.0,0,0,0.0,0,0,0,0,0,0,2013,19,6,6,4,6,8,6,0,1
3026,Warbasse,Larry,Warbasse L.,125,601,0,0,0,lwarbasse,19900628,0.0,0.0,0,4.0,0.0,0.0,0,0,3,0,0,0,183,67,0,0,0,69,0,72,0,73,0,68,0,64,0,72,0,71,0,56,0,64,0,67,0,66,0,70,0,73,0,70,0,0,0,0,0,0,0,0,2,0,,Warbasse_Larry,0,0,0,0,"(87,5,135)",0,0,0.0,0,0,0.0,0,0,0,0,0,0,2013,2,0,7,5,5,0,0,7,9
3028,van Poppel,Danny,van Poppel D.,33,507,0,0,0,dvanpoppel,19930726,0.0,0.0,0,4.5,0.0,0.0,0,0,3,0,0,0,183,78,0,0,0,73,0,60,0,65,0,72,0,74,0,64,0,73,0,78,0,75,0,71,0,72,0,70,0,71,0,64,0,0,4,3,0,0,0,0,128,0,,Van-Poppel_Danny,0,0,0,0,(77),0,0,0.0,0,0,0.0,0,0,0,0,0,0,2013,24,7,2,3,8,6,4,1,0
3030,Wellens,Tim,Wellens T.,16,402,0,0,0,twellens,19910510,0.0,0.0,0,5.0,0.0,0.0,0,0,3,0,0,0,183,65,0,0,0,77,0,69,0,75,0,78,0,77,0,72,0,74,0,68,0,74,0,78,0,77,0,71,0,77,0,76,0,0,3,4,0,0,0,0,129,0,,Wellens_Tim,0,0,0,0,"(11,24,25)",0,0,0.0,0,0,0.0,0,3,5,0,0,0,2012,41,6,3,1,6,7,2,10,10
3041,Jungels,Bob,Jungels B.,2,1901,0,0,0,bjungels,19920922,0.0,0.0,0,5.0,0.0,0.0,0,0,3,0,0,0,188,70,0,0,0,73,0,65,0,71,0,80,0,69,0,73,0,71,0,64,0,64,0,68,0,66,0,68,0,73,0,69,0,0,2,2,0,0,0,0,67,0,,Jungels_Bob,0,0,0,0,"(25,15,87)",0,0,0.0,0,0,0.0,0,0,0,0,0,0,2013,27,6,4,4,3,3,1,7,5
3044,Lutsenko,Alexey,Lutsenko A.,42,1301,0,0,0,alutsenko,19920907,0.0,0.0,0,4.5,0.0,0.0,0,0,3,0,0,0,174,74,0,0,0,71,0,70,0,74,0,77,0,70,0,70,0,73,0,67,0,69,0,66,0,66,0,67,0,74,0,76,0,0,2,2,0,0,0,0,3,0,,Lutsenko_Alexey,0,0,0,0,(),0,0,0.0,0,0,0.0,0,0,0,0,0,0,2013,41,10,2,3,6,4,0,8,1
3048,Cattaneo,Mattia,Cattaneo M.,33,204,0,0,0,mcattaneo,19901025,0.0,0.0,0,4.0,0.0,0.0,0,0,3,0,0,0,184,68,0,0,0,74,0,72,0,74,0,68,0,65,0,77,0,77,0,60,0,65,0,70,0,70,0,74,0,73,0,71,0,0,0,0,0,0,0,0,0,0,,Cattaneo_Mattia,0,0,0,0,(),0,0,0.0,0,0,0.0,0,0,0,0,0,0,2013,4,3,6,5,6,1,0,2,7
3056,Sepúlveda,Eduardo,Sepúlveda E.,119,4601,0,0,0,esepulveda,19910613,0.0,0.0,0,4.0,0.0,0.0,0,0,3,0,0,0,173,51,0,0,0,67,0,71,0,71,0,65,0,65,0,68,0,67,0,65,0,69,0,66,0,66,0,67,0,70,0,71,0,0,0,0,0,0,0,0,0,0,,Sepulveda_Eduardo,0,0,0,0,(),0,0,0.0,0,0,0.0,0,0,0,0,0,0,2013,6,4,4,3,1,0,1,1,4
3059,Berhane,Natnael,Berhane N.,119,4101,0,0,0,nberhane,19910105,0.0,0.0,0,3.5,0.0,0.0,0,0,3,0,0,15,182,66,0,0,0,71,0,70,0,71,0,65,0,58,0,63,0,64,0,65,0,69,0,66,0,65,0,69,0,72,0,73,0,0,0,0,0,0,0,0,2,0,,Berhane_Natnael,0,0,0,0,(),0,0,0.0,0,0,0.0,0,0,0,0,0,0,2013,9,2,3,3,0,0,0,2,5
3060,Coquard,Bryan,Coquard B.,34,318,0,0,0,bcoquard,19920425,0.0,0.0,0,4.5,0.0,0.0,0,0,3,0,0,0,169,58,0,0,0,70,0,61,0,67,0,76,0,69,0,66,0,74,0,74,0,76,0,68,0,73,0,70,0,74,0,65,0,0,4,3,0,0,0,0,0,0,,Coquard_Bryan,0,0,0,0,(),0,0,0.0,0,0,0.0,0,1,4,0,0,0,2013,53,8,0,4,3,4,0,0,0
3068,Reguigui,Youcef,Reguigui Y.,119,5501,0,0,0,yreguigui,19900109,0.0,0.0,0,3.5,0.0,0.0,0,0,3,0,0,200,172,69,0,0,0,68,0,60,0,63,0,70,0,64,0,60,0,62,0,67,0,67,0,63,0,63,0,65,0,67,0,61,0,0,0,0,0,0,0,0,0,0,,Reguigui_Youcef,0,0,0,0,(),0,0,0.0,0,0,0.0,0,0,0,0,0,0,0,11,0,0,2,0,2,0,0,0
3088,Černý,Josef,Černý J.,58,3301,0,0,0,jcerny,19930511,0.0,0.0,0,4.0,0.0,0.0,0,0,3,0,0,0,188,77,0,0,0,76,0,61,0,66,0,65,0,68,0,75,0,76,0,61,0,63,0,67,0,69,0,72,0,69,0,69,0,0,0,0,0,0,0,0,3,0,,Cerny_Josef,0,0,0,0,(),0,0,0.0,0,0,0.0,0,0,0,0,0,0,2013,11,0,5,1,2,1,0,1,0
3098,Fornandez,Ruben,Fornandez R.,105,817,0,0,0,,19910301,0.0,0.0,0,4.0,0.0,0.0,0,0,3,0,0,0,177,60,0,0,0,66,0,71,0,73,0,67,0,58,0,65,0,66,0,63,0,65,0,66,0,67,0,71,0,73,0,65,0,0,0,0,0,0,0,0,0,0,,Fernandez_Ruben,0,0,0,0,"(294,25,18)",0,0,0.0,0,0,0.0,0,0,0,0,0,0,2013,0,1,3,5,0,0,0,3,2
3107,Lozano,David,Lozano D.,123,809,0,0,0,dlozano,19881221,0.0,0.0,0,3.0,0.0,0.0,0,0,3,0,0,0,178,64,0,0,0,66,0,67,0,67,0,74,0,67,0,62,0,63,0,65,0,65,0,64,0,66,0,69,0,68,0,67,0,0,0,0,0,0,0,0,0,0,,Lozano_David,0,0,0,0,(),0,0,0.0,0,0,0.0,0,0,0,0,0,0,0,0,0,0,0,6,0,0,0,0
3109,Peron,Andrea,Peron A.,123,206,0,0,0,aperon,19881028,0.0,0.0,0,3.0,0.0,0.0,0,0,3,0,0,0,177,71,0,0,0,70,0,57,0,63,0,68,0,61,0,59,0,58,0,70,0,70,0,65,0,65,0,65,0,67,0,59,0,0,0,0,0,0,0,0,0,0,,Peron_Andrea,0,0,0,0,(),0,0,0.0,0,0,0.0,0,0,0,0,0,0,0,0,0,0,0,5,0,0,0,0
3117,Maikin,Roman,Maikin R.,119,1501,0,0,0,rmaikin,19900814,0.0,0.0,0,3.5,0.0,0.0,0,0,3,0,0,0,175,66,0,0,0,69,0,71,0,71,0,67,0,64,0,66,0,66,0,67,0,70,0,65,0,66,0,67,0,71,0,61,0,0,0,0,0,0,0,0,0,0,,Maikin_Roman,0,0,0,0,(),0,0,0.0,0,0,0.0,0,0,0,0,0,0,0,2,0,0,0,1,0,0,0,0
3123,De Buyst,Jasper,De Buyst J.,9,402,0,0,0,jdebuyst,19931124,0.0,0.0,0,4.0,0.0,0.0,0,0,3,0,0,0,178,68,0,0,0,70,0,61,0,67,0,70,0,71,0,69,0,72,0,71,0,71,0,68,0,70,0,69,0,71,0,65,0,0,0,0,0,0,0,0,0,0,,De-Buyst_Jasper,0,0,0,0,(),0,0,0.0,0,0,0.0,0,0,0,0,0,0,2013,6,6,3,2,5,5,2,0,0
3125,Lampaert,Yves,Lampaert Y.,10,402,0,0,0,ylampaert,19910410,0.0,0.0,0,5.0,0.0,0.0,0,0,3,0,0,0,180,75,0,0,0,73,0,61,0,66,0,71,0,74,0,75,0,76,0,69,0,70,0,69,0,69,0,68,0,70,0,70,0,0,2,3,0,0,0,0,3,0,,Lampaert_Yves,0,0,0,0,(4),0,0,0.0,0,0,0.0,0,0,0,0,0,0,2013,16,5,0,2,3,11,10,0,0
3140,Großschartner,Felix,Großschartner F.,16,3701,0,0,0,fgrosschartner,19931223,0.0,0.0,0,4.5,0.0,0.0,0,0,3,0,0,0,184,64,0,0,0,71,0,72,0,76,0,73,0,65,0,77,0,72,0,61,0,71,0,71,0,72,0,73,0,76,0,66,0,0,3,2,0,0,0,0,67,0,,Grossschartner_Felix,0,0,0,0,(),0,0,0.0,0,0,0.0,0,0,0,0,0,0,2016,9,3,4,4,2,0,0,2,3
3150,Ziidl,Riccardo,Ziidl R.,112,3701,0,0,0,,19880408,0.0,0.0,0,4.0,0.0,0.0,0,0,3,0,0,0,177,62,0,0,0,66,0,72,0,71,0,69,0,58,0,66,0,65,0,63,0,69,0,66,0,66,0,68,0,71,0,65,0,0,0,0,0,0,0,0,2,0,,Zoidl_Riccardo,0,0,0,0,(),0,0,0.0,0,0,0.0,0,0,0,0,0,0,2014,10,0,2,2,0,0,0,0,2
3168,Matias,Joao,Matias J.,119,2901,0,0,0,,19910526,0.0,0.0,0,2.0,0.0,0.0,0,0,3,0,0,0,180,72,0,0,0,64,0,51,0,54,0,63,0,55,0,57,0,55,0,65,0,58,0,58,0,59,0,59,0,57,0,66,0,0,0,0,0,0,0,0,0,0,,Matias_Joao,0,0,0,0,(),0,0,0.0,0,0,0.0,0,0,0,0,0,0,0,3,0,0,0,0,0,0,0,0
3169,Prades,Eduard,Prades E.,35,809,0,0,0,eprades,19870809,0.0,0.0,0,3.5,0.0,0.0,0,0,3,0,0,0,178,63,0,0,0,72,0,69,0,71,0,70,0,68,0,64,0,65,0,69,0,70,0,69,0,71,0,71,0,74,0,69,0,0,0,0,0,0,0,0,0,0,,Prades_Eduard,0,0,0,0,(),0,0,0.0,0,0,0.0,0,0,0,0,0,0,2015,8,0,0,2,0,1,0,1,1
3190,Gate,Aaron,Gate A.,12,3401,0,0,0,agate,19901126,0.0,0.0,0,3.5,0.0,0.0,0,0,3,0,0,0,181,70,0,0,0,74,0,65,0,69,0,69,0,69,0,70,0,71,0,72,0,73,0,71,0,72,0,68,0,75,0,70,0,0,0,0,0,0,0,0,3,0,,Gate_Aaron,0,0,0,0,(190),0,0,0.0,0,0,0.0,0,0,0,0,0,0,0,17,0,0,1,0,0,0,2,0
3197,Mühlberger,Gregor,Mühlberger G.,3,3701,0,0,0,gmuhlberger,19940404,0.0,0.0,0,3.5,0.0,0.0,0,0,3,0,0,0,180,64,0,0,0,68,0,75,0,74,0,74,0,65,0,65,0,68,0,66,0,70,0,70,0,69,0,71,0,73,0,74,0,0,3,2,0,0,0,0,2,0,,Muhlberger_Gregor,0,0,0,0,(25),0,0,0.0,0,0,0.0,0,0,0,0,0,0,2016,9,7,1,3,1,1,0,6,4
3212,Kalojiros,Tomas,Kalojiros T.,119,3301,0,0,0,tkalojiros,19940803,0.0,0.0,0,2.5,0.0,0.0,0,0,3,0,0,0,175,68,0,0,0,64,0,56,0,59,0,65,0,55,0,58,0,58,0,69,0,69,0,60,0,58,0,59,0,62,0,66,0,0,0,0,0,0,0,0,0,0,,Kalojiros_Tomas,0,0,0,0,(),0,0,0.0,0,0,0.0,0,0,0,0,0,0,0,0,0,0,0,0,0,0,0,0
3215,Würtz Schmidt,Mads,Würtz Schmidt M.,119,1001,0,0,0,mwurtzschmidt,19940331,0.0,0.0,0,4.0,0.0,0.0,0,0,3,0,0,0,176,72,0,0,0,73,0,61,0,65,0,69,0,69,0,70,0,70,0,67,0,64,0,66,0,66,0,64,0,69,0,74,0,0,0,0,0,0,0,0,2,0,,Wurtz-Schmidt_Mads,0,0,0,0,(),0,0,0.0,0,0,0.0,0,0,0,0,0,0,2017,4,1,2,1,2,0,5,1,0
3227,Del Pino,Jesus,Del Pino J.,119,807,0,0,0,,19900909,0.0,0.0,0,3.5,0.0,0.0,0,0,3,0,0,0,166,54,0,0,0,59,0,72,0,71,0,65,0,54,0,56,0,55,0,60,0,67,0,62,0,62,0,65,0,70,0,65,0,0,0,0,0,0,0,0,0,0,,Del-Pino_Jesus,0,0,0,0,(),0,0,0.0,0,0,0.0,0,0,0,0,0,0,0,1,0,0,0,0,0,0,0,0
3236,Laverack,Edward,Laverack E.,119,1801,0,0,0,elaverack,19940727,0.0,0.0,0,1.5,0.0,0.0,0,0,3,0,0,0,177,63,0,0,0,64,0,63,0,65,0,65,0,59,0,61,0,61,0,60,0,65,0,61,0,62,0,65,0,66,0,64,0,0,0,0,0,0,0,0,0,0,,Laverack_Edward,0,0,0,0,(),0,0,0.0,0,0,0.0,0,0,0,0,0,0,0,0,0,0,0,0,0,0,0,0
3257,Schachmann,Maximilian,Schachmann M.,10,703,0,0,0,mschachmann,19940109,0.0,0.0,0,4.5,0.0,0.0,0,0,3,0,0,0,183,70,0,0,0,71,0,70,0,75,0,76,0,68,0,74,0,73,0,65,0,72,0,72,0,73,0,76,0,77,0,75,0,0,2,1,0,0,0,0,66,0,,Schachmann_Maximilian,0,0,0,0,"(87,173,25)",0,0,0.0,0,0,0.0,0,0,0,0,0,0,2017,16,4,2,2,2,1,1,5,2
3271,Rois,Rafael,Rois R.,105,2903,0,0,0,,19920715,0.0,0.0,0,3.5,0.0,0.0,0,0,3,0,0,0,190,72,0,0,0,71,0,65,0,68,0,67,0,63,0,71,0,71,0,63,0,68,0,66,0,65,0,68,0,69,0,73,0,0,0,0,0,0,0,0,1,0,,Reis_Rafael,0,0,0,0,(),0,0,0.0,0,0,0.0,0,0,0,0,0,0,0,12,0,0,1,0,0,0,0,0
3277,Ishabashi,Manabu,Ishabashi M.,95,2101,0,0,0,,19921130,0.0,0.0,0,2.0,0.0,0.0,0,0,3,0,0,0,177,68,0,0,0,63,0,66,0,67,0,62,0,56,0,61,0,62,0,58,0,60,0,63,0,61,0,63,0,65,0,65,0,0,0,0,0,0,0,0,0,0,,Ishibashi_Manabu,0,0,0,0,(),0,0,0.0,0,0,0.0,0,0,0,0,0,0,0,0,0,1,0,0,0,0,0,0
3280,Roglič,Primož,Roglič P.,33,2801,0,0,0,proglic,19891029,0.0,0.0,0,6.0,0.0,0.0,0,0,3,0,0,0,177,65,0,0,0,71,0,77,0,78,0,67,0,67,0,77,0,77,0,66,0,76,0,75,0,75,0,76,0,77,0,72,0,0,5,3,0,0,0,0,3,0,,Roglic_Primoz,0,0,0,0,"(25,18,133)",0,0,0.0,0,0,0.0,0,0,0,0,0,0,2016,91,7,4,6,2,0,0,2,6
3288,Hirt,Jan,Hirt J.,42,3301,0,0,0,jhirt,19910121,0.0,0.0,0,4.5,0.0,0.0,0,0,3,0,0,0,181,62,0,0,0,67,0,75,0,74,0,69,0,62,0,63,0,63,0,57,0,68,0,70,0,67,0,70,0,72,0,70,0,0,0,0,0,0,0,0,0,0,,Hirt_Jan,0,0,0,0,(),0,0,0.0,0,0,0.0,0,0,0,0,0,0,2015,5,2,8,6,0,0,0,1,4
3291,Kirsch,Alex,Kirsch A.,34,1901,0,0,0,akirsch,19920612,0.0,0.0,0,4.0,0.0,0.0,0,0,3,0,0,0,194,77,0,0,0,75,0,63,0,68,0,73,0,74,0,71,0,70,0,71,0,70,0,69,0,71,0,70,0,73,0,74,0,0,0,0,0,0,0,0,3,0,,Kirsch_Alex,0,0,0,0,"(11,24,4)",0,0,0.0,0,0,0.0,0,0,0,0,0,0,2015,2,2,1,3,3,5,5,2,0
3295,Thill,Tom,Thill T.,119,1901,0,0,0,tthill,19900331,0.0,0.0,0,3.0,0.0,0.0,0,0,3,0,0,0,189,75,0,0,0,65,0,54,0,58,0,63,0,59,0,64,0,64,0,61,0,60,0,59,0,61,0,57,0,62,0,66,0,0,0,0,0,0,0,0,0,0,,Thill_Tom,0,0,0,0,(),0,0,0.0,0,0,0.0,0,0,0,0,0,0,0,0,0,0,0,0,0,0,0,0
3297,Feng,Chun Kai,Feng C.K.,119,8401,0,0,0,ckfeng,19881102,0.0,0.0,0,3.0,0.0,0.0,0,0,3,0,0,0,170,69,0,0,0,65,0,66,0,67,0,63,0,57,0,64,0,65,0,60,0,67,0,61,0,63,0,68,0,68,0,64,0,0,0,0,0,0,0,0,3,0,,Feng_Chun-Kai,0,0,0,0,(),0,0,0.0,0,0,0.0,0,0,0,0,0,0,2013,8,0,0,0,0,3,3,0,0
3300,Bouwman,Koen,Bouwman K.,20,504,0,0,0,kbouwman,19931202,0.0,0.0,0,4.5,0.0,0.0,0,0,3,0,0,0,178,60,0,0,0,68,0,73,0,73,0,72,0,65,0,71,0,71,0,65,0,73,0,69,0,67,0,74,0,73,0,74,0,0,3,2,0,0,0,0,0,0,,Bouwman_Koen,0,0,0,0,(),0,0,0.0,0,0,0.0,0,0,0,0,0,0,2016,6,0,7,4,1,0,0,3,8
3334,Räim,Mihkel,Räim M.,119,1201,0,0,0,mraim,19930703,0.0,0.0,0,3.0,0.0,0.0,0,0,3,0,0,0,176,70,0,0,0,69,0,57,0,61,0,71,0,65,0,62,0,66,0,72,0,70,0,64,0,63,0,64,0,65,0,61,0,0,0,0,0,0,0,0,2,0,,Raim_Mihkel,0,0,0,0,(),0,0,0.0,0,0,0.0,0,0,0,0,0,0,2017,17,0,0,1,0,0,0,0,0
3341,Robeet,Ludovic,Robeet L.,34,401,0,0,0,lrobeet,19940522,0.0,0.0,0,3.5,0.0,0.0,0,0,3,0,0,0,194,75,0,0,0,73,0,58,0,63,0,66,0,72,0,59,0,61,0,62,0,67,0,69,0,66,0,66,0,68,0,77,0,0,0,0,0,0,0,0,0,0,,Robeet_Ludovic,0,0,0,0,(),0,0,0.0,0,0,0.0,0,0,0,0,0,0,2017,2,0,0,0,0,4,6,1,0
3360,Mohorič,Matej,Mohorič M.,13,2801,0,0,0,mmohoric,19941019,0.0,0.0,0,5.0,0.0,0.0,0,0,3,0,0,0,185,72,0,0,0,75,0,64,0,71,0,85,0,75,0,72,0,72,0,68,0,72,0,76,0,73,0,74,0,75,0,76,0,0,2,4,0,0,0,0,3,0,,Mohoric_Matej,0,0,0,0,"(77,11)",0,0,0.0,0,0,0.0,0,0,0,0,0,0,2014,25,7,4,3,9,5,5,8,4
3362,Bettiol,Alberto,Bettiol A.,12,209,0,0,0,abettiol,19931029,0.0,0.0,0,5.0,0.0,0.0,0,0,3,0,0,0,180,69,0,0,0,74,0,62,0,69,0,78,0,75,0,73,0,76,0,69,0,71,0,71,0,72,0,70,0,74,0,72,0,0,2,3,0,0,0,0,2,0,,Bettiol_Alberto,0,0,0,0,(),0,0,0.0,0,0,0.0,0,0,0,0,0,0,2014,8,6,3,0,9,8,1,5,6
3363,Formolo,Davide,Formolo D.,1,206,0,0,0,dformolo,19921025,0.0,0.0,0,4.5,0.0,0.0,0,0,3,0,0,0,181,62,0,0,0,70,0,70,0,73,0,74,0,65,0,66,0,67,0,61,0,69,0,71,0,72,0,74,0,75,0,72,0,0,0,0,0,0,0,0,2,0,,Formolo_Davide,0,0,0,0,(135),0,0,0.0,0,0,0.0,0,0,0,0,0,0,2014,6,3,9,4,3,0,0,7,10
3365,Alaphilippe,Julian,Alaphilippe J.,125,306,0,0,0,jalaphilippe,19920611,0.0,0.0,0,5.5,0.0,0.0,0,0,3,0,0,0,173,62,0,0,0,70,0,67,0,72,0,76,0,71,0,71,0,73,0,67,0,74,0,71,0,73,0,73,0,76,0,78,0,0,0,0,0,0,0,0,32,0,,Alaphilippe_Julian,0,0,0,0,"(25,87,175)",0,0,0.0,0,0,0.0,0,2,4,0,0,0,2014,45,7,1,2,8,4,0,9,7
3367,Yates,Adam,Yates A.,16,1801,0,0,0,ayates,19920807,0.0,0.0,0,5.5,0.0,0.0,0,0,3,0,0,0,173,58,0,0,0,69,0,78,0,78,0,67,0,65,0,73,0,74,0,66,0,70,0,75,0,74,0,78,0,77,0,66,0,0,4,3,0,0,0,0,0,0,,Yates_Adam,0,0,0,0,(),0,0,0.0,0,0,0.0,0,0,0,0,0,0,2014,32,9,2,5,0,0,0,5,10
3369,Le Gac,Olivier,Le Gac O.,6,305,0,0,0,olegac,19930827,0.0,0.0,0,3.5,0.0,0.0,0,0,3,0,0,0,180,70,0,0,0,73,0,62,0,67,0,68,0,71,0,64,0,64,0,63,0,62,0,65,0,65,0,68,0,70,0,70,0,0,0,0,0,0,0,0,0,0,,Le-Gac_Olivier,0,0,0,0,(),0,0,0.0,0,0,0.0,0,0,0,0,0,0,2014,1,4,3,3,2,9,7,1,0
3373,Parra,Heiner,Parra H.,119,1101,0,0,0,,19911009,0.0,0.0,0,3.5,0.0,0.0,0,0,3,0,0,0,160,51,0,0,0,59,0,71,0,71,0,61,0,54,0,57,0,55,0,59,0,66,0,61,0,63,0,69,0,70,0,64,0,0,0,0,0,0,0,0,0,0,,Parra_Heiner,0,0,0,0,(),0,0,0.0,0,0,0.0,0,0,0,0,0,0,0,0,0,0,0,0,0,0,0,0
3378,Dapont,Timothy,Dapont T.,110,402,0,0,0,,19871101,0.0,0.0,0,3.5,0.0,0.0,0,0,3,0,0,0,179,72,0,0,0,72,0,55,0,62,0,71,0,70,0,61,0,63,0,73,0,75,0,67,0,67,0,65,0,68,0,65,0,0,0,0,0,0,0,0,0,0,,Dupont_Timothy,0,0,0,0,(),0,0,0.0,0,0,0.0,0,0,0,0,0,0,2015,12,1,0,0,0,2,3,0,0
3379,Henao,Sebastián,Henao S.,119,1101,0,0,0,shenao,19930805,0.0,0.0,0,3.5,0.0,0.0,0,0,3,0,0,0,171,57,0,0,0,64,0,70,0,71,0,66,0,57,0,62,0,64,0,59,0,67,0,64,0,64,0,65,0,70,0,61,0,0,0,0,0,0,0,0,0,0,,Henao_Sebastian,0,0,0,0,(),0,0,0.0,0,0,0.0,0,0,0,0,0,0,0,0,0,5,1,0,0,0,3,3
3381,Norman Leth,Lasse,Norman Leth L.,119,1003,0,0,0,,19920211,0.0,0.0,0,4.0,0.0,0.0,0,0,3,0,0,0,180,75,0,0,0,70,0,55,0,62,0,69,0,66,0,71,0,72,0,70,0,69,0,67,0,67,0,67,0,69,0,73,0,0,0,0,0,0,0,0,0,0,,Norman-Leth_Lasse,0,0,0,0,(),0,0,0.0,0,0,0.0,0,0,0,0,0,0,2014,4,0,0,1,1,2,3,1,0
3382,van Baarle,Dylan,van Baarle D.,10,512,0,0,0,dvanbaarle,19920521,0.0,0.0,0,5.0,0.0,0.0,0,0,3,0,0,0,187,72,0,0,0,74,0,68,0,70,0,73,0,76,0,71,0,71,0,68,0,69,0,72,0,71,0,68,0,73,0,70,0,0,3,4,0,0,0,0,3,0,,Van-Baarle_Dylan,0,0,0,0,(11),0,0,0.0,0,0,0.0,0,0,0,0,0,0,2014,8,8,2,7,4,11,11,0,0
3386,Howson,Damien,Howson D.,97,2001,0,0,0,dhowson,19920813,0.0,0.0,0,4.0,0.0,0.0,0,0,3,0,0,0,188,68,0,0,0,71,0,73,0,74,0,67,0,64,0,73,0,73,0,57,0,59,0,71,0,72,0,71,0,75,0,65,0,0,0,0,0,0,0,0,0,0,,Howson_Damien,0,0,0,0,(),0,0,0.0,0,0,0.0,0,0,0,0,0,0,2014,7,2,4,6,0,0,0,2,6
3388,Stuyven,Jasper,Stuyven J.,10,402,0,0,0,jstuyven,19920417,0.0,0.0,0,5.5,0.0,0.0,0,0,3,0,0,0,186,75,0,0,0,77,0,65,0,69,0,76,0,80,0,69,0,70,0,70,0,73,0,76,0,77,0,71,0,74,0,73,0,0,2,5,0,0,0,0,0,0,,Stuyven_Jasper,0,0,0,0,"(4,11,175)",0,0,0.0,0,0,0.0,0,0,0,0,0,0,2014,9,9,2,2,7,11,10,0,1
3392,Dillier,Silvan,Dillier S.,37,1701,0,0,0,sdillier,19900803,0.0,0.0,0,3.5,0.0,0.0,0,0,3,0,0,0,183,75,0,0,0,75,0,60,0,65,0,70,0,74,0,67,0,68,0,68,0,71,0,70,0,68,0,70,0,68,0,70,0,0,2,3,0,0,0,0,3,0,,Dillier_Silvan,0,0,0,0,(),0,0,0.0,0,0,0.0,0,0,0,0,0,0,2014,8,6,3,2,6,10,8,1,0
3398,Conti,Valerio,Conti V.,93,212,0,0,0,vconti,19930330,0.0,0.0,0,4.0,0.0,0.0,0,0,3,0,0,0,172,61,0,0,0,69,0,70,0,73,0,68,0,57,0,67,0,68,0,65,0,69,0,66,0,67,0,69,0,73,0,73,0,0,0,0,0,0,0,0,0,0,,Conti_Valerio,0,0,0,0,(),0,0,0.0,0,0,0.0,0,0,0,0,0,0,2014,4,0,8,5,1,0,0,2,4
3404,Laporte,Christophe,Laporte C.,14,321,0,0,0,claporte,19921211,0.0,0.0,0,5.0,0.0,0.0,0,0,3,0,0,0,189,76,0,0,0,77,0,63,0,68,0,76,0,77,0,73,0,76,0,74,0,74,0,79,0,76,0,69,0,75,0,73,0,0,3,4,0,0,0,0,8,0,,Laporte_Christophe,0,0,0,0,"(4,25)",0,0,0.0,0,0,0.0,0,0,0,0,0,0,2014,33,10,1,0,10,7,9,0,0
3405,Sénéchal,Florian,Sénéchal F.,37,315,0,0,0,fsenechal,19930710,0.0,0.0,0,4.5,0.0,0.0,0,0,3,0,0,201,179,77,0,0,0,73,0,58,63,64,0,69,0,74,0,65,74,70,0,69,75,69,0,67,0,67,0,70,0,70,75,73,0,0,0,0,0,0,0,0,2,0,,Senechal_Florian,0,0,0,0,(4),0,0,0.0,0,0,0.0,0,0,0,0,0,0,2014,5,3,2,2,4,9,10,0,1
3406,Venturini,Clément,Venturini C.,107,322,0,0,0,cventurini,19931016,0.0,0.0,0,4.0,0.0,0.0,0,0,3,0,0,0,165,60,0,0,0,72,0,64,0,68,0,79,0,71,0,64,0,70,0,73,0,75,0,69,0,71,0,66,0,75,0,63,0,0,0,0,0,0,0,0,0,0,,Venturini_Clement,0,0,0,0,"(25,106,74)",0,0,0.0,0,0,0.0,0,0,0,0,0,0,2014,4,2,1,2,2,1,1,0,0
3442,Campenaerts,Victor,Campenaerts V.,14,402,0,0,0,vcampenaerts,19911028,0.0,0.0,0,4.5,0.0,0.0,0,0,3,0,0,200,173,72,0,0,0,77,0,68,0,71,0,75,0,75,0,78,0,77,0,62,0,65,0,73,0,71,0,73,0,73,0,77,0,0,3,2,0,0,0,0,5,0,,Campenaerts_Victor,0,0,0,0,(),0,0,0.0,0,0,0.0,0,0,0,0,0,0,2014,12,4,5,4,3,3,2,1,1
3444,Rickaert,Jonas,Rickaert J.,37,402,0,0,0,jrickaert,19940207,0.0,0.0,0,4.0,0.0,0.0,0,0,3,0,0,0,187,83,0,0,0,77,0,56,0,62,0,67,0,72,0,69,0,70,0,71,0,64,0,68,0,69,0,67,0,68,0,65,0,0,3,4,0,0,0,0,0,0,,Rickaert_Jonas,0,0,0,0,(),0,0,0.0,0,0,0.0,0,0,0,0,0,0,2014,1,4,0,1,0,5,5,0,0
3445,Theuns,Edward,Theuns E.,11,402,0,0,0,etheuns,19910430,0.0,0.0,0,4.5,0.0,0.0,0,0,3,0,0,0,183,72,0,0,0,74,0,65,0,69,0,68,0,75,0,68,0,72,0,74,0,72,0,70,0,71,0,69,0,71,0,68,0,0,1,3,0,0,0,0,0,0,,Theuns_Edward,0,0,0,0,(),0,0,0.0,0,0,0.0,0,0,0,0,0,0,2014,10,5,2,3,2,12,10,1,0
3446,Vergaerde,Otto,Vergaerde O.,11,402,0,0,0,overgaerde,19940715,0.0,0.0,0,3.0,0.0,0.0,0,0,3,0,0,0,180,74,0,0,0,71,0,60,0,67,0,70,0,72,0,60,0,65,0,61,0,62,0,67,0,65,0,64,0,69,0,68,0,0,0,0,0,0,0,0,0,0,,Vergaerde_Otto,0,0,0,0,(),0,0,0.0,0,0,0.0,0,0,0,0,0,0,2014,0,0,2,2,2,6,2,6,0
3461,Doull,Owain,Doull O.,14,1801,0,0,0,odoull,19930502,0.0,0.0,0,4.5,0.0,0.0,0,0,3,0,0,0,181,71,0,0,0,72,0,59,0,64,0,81,0,74,0,70,0,69,0,69,0,72,0,68,0,66,0,66,0,69,0,68,0,0,3,3,0,0,0,0,0,0,,Doull_Owain,0,0,0,0,(),0,0,0.0,0,0,0.0,0,0,0,0,0,0,2017,2,1,2,2,2,7,8,0,0
3466,Kudus,Merhawi,Kudus M.,92,4101,0,0,0,mkudus,19940123,0.0,0.0,0,4.0,0.0,0.0,0,0,3,0,0,15,173,58,0,0,0,63,0,72,0,71,0,64,0,58,0,62,0,64,0,60,0,68,0,68,0,67,0,68,0,70,0,66,0,0,0,0,0,0,0,0,3,0,,Kudus_Merhawi,0,0,0,0,(),0,0,0.0,0,0,0.0,0,0,0,0,0,0,2014,7,1,2,6,1,0,0,3,1
3481,Novak,Domen,Novak D.,16,2801,0,0,0,dnovak,19950712,0.0,0.0,0,4.0,0.0,0.0,0,0,3,0,0,0,181,66,0,0,0,70,0,73,0,74,0,71,0,60,0,61,0,62,0,58,0,62,0,68,0,64,0,73,0,73,0,71,0,0,3,1,0,0,0,0,2,0,,Novak_Domen,0,0,0,0,(135),0,0,0.0,0,0,0.0,0,0,0,0,0,0,2017,2,0,4,4,3,0,0,2,5
3484,Mullen,Ryan,Mullen R.,42,3101,0,0,0,rmullen,19940807,0.0,0.0,0,4.0,0.0,0.0,0,0,3,0,0,0,188,79,0,0,0,75,0,58,0,62,0,66,0,69,0,69,0,69,0,70,0,66,0,65,0,66,0,67,0,68,0,70,0,0,0,0,0,0,0,0,67,0,,Mullen_Ryan,0,0,0,0,(),0,0,0.0,0,0,0.0,0,0,0,0,0,0,2016,11,0,2,1,6,7,7,0,0
3513,Örken,Ahmet,Örken A.,119,7101,0,0,0,,19930312,0.0,0.0,0,4.0,0.0,0.0,0,0,3,0,0,0,177,77,0,0,0,68,0,60,0,63,0,69,0,62,0,64,0,68,0,71,0,72,0,65,0,65,0,65,0,65,0,71,0,0,0,0,0,0,0,0,0,0,,Orken_Ahmet,0,0,0,0,(),0,0,0.0,0,0,0.0,0,0,0,0,0,0,0,15,0,0,0,0,0,0,0,0
3515,Samli,Feritcam,Samli F.,119,7101,0,0,0,,19940129,0.0,0.0,0,1.5,0.0,0.0,0,0,3,0,0,0,0,0,0,0,0,63,0,54,0,56,0,60,0,59,0,64,0,67,0,51,0,57,0,59,0,51,0,55,0,57,0,60,0,0,0,0,0,0,0,0,0,0,,Samli_Feritcam,0,0,0,0,(),0,0,0.0,0,0,0.0,0,0,0,0,0,0,0,1,0,0,0,0,0,0,0,0
3559,Reinders,Elmar,Reinders E.,107,501,0,0,0,ereinders,19920314,0.0,0.0,0,4.0,0.0,0.0,0,0,3,0,0,0,192,77,0,0,0,74,0,59,0,64,0,70,0,67,0,67,0,67,0,71,0,69,0,66,0,66,0,66,0,67,0,74,0,0,0,0,0,0,0,0,0,0,,Reinders_Elmar,0,0,0,0,(),0,0,0.0,0,0,0.0,0,0,0,0,0,0,2017,0,3,0,0,0,4,4,0,0
3564,Pedersen,Mads,Pedersen M.,11,1001,0,0,0,mpedersen,19951218,0.0,0.0,0,5.5,0.0,0.0,0,0,3,0,0,0,179,72,0,0,0,81,0,60,0,71,0,81,0,81,0,76,0,79,0,78,0,75,0,81,0,80,0,74,0,75,0,71,0,0,3,5,0,0,0,0,98,0,,Pedersen_Mads,0,0,0,0,"(4,11,13)",0,0,0.0,0,0,0.0,0,0,0,0,0,0,2015,60,5,4,2,4,8,8,1,0
3577,Smit,Willie,Smit W.,119,3601,0,0,0,wsmit,19921229,0.0,0.0,0,1.5,0.0,0.0,0,0,3,0,0,0,180,72,0,0,0,67,0,62,0,63,0,61,0,60,0,65,0,65,0,52,0,60,0,60,0,60,0,59,0,63,0,76,0,0,0,0,0,0,0,0,0,0,,Smit_Willie,0,0,0,0,(),0,0,0.0,0,0,0.0,0,0,0,0,0,0,0,1,0,0,2,0,0,0,0,1
3579,Grosu,Eduard,Grosu E.,119,10401,0,0,0,egrosu,19920904,0.0,0.0,0,3.5,0.0,0.0,0,0,3,0,0,0,173,67,0,0,0,71,0,56,0,62,0,72,0,66,0,61,0,66,0,71,0,70,0,63,0,65,0,65,0,69,0,64,0,0,0,0,0,0,0,0,0,0,,Grosu_Eduard,0,0,0,0,(),0,0,0.0,0,0,0.0,0,0,0,0,0,0,2014,19,0,2,0,2,0,0,0,2
3580,Koishi,Yuma,Koishi Y.,119,2101,0,0,0,ykoishi,19930915,0.0,0.0,0,3.0,0.0,0.0,0,0,3,0,0,0,175,62,0,0,0,65,0,66,0,67,0,70,0,63,0,62,0,63,0,55,0,60,0,63,0,63,0,65,0,68,0,65,0,0,0,0,0,0,0,0,1,0,,Koishi_Yuma,0,0,0,0,(),0,0,0.0,0,0,0.0,0,0,0,0,0,0,0,1,0,0,0,0,0,0,0,1
3581,Kuroeda,Shiki,Kuroeda S.,119,2101,0,0,0,skuroeda,19920108,0.0,0.0,0,3.0,0.0,0.0,0,0,3,0,0,0,0,0,0,0,0,64,0,61,0,62,0,69,0,55,0,57,0,58,0,68,0,68,0,58,0,59,0,57,0,63,0,59,0,0,0,0,0,0,0,0,0,0,,Kuroeda_Shiki,0,0,0,0,(),0,0,0.0,0,0,0.0,0,0,0,0,0,0,0,0,0,0,0,0,0,0,0,0
3583,Yamamoto,Genki,Yamamoto G.,119,2101,0,0,0,gyamamoto,19911119,0.0,0.0,0,3.0,0.0,0.0,0,0,3,0,0,0,0,0,0,0,0,65,0,57,0,60,0,52,0,52,0,66,0,66,0,52,0,54,0,57,0,60,0,62,0,63,0,63,0,0,0,0,0,0,0,0,2,0,,Yamamoto_Genki,0,0,0,0,(),0,0,0.0,0,0,0.0,0,0,0,0,0,0,0,1,0,1,0,0,0,0,0,2
3586,Eiking,Odd Christian,Eiking O.C.,107,3501,0,0,0,oceiking,19941228,0.0,0.0,0,4.5,0.0,0.0,0,0,3,0,0,0,180,65,0,0,0,70,0,71,0,73,0,75,0,66,0,66,0,70,0,68,0,70,0,70,0,71,0,71,0,74,0,73,0,0,0,0,0,0,0,0,0,0,,Eiking_Odd-Christian,0,0,0,0,(),0,0,0.0,0,0,0.0,0,0,0,0,0,0,2016,3,2,0,3,1,0,0,5,5
3617,Bauhaus,Phil,Bauhaus P.,13,710,0,0,0,pbauhaus,19940708,0.0,0.0,0,4.5,0.0,0.0,0,0,3,0,0,0,184,73,0,0,0,74,0,58,0,62,0,70,0,68,0,61,0,63,0,76,0,75,0,69,0,73,0,69,0,66,0,67,0,0,2,2,0,0,0,0,0,0,,Bauhaus_Phil,0,0,0,0,"(298,580,135)",0,0,0.0,0,0,0.0,0,0,0,0,0,0,2015,22,3,3,1,1,2,3,0,0
3628,Politt,Nils,Politt N.,16,710,0,0,0,npolitt,19940306,0.0,0.0,0,5.0,0.0,0.0,0,0,3,0,0,0,192,80,0,0,0,78,0,62,0,69,0,65,0,79,0,73,0,73,0,61,0,62,0,77,0,74,0,72,0,73,0,76,0,0,3,4,0,0,0,0,3,0,,Politt_Nils,0,0,0,0,"(4,11,13)",0,0,0.0,0,0,0.0,0,0,0,0,0,0,2016,8,9,0,0,4,10,9,1,0
3630,Walscheid,Max,Walscheid M.,11,703,0,0,0,mwalscheid,19930613,0.0,0.0,0,3.5,0.0,0.0,0,0,3,0,0,0,199,91,0,0,0,76,0,58,0,63,0,73,0,76,0,76,0,77,0,73,0,72,0,71,0,72,0,68,0,68,0,71,0,0,2,4,0,0,0,0,0,0,,Walscheid_Max,0,0,0,0,(),0,0,0.0,0,0,0.0,0,0,0,0,0,0,2016,13,3,2,2,1,5,6,0,0
3668,Jabrayilov,Samir,Jabrayilov S.,119,10301,0,0,0,,19940907,0.0,0.0,0,2.0,0.0,0.0,0,0,3,0,0,0,0,0,0,0,0,65,0,59,0,61,0,63,0,55,0,58,0,58,0,53,0,59,0,60,0,59,0,62,0,63,0,72,0,0,0,0,0,0,0,0,0,0,,Jabrayilov_Samir,0,0,0,0,(),0,0,0.0,0,0,0.0,0,0,0,0,0,0,0,2,0,0,0,0,0,0,0,0
3685,Teuns,Dylan,Teuns D.,34,402,0,0,0,dteuns,19920301,0.0,0.0,0,5.0,0.0,0.0,0,0,3,0,0,0,181,64,0,0,0,72,0,69,0,73,0,77,0,73,0,72,0,73,0,67,0,73,0,70,0,72,0,70,0,75,0,71,0,0,0,0,0,0,0,0,0,0,,Teuns_Dylan,0,0,0,0,"(87,15,25)",0,0,0.0,0,0,0.0,0,0,0,0,0,0,2015,14,5,1,4,2,6,1,10,7
3687,Benoot,Tiesj,Benoot T.,3,402,0,0,0,tbenoot,19940311,0.0,0.0,0,5.5,0.0,0.0,0,0,3,0,0,0,190,72,0,0,0,74,0,69,0,73,0,75,0,76,0,69,0,67,0,66,0,68,0,74,0,71,0,72,0,77,0,70,0,0,4,4,0,0,0,0,0,0,,Benoot_Tiesj,0,0,0,0,"(43,11,133)",0,0,0.0,0,0,0.0,0,0,0,0,0,0,2015,4,9,0,1,2,11,3,7,8
3694,Manzin,Lorrenzo,Manzin L.,25,318,0,0,0,lmanzin,19940726,0.0,0.0,0,4.0,0.0,0.0,0,0,3,0,0,15,175,70,0,0,0,69,0,58,0,64,0,66,0,63,0,58,0,62,0,71,0,70,0,66,0,67,0,70,0,69,0,61,0,0,0,0,0,0,0,0,0,0,,Manzin_Lorrenzo,0,0,0,0,(),0,0,0.0,0,0,0.0,0,0,0,0,0,0,2015,6,0,0,4,1,0,1,0,0
3698,Roosen,Timo,Roosen T.,15,507,0,0,0,troosen,19930111,0.0,0.0,0,4.0,0.0,0.0,0,0,3,0,0,0,194,75,0,0,0,73,0,61,0,66,0,69,0,72,0,68,0,71,0,69,0,70,0,67,0,67,0,66,0,70,0,65,0,0,0,0,0,0,0,0,2,0,,Roosen_Timo,0,0,0,0,(),0,0,0.0,0,0,0.0,0,0,0,0,0,0,2015,4,3,0,2,2,6,7,1,1
3699,Teunissen,Mike,Teunissen M.,12,506,0,0,0,mteunissen,19920825,0.0,0.0,0,4.5,0.0,0.0,0,0,3,0,0,0,184,73,0,0,0,76,0,61,0,67,0,75,0,77,0,67,0,75,0,74,0,73,0,72,0,74,0,70,0,74,0,67,0,0,2,4,0,0,0,0,0,0,,Teunissen_Mike,0,0,0,0,(),0,0,0.0,0,0,0.0,0,0,0,0,0,0,2015,8,6,0,3,4,7,9,1,0
3700,Soler,Marc,Soler M.,16,809,0,0,0,msoler,19931122,0.0,0.0,0,5.0,0.0,0.0,0,0,3,0,0,0,186,68,0,0,0,74,0,75,0,76,0,70,0,65,0,73,0,70,0,60,0,68,0,75,0,71,0,70,0,75,0,77,0,0,3,3,0,0,0,0,0,0,,Soler_Marc,0,0,0,0,(),0,0,0.0,0,0,0.0,0,0,0,0,0,0,2015,10,8,1,7,0,0,1,2,3
3701,Bystrøm,Sven Erik,Bystrøm S.E.,99,3501,0,0,0,sebystrom,19920121,0.0,0.0,0,4.5,0.0,0.0,0,0,3,0,0,0,188,73,0,0,0,73,0,66,0,69,0,71,0,71,0,64,0,66,0,64,0,70,0,68,0,68,0,68,0,73,0,70,0,0,0,0,0,0,0,0,2,0,,Bystrom_Sven-Erik,0,0,0,0,(),0,0,0.0,0,0,0.0,0,0,0,0,0,0,2015,1,2,2,4,8,8,5,0,1
3708,Küng,Stefan,Küng S.,125,1701,0,0,0,skung,19931116,0.0,0.0,0,5.0,0.0,0.0,0,0,3,0,0,0,193,83,0,0,0,77,0,66,0,74,0,73,0,76,0,78,0,77,0,65,0,67,0,75,0,73,0,69,0,75,0,63,0,0,3,4,0,0,0,0,7,0,,Kung_Stefan,0,0,0,0,"(11,25,4)",0,0,0.0,0,0,0.0,0,0,0,0,0,0,2015,30,8,3,2,3,10,10,0,0
3713,Turgis,Anthony,Turgis A.,25,310,0,0,0,aturgis,19940516,0.0,0.0,0,5.0,0.0,0.0,0,0,3,0,0,0,179,69,0,0,0,74,0,65,0,71,0,76,0,75,0,67,0,69,0,73,0,75,0,73,0,73,0,68,0,75,0,68,0,0,0,0,0,0,0,0,0,0,,Turgis_Anthony,0,0,0,0,(),0,0,0.0,0,0,0.0,0,0,0,0,0,0,2015,7,8,0,1,6,5,6,2,1
3714,Vervaeke,Louis,Vervaeke L.,10,402,0,0,0,lvervaeke,19931006,0.0,0.0,0,3.5,0.0,0.0,0,0,3,0,0,0,180,65,0,0,0,70,0,73,0,74,0,67,0,63,0,64,0,66,0,56,0,68,0,70,0,69,0,70,0,75,0,75,0,0,3,2,0,0,0,0,0,0,,Vervaeke_Louis,0,0,0,0,"(15,87)",0,0,0.0,0,0,0.0,0,0,0,0,0,0,2014,1,1,5,5,0,0,0,8,7
3715,Haig,Jack,Haig J.,2,2001,0,0,0,jhaig,19930906,0.0,0.0,0,4.5,0.0,0.0,0,0,3,0,0,0,190,67,0,0,0,69,0,69,0,72,0,76,0,66,0,68,0,68,0,58,0,70,0,70,0,70,0,76,0,71,0,65,0,0,0,0,0,0,0,0,0,0,,Haig_Jack,0,0,0,0,(25),0,0,0.0,0,0,0.0,0,0,0,0,0,0,2016,2,6,3,6,0,1,0,5,4
3716,Buchmann,Emanuel,Buchmann E.,34,701,0,0,0,ebuchmann,19921118,0.0,0.0,0,4.0,0.0,0.0,0,0,3,0,0,0,181,62,0,0,0,65,0,71,0,71,0,70,0,60,0,66,0,65,0,62,0,65,0,65,0,65,0,68,0,71,0,67,0,0,0,0,0,0,0,0,2,0,,Buchmann_Emanuel,0,0,0,0,"(25,74)",0,0,0.0,0,0,0.0,0,0,0,0,0,0,2015,5,8,2,4,0,0,0,2,6
3725,Nych,Artem,Nych A.,105,1501,0,0,0,,19950321,0.0,0.0,0,4.0,0.0,0.0,0,0,3,0,0,0,193,74,0,0,0,68,0,72,0,73,0,65,0,60,0,67,0,68,0,59,0,60,0,68,0,67,0,70,0,73,0,71,0,0,0,0,0,0,0,0,0,0,,Nych_Artem,0,0,0,0,(),0,0,0.0,0,0,0.0,0,0,0,0,0,0,0,5,0,0,0,1,0,0,0,4
3726,Stash,Mamyr,Stash M.,119,1501,0,0,0,mstash,19930504,0.0,0.0,0,3.0,0.0,0.0,0,0,3,0,0,0,186,77,0,0,0,68,0,54,0,57,0,65,0,59,0,60,0,63,0,72,0,72,0,59,0,59,0,61,0,60,0,62,0,0,0,0,0,0,0,0,0,0,,Stash_Mamyr,0,0,0,0,(),0,0,0.0,0,0,0.0,0,0,0,0,0,0,0,0,0,0,0,0,0,0,0,0
3732,Tonelli,Alessandro,Tonelli A.,102,204,0,0,0,atonelli,19920529,0.0,0.0,0,3.5,0.0,0.0,0,0,3,0,0,0,176,64,0,0,0,72,0,68,0,72,0,72,0,65,0,65,0,65,0,59,0,66,0,70,0,68,0,70,0,72,0,78,0,0,0,0,0,0,0,0,0,0,,Tonelli_Alessandro,0,0,0,0,(),0,0,0.0,0,0,0.0,0,0,0,0,0,0,2015,2,0,6,0,8,0,0,0,7
3763,Martínez,Daniel,Martínez D.,33,1101,0,0,0,dmartinez,19960425,0.0,0.0,0,4.5,0.0,0.0,0,0,3,0,0,0,172,62,0,0,0,71,0,74,0,77,0,71,0,64,0,74,0,74,0,67,0,76,0,71,0,70,0,71,0,78,0,68,0,0,2,1,0,0,0,0,1,0,,Martinez_Daniel,0,0,0,0,(),0,0,0.0,0,0,0.0,0,0,0,0,0,0,2015,15,4,5,3,2,0,0,5,6
3766,Ramirez,Carlos Mario,Ramirez C.M.,119,1101,0,0,0,cmramirez,19941026,0.0,0.0,0,1.5,0.0,0.0,0,0,3,0,0,0,0,0,0,0,0,64,0,59,0,60,0,64,0,57,0,65,0,66,0,56,0,58,0,55,0,59,0,55,0,61,0,62,0,0,0,0,0,0,0,0,0,0,,Ramirez_Carlos-Mario,0,0,0,0,(),0,0,0.0,0,0,0.0,0,0,0,0,0,0,0,0,0,0,0,1,0,0,0,0
3777,Capiot,Amaury,Capiot A.,20,402,0,0,0,acapiot,19930625,0.0,0.0,0,4.0,0.0,0.0,0,0,3,0,0,0,187,69,0,0,0,74,0,57,0,63,0,73,0,73,0,63,0,65,0,74,0,74,0,67,0,69,0,70,0,68,0,69,0,0,0,0,0,0,0,0,0,0,,Capiot_Amaury,0,0,0,0,(),0,0,0.0,0,0,0.0,0,0,0,0,0,0,2015,3,3,0,0,1,5,2,0,0
3778,De Tier,Floris,De Tier F.,119,402,0,0,0,fdetier,19920120,0.0,0.0,0,3.5,0.0,0.0,0,0,3,0,0,0,172,59,0,0,0,70,0,70,0,72,0,66,0,68,0,61,0,63,0,59,0,68,0,68,0,66,0,68,0,72,0,69,0,0,0,0,0,0,0,0,0,0,,De-Tier_Floris,0,0,0,0,(),0,0,0.0,0,0,0.0,0,0,0,0,0,0,2015,0,0,0,4,0,3,0,6,4
3779,Naesen,Oliver,Naesen O.,3,402,0,0,0,onaesen,19900916,0.0,0.0,0,4.5,0.0,0.0,0,0,3,0,0,0,184,71,0,0,0,75,0,64,0,69,0,73,0,76,0,69,0,70,0,73,0,73,0,72,0,74,0,70,0,73,0,74,0,0,3,4,0,0,0,0,2,0,,Naesen_Oliver,0,0,0,0,"(4,11)",0,0,0.0,0,0,0.0,0,0,0,0,0,0,2015,5,10,0,0,7,10,10,0,0
3780,Van Lerberghe,Bert,Van Lerberghe B.,10,402,0,0,0,bvanlerberghe,19920929,0.0,0.0,0,3.5,0.0,0.0,0,0,3,0,0,0,190,84,0,0,0,73,0,53,0,58,0,65,0,73,0,63,0,68,0,70,0,70,0,67,0,64,0,66,0,63,0,67,0,0,0,0,0,0,0,0,0,0,,Van-Lerberghe_Bert,0,0,0,0,"(24,317,4)",0,0,0.0,0,0,0.0,0,0,0,0,0,0,2015,0,1,2,1,2,9,8,0,0
3790,Kaczmarek,Jakub,Kaczmarek J.,162,3001,0,0,0,jkaczmarek,19930927,0.0,0.0,0,4.0,0.0,0.0,0,0,3,0,0,0,182,66,0,0,0,68,0,69,0,70,0,67,0,58,0,63,0,63,0,67,0,69,0,66,0,64,0,67,0,70,0,67,0,0,0,0,0,0,0,0,0,0,,Kaczmarek_Jakub,0,0,0,0,(),0,0,0.0,0,0,0.0,0,0,0,0,0,0,0,5,0,0,0,0,0,0,0,0
3792,Małecki,Kamil,Małecki K.,97,3001,0,0,0,kmalecki,19960102,0.0,0.0,0,4.0,0.0,0.0,0,0,3,0,0,0,174,69,0,0,0,70,0,62,0,66,0,75,0,68,0,69,0,70,0,66,0,67,0,67,0,68,0,69,0,69,0,72,0,0,0,0,0,0,0,0,0,0,,Malecki_Kamil,0,0,0,0,(),0,0,0.0,0,0,0.0,0,0,0,0,0,0,2020,0,0,1,1,0,2,1,0,3
3795,Stosz,Patryk,Stosz P.,162,3001,0,0,0,pstosz,19940715,0.0,0.0,0,3.0,0.0,0.0,0,0,3,0,0,0,178,68,0,0,0,70,0,61,0,65,0,70,0,64,0,64,0,65,0,69,0,70,0,63,0,64,0,67,0,69,0,64,0,0,0,0,0,0,0,0,0,0,,Stosz_Patryk,0,0,0,0,(),0,0,0.0,0,0,0.0,0,0,0,0,0,0,0,4,0,0,0,0,1,0,0,0
3803,Meurisse,Xandro,Meurisse X.,97,402,0,0,0,xmeurisse,19920131,0.0,0.0,0,3.0,0.0,0.0,0,0,3,0,0,0,181,65,0,0,0,72,0,70,0,72,0,76,0,72,0,69,0,69,0,70,0,73,0,71,0,72,0,70,0,75,0,73,0,0,0,0,0,0,0,0,0,0,,Meurisse_Xandro,0,0,0,0,(),0,0,0.0,0,0,0.0,0,0,0,0,0,0,2017,5,3,0,2,3,6,0,6,4
3814,Skaarseth,Anders,Skaarseth A.,99,3501,0,0,0,askaarseth,19950507,0.0,0.0,0,4.0,0.0,0.0,0,0,3,0,0,0,186,0,0,0,0,70,0,63,0,68,0,70,0,73,0,64,0,64,0,62,0,65,0,65,0,66,0,65,0,70,0,64,0,0,0,0,0,0,0,0,0,0,,Skaarseth_Anders,0,0,0,0,(),0,0,0.0,0,0,0.0,0,0,0,0,0,0,2019,0,0,0,0,1,2,1,1,0
3820,De Bondt,Dries,De Bondt D.,20,402,0,0,0,ddebondt,19910704,0.0,0.0,0,4.5,0.0,0.0,0,0,3,0,0,0,184,73,0,0,0,75,0,65,0,69,0,69,0,75,0,65,0,64,0,73,0,72,0,70,0,71,0,72,0,72,0,80,0,0,0,0,0,0,0,0,2,0,,De-Bondt_Dries,0,0,0,0,(4),0,0,0.0,0,0,0.0,0,0,0,0,0,0,2017,7,0,3,0,3,6,3,0,0
3842,Kämna,Lennard,Kämna L.,11,704,0,0,0,lkamna,19960909,0.0,0.0,0,4.5,0.0,0.0,0,0,3,0,0,0,181,65,0,0,0,70,0,73,0,75,0,70,0,64,0,71,0,73,0,64,0,70,0,71,0,69,0,72,0,73,0,75,0,0,2,1,0,0,0,0,1,0,,Kamna_Lennard,0,0,0,0,"(25,135)",0,0,0.0,0,0,0.0,0,0,0,0,0,0,2016,9,3,2,2,1,0,1,1,1
3854,Taminiaux,Lionel,Taminiaux L.,9,401,0,0,0,ltaminiaux,19960521,0.0,0.0,0,3.5,0.0,0.0,0,0,3,0,0,0,173,72,0,0,0,73,0,57,0,63,0,72,0,71,0,65,0,67,0,73,0,71,0,68,0,69,0,65,0,68,0,70,0,0,0,0,0,0,0,0,0,0,,Taminiaux_Lionel,0,0,0,0,(),0,0,0.0,0,0,0.0,0,0,0,0,0,0,2019,4,0,0,1,0,2,0,0,1
3859,Pedersen,Casper,Pedersen C.,10,1001,0,0,0,cpedersen,19960315,0.0,0.0,0,4.0,0.0,0.0,0,0,3,0,0,0,186,71,0,0,0,74,0,65,0,69,0,70,0,72,0,71,0,72,0,71,0,72,0,71,0,70,0,68,0,73,0,70,0,0,0,0,0,0,0,0,0,0,,Pedersen_Casper,0,0,0,0,"(11,25)",0,0,0.0,0,0,0.0,0,0,0,0,0,0,2018,3,3,0,3,4,3,4,1,0
3863,Tanfield,Harry,Tanfield H.,119,1801,0,0,0,htanfield,19941117,0.0,0.0,0,2.5,0.0,0.0,0,0,3,0,0,0,190,80,0,0,0,71,0,56,0,60,0,66,0,67,0,70,0,73,0,67,0,67,0,63,0,64,0,61,0,64,0,61,0,0,0,0,0,0,0,0,0,0,,Tanfield_Harry,0,0,0,0,(),0,0,0.0,0,0,0.0,0,0,0,0,0,0,2015,1,0,0,1,0,0,0,0,0
3866,De Kleijn,Arvid,De Kleijn A.,125,504,0,0,0,adekleijn,19940321,0.0,0.0,0,4.0,0.0,0.0,0,0,3,0,0,0,171,68,0,0,0,71,0,58,0,62,0,70,0,70,0,60,0,61,0,74,0,74,0,68,0,71,0,69,0,67,0,63,0,0,0,0,0,0,0,0,0,0,,De-Kleijn_Arvid,0,0,0,0,(),0,0,0.0,0,0,0.0,0,0,0,0,0,0,2020,18,0,0,0,0,0,0,0,0
3871,van der Hoorn,Taco,van der Hoorn T.,9,512,0,0,0,tvanderhoorn,19931204,0.0,0.0,0,3.5,0.0,0.0,0,0,3,0,0,0,187,73,0,0,0,74,0,59,0,64,0,72,0,72,0,62,0,62,0,65,0,69,0,72,0,69,0,67,0,69,0,80,0,0,0,0,0,0,0,0,0,0,,Van-Der-Hoorn_Taco,0,0,0,0,(),0,0,0.0,0,0,0.0,0,0,0,0,0,0,2017,8,1,2,0,3,6,5,0,0
3882,Bernas,Pawel,Bernas P.,162,3001,0,0,0,pbernas,19900524,0.0,0.0,0,4.0,0.0,0.0,0,0,3,0,0,0,190,77,0,0,0,72,0,63,0,67,0,69,0,63,0,64,0,66,0,68,0,73,0,65,0,65,0,67,0,71,0,76,0,0,0,0,0,0,0,0,0,0,,Bernas_Pawel,0,0,0,0,(),0,0,0.0,0,0,0.0,0,0,0,0,0,0,0,1,0,0,1,0,0,0,0,0
3883,Gradek,Kamil,Gradek K.,13,3001,0,0,0,kgradek,19900917,0.0,0.0,0,4.0,0.0,0.0,0,0,3,0,0,0,194,81,0,0,0,71,0,64,0,67,0,66,0,66,0,70,0,68,0,67,0,69,0,68,0,67,0,71,0,70,0,73,0,0,0,0,0,0,0,0,1,0,,Gradek_Kamil,0,0,0,0,(),0,0,0.0,0,0,0.0,0,0,0,0,0,0,2018,3,2,2,2,1,4,4,0,0
3901,Bax,Sjoerd,Bax S.,97,507,0,0,0,sbax,19960106,0.0,0.0,0,4.0,0.0,0.0,0,0,3,0,0,0,190,75,0,0,0,73,0,62,0,68,0,71,0,72,0,74,0,72,0,68,0,71,0,66,0,68,0,69,0,71,0,72,0,0,0,0,0,0,0,0,0,0,,Bax_Sjoerd,0,0,0,0,(),0,0,0.0,0,0,0.0,0,0,0,0,0,0,2022,3,0,0,0,0,1,1,2,1
3902,Bol,Cees,Bol C.,3,508,0,0,0,cbol,19950727,0.0,0.0,0,4.5,0.0,0.0,0,0,3,0,0,0,194,83,0,0,0,75,0,57,0,62,0,75,0,72,0,66,0,71,0,73,0,71,0,69,0,71,0,70,0,67,0,68,0,0,3,4,0,0,0,0,0,0,,Bol_Cees,0,0,0,0,(4),0,0,0.0,0,0,0.0,0,0,0,0,0,0,2019,6,6,1,0,3,4,5,0,0
3905,De Vries,Hartthijs,De Vries H.,107,503,0,0,0,hdevries,19960711,0.0,0.0,0,3.5,0.0,0.0,0,0,3,0,0,0,184,66,0,0,0,73,0,67,0,69,0,71,0,71,0,67,0,67,0,70,0,66,0,68,0,69,0,67,0,72,0,70,0,0,0,0,0,0,0,0,0,0,,De-Vries_Hartthijs,0,0,0,0,(),0,0,0.0,0,0,0.0,0,0,0,0,0,0,0,1,0,0,0,0,0,1,0,0
3912,Maas,Jan,Maas J.,34,507,0,0,0,jmaas,19960219,0.0,0.0,0,4.0,0.0,0.0,0,0,3,0,0,0,188,70,0,0,0,68,0,67,0,69,0,68,0,65,0,64,0,65,0,62,0,65,0,66,0,64,0,68,0,70,0,64,0,0,0,0,0,0,0,0,0,0,,Maas_Jan,0,0,0,0,(),0,0,0.0,0,0,0.0,0,0,0,0,0,0,2022,0,0,1,1,2,0,1,4,0
3913,Meijers,Jeroen,Meijers J.,119,507,0,0,0,jmeijers,19930112,0.0,0.0,0,4.0,0.0,0.0,0,0,3,0,0,0,0,0,0,0,0,67,0,57,0,61,0,66,0,62,0,63,0,66,0,63,0,65,0,63,0,63,0,67,0,65,0,74,0,0,0,0,0,0,0,0,0,0,,Meijers_Jeroen,0,0,0,0,(),0,0,0.0,0,0,0.0,0,0,0,0,0,0,0,6,0,0,0,0,0,0,1,0
3915,Oomen,Sam,Oomen S.,11,507,0,0,0,soomen,19950815,0.0,0.0,0,4.0,0.0,0.0,0,0,3,0,0,0,177,65,0,0,0,66,0,72,0,72,0,68,0,64,0,66,0,68,0,62,0,68,0,67,0,67,0,70,0,71,0,70,0,0,0,0,0,0,0,0,0,0,,Oomen_Sam,0,0,0,0,"(87,175)",0,0,0.0,0,0,0.0,0,0,0,0,0,0,2016,2,0,5,4,2,0,0,7,6
3924,Geoghegan Hart,Tao,Geoghegan Hart T.,11,1801,0,0,0,tgeogheganhart,19950330,0.0,0.0,0,4.0,0.0,0.0,0,0,3,0,0,0,183,73,0,0,0,66,0,71,0,72,0,68,0,62,0,68,0,68,0,63,0,65,0,65,0,65,0,67,0,70,0,70,0,0,2,1,0,0,0,0,0,0,,Geoghegan-Hart_Tao,0,0,0,0,(),0,0,0.0,0,0,0.0,0,0,0,0,0,0,2017,9,1,3,4,1,0,0,4,4
3925,Guerreiro,Ruben,Guerreiro R.,119,2901,0,0,0,rguerreiro,19940706,0.0,0.0,0,4.5,0.0,0.0,0,0,3,0,0,0,178,65,0,0,0,66,0,69,0,71,0,68,0,62,0,64,0,64,0,65,0,65,0,64,0,64,0,64,0,71,0,75,0,0,0,0,0,0,0,0,2,0,,Guerreiro_Ruben,0,0,0,0,(),0,0,0.0,0,0,0.0,0,0,0,0,0,0,2017,5,3,2,2,0,0,0,5,1
3930,Swirbul,Keegan,Swirbul K.,119,601,0,0,0,kswirbul,19950902,0.0,0.0,0,4.0,0.0,0.0,0,0,3,0,0,0,0,0,0,0,0,64,0,73,0,73,0,73,0,61,0,65,0,66,0,57,0,63,0,64,0,65,0,69,0,72,0,66,0,0,0,0,0,0,0,0,0,0,,Swirbul_Keegan,0,0,0,0,(),0,0,0.0,0,0,0.0,0,0,0,0,0,0,2021,0,0,0,0,0,0,0,0,0
3931,Ballerini,Davide,Ballerini D.,12,204,0,0,0,dballerini,19940921,0.0,0.0,0,4.5,0.0,0.0,0,0,3,0,0,0,183,78,0,0,0,73,0,60,0,65,0,73,0,74,0,65,0,68,0,73,0,74,0,70,0,71,0,71,0,73,0,66,0,0,0,0,0,0,0,0,0,0,,Ballerini_Davide,0,0,0,0,(),0,0,0.0,0,0,0.0,0,0,0,0,0,0,2017,9,3,5,0,5,4,5,0,3
3932,Barta,William,Barta W.,125,601,0,0,0,wbarta,19960104,0.0,0.0,0,4.0,0.0,0.0,0,0,3,0,0,0,180,61,0,0,0,74,0,68,0,72,0,68,0,65,0,73,0,71,0,61,0,67,0,69,0,66,0,74,0,72,0,72,0,0,0,0,0,0,0,0,0,0,,Barta_William,0,0,0,0,(),0,0,0.0,0,0,0.0,0,0,0,0,0,0,2018,1,1,3,2,1,0,0,2,3
3942,Rota,Lorenzo,Rota L.,9,204,0,0,0,lrota,19950523,0.0,0.0,0,4.0,0.0,0.0,0,0,3,0,0,0,173,62,0,0,0,71,0,68,0,72,0,76,0,69,0,62,0,62,0,67,0,72,0,71,0,72,0,71,0,74,0,70,0,0,3,2,0,0,0,0,0,0,,Rota_Lorenzo,0,0,0,0,(),0,0,0.0,0,0,0.0,0,0,0,0,0,0,2016,2,1,5,1,8,0,0,3,10
3948,Dyball,Ben,Dyball B.,119,2001,0,0,0,bdyball,19890420,0.0,0.0,0,4.0,0.0,0.0,0,0,3,0,0,0,183,63,0,0,0,66,0,72,0,72,0,68,0,64,0,68,0,68,0,63,0,58,0,66,0,64,0,67,0,71,0,59,0,0,0,0,0,0,0,0,0,0,,Dyball_Ben,0,0,0,0,(),0,0,0.0,0,0,0.0,0,0,0,0,0,0,0,11,0,0,1,0,0,0,0,1
3953,Mudgway,Luke,Mudgway L.,119,3401,0,0,0,lmudgway,19960612,0.0,0.0,0,3.0,0.0,0.0,0,0,3,0,0,0,170,62,0,0,0,63,0,57,0,58,0,62,0,60,0,53,0,53,0,65,0,66,0,54,0,59,0,53,0,58,0,73,0,0,0,0,0,0,0,0,0,0,,Mudgway_Luke,0,0,0,0,(),0,0,0.0,0,0,0.0,0,0,0,0,0,0,0,1,0,0,0,0,0,0,0,0
3957,Armirail,Bruno,Armirail B.,14,314,0,0,0,barmirail,19940411,0.0,0.0,0,4.5,0.0,0.0,0,0,3,0,0,0,190,72,0,0,0,78,0,72,0,74,0,71,0,65,0,77,0,74,0,60,0,59,0,74,0,68,0,74,0,75,0,75,0,0,5,2,0,0,0,0,65,0,,Armirail_Bruno,0,0,0,0,"(135,91)",0,0,0.0,0,0,0.0,0,0,0,0,0,0,2015,4,3,1,5,0,0,0,4,1
3981,Pacher,Quentin,Pacher Q.,6,302,0,0,0,qpacher,19920106,0.0,0.0,0,4.5,0.0,0.0,0,0,3,0,0,200,179,63,0,0,0,72,0,72,0,73,0,70,0,64,0,64,0,67,0,68,0,71,0,71,0,70,0,71,0,74,0,75,0,0,3,2,0,0,0,0,0,0,,Pacher_Quentin,0,0,0,0,(),0,0,0.0,0,0,0.0,0,0,0,0,0,0,2016,0,5,1,2,4,0,0,5,3
3984,Thomas,Benjamin,Thomas B.,34,314,0,0,0,bthomas,19950912,0.0,0.0,0,4.5,0.0,0.0,0,0,3,0,0,0,179,68,0,0,0,76,0,62,0,67,0,75,0,69,0,73,0,74,0,70,0,72,0,71,0,75,0,66,0,74,0,69,0,0,0,0,0,0,0,0,1,0,,Thomas_Benjamin,0,0,0,0,(),0,0,0.0,0,0,0.0,0,0,0,0,0,0,2016,0,0,0,0,0,0,0,0,0
3994,Riesebeek,Oscar,Riesebeek O.,37,504,0,0,0,oriesebeek,19921223,0.0,0.0,0,3.5,0.0,0.0,0,0,3,0,0,0,190,76,0,0,0,75,0,60,0,67,0,71,0,69,0,69,0,69,0,63,0,67,0,65,0,65,0,69,0,70,0,74,0,0,3,4,0,0,0,0,0,0,,Riesebeek_Oscar,0,0,0,0,(),0,0,0.0,0,0,0.0,0,0,0,0,0,0,2014,1,0,3,2,2,2,2,2,0
3998,Seye,Guillaume,Seye G.,119,402,0,0,0,gseye,19961128,0.0,0.0,0,4.0,0.0,0.0,0,0,3,0,0,0,187,75,0,0,0,71,0,56,0,61,0,74,0,65,0,66,0,66,0,61,0,60,0,64,0,64,0,61,0,65,0,66,0,0,0,0,0,0,0,0,0,0,,Seye_Guillaume,0,0,0,0,(),0,0,0.0,0,0,0.0,0,0,0,0,0,0,0,0,0,0,0,0,0,0,0,0
4038,Malucelli,Matteo,Malucelli M.,12,208,0,0,0,mmalucelli,19931020,0.0,0.0,0,3.5,0.0,0.0,0,0,3,0,0,0,171,68,0,0,0,72,0,58,0,60,0,68,0,66,0,60,0,66,0,77,0,76,0,68,0,68,0,69,0,66,0,55,0,0,0,0,0,0,0,0,0,0,,Malucelli_Matteo,0,0,0,0,(),0,0,0.0,0,0,0.0,0,0,0,0,0,0,2017,17,0,0,0,0,0,0,0,0
4044,Tizza,Marco,Tizza M.,119,204,0,0,0,mtizza,19920206,0.0,0.0,0,3.5,0.0,0.0,0,0,3,0,0,0,173,58,0,0,0,70,0,66,0,70,0,68,0,63,0,62,0,61,0,65,0,71,0,71,0,71,0,70,0,73,0,76,0,0,0,0,0,0,0,0,0,0,,Tizza_Marco,0,0,0,0,(),0,0,0.0,0,0,0.0,0,0,0,0,0,0,2018,2,0,0,0,1,0,0,2,1
4047,Kragh Andersen,Søren,Kragh Andersen S.,11,1003,0,0,0,skraghandersen,19940810,0.0,0.0,0,5.0,0.0,0.0,0,0,3,0,0,0,178,73,0,0,0,75,0,65,0,72,0,72,0,75,0,75,0,76,0,72,0,74,0,73,0,75,0,74,0,75,0,70,0,0,2,3,0,0,0,0,128,0,,Kragh-Andersen_Soren,0,0,0,0,(),0,0,0.0,0,0,0.0,0,0,0,0,0,0,2016,10,6,1,2,7,9,4,4,0
4060,Estrada,Eduardo,Estrada E.,119,1101,0,0,0,,19950125,0.0,0.0,0,4.0,0.0,0.0,0,0,3,0,0,0,184,67,0,0,0,64,0,60,0,61,0,64,0,54,0,63,0,66,0,58,0,60,0,59,0,62,0,61,0,62,0,64,0,0,0,0,0,0,0,0,0,0,,Estrada_Eduardo,0,0,0,0,(),0,0,0.0,0,0,0.0,0,0,0,0,0,0,0,0,0,0,0,0,0,0,0,0
4066,Gogl,Michael,Gogl M.,37,3701,0,0,0,mgogl,19931104,0.0,0.0,0,4.5,0.0,0.0,0,0,3,0,0,0,186,68,0,0,0,72,0,63,0,68,0,75,0,72,0,68,0,68,0,65,0,66,0,67,0,67,0,68,0,73,0,72,0,0,2,3,0,0,0,0,0,0,,Gogl_Michael,0,0,0,0,(),0,0,0.0,0,0,0.0,0,0,0,0,0,0,2016,0,6,1,1,3,5,3,4,6
5001,Moscon,Gianni,Moscon G.,33,206,0,0,0,gmoscon,19940420,0.0,0.0,0,4.5,0.0,0.0,0,0,3,0,0,0,182,69,0,0,0,72,0,68,0,70,0,74,0,71,0,73,0,74,0,65,0,72,0,70,0,68,0,68,0,71,0,72,0,0,0,0,0,0,0,0,1,0,,Moscon_Gianni,0,0,0,0,"(135,172,87)",0,1,0.0,0,0,0.0,0,0,4,0,0,0,2016,11,6,3,1,6,6,7,2,6
5106,García Cortina,Iván,García Cortina I.,1,803,0,0,0,igarciacortina,19951120,0.0,0.0,0,4.0,0.0,0.0,0,0,3,0,0,0,183,77,0,0,0,74,0,61,0,66,0,70,0,75,0,66,0,70,0,72,0,71,0,71,0,70,0,72,0,71,0,73,0,0,0,0,0,0,0,0,0,0,,Garcia-Cortina_Ivan,0,0,0,0,(),0,0,0.0,0,0,0.0,0,0,0,0,0,0,2017,4,3,0,4,5,8,8,0,1
5303,Cras,Steff,Cras S.,10,402,0,0,0,scras,19960213,0.0,0.0,0,4.5,0.0,0.0,0,0,3,0,0,0,183,62,0,0,0,68,0,76,0,76,0,68,0,63,0,65,0,64,0,61,0,68,0,72,0,70,0,75,0,75,0,65,0,0,4,2,0,0,0,0,0,0,,Cras_Steff,0,0,0,0,"(18,25)",0,0,0.0,0,0,0.0,0,0,0,0,0,0,2018,1,4,0,4,0,0,0,1,3
5304,De Plus,Laurens,De Plus L.,2,402,0,0,0,ldeplus,19950904,0.0,0.0,0,4.5,0.0,0.0,0,0,3,0,0,0,189,67,0,0,0,71,0,75,0,76,0,73,0,70,0,71,0,71,0,60,0,65,0,71,0,68,0,73,0,75,0,69,0,0,3,1,0,0,0,0,0,0,,De-Plus_Laurens,0,0,0,0,"(25,87)",0,0,0.0,0,0,0.0,0,0,0,0,0,0,2016,1,2,3,3,0,1,0,8,4
5306,Frison,Frederik,Frison F.,97,402,0,0,0,ffrison,19920728,0.0,0.0,0,4.0,0.0,0.0,0,0,3,0,0,0,194,79,0,0,0,72,0,57,0,64,0,72,0,74,0,71,0,70,0,56,0,60,0,68,0,67,0,68,0,68,0,64,0,0,0,0,0,0,0,0,0,0,,Frison_Frederik,0,0,0,0,(),0,0,0.0,0,0,0.0,0,0,0,0,0,0,2016,0,3,1,1,4,5,6,1,0
5312,Menten,Milan,Menten M.,9,402,0,0,0,mmenten,19961031,0.0,0.0,0,4.0,0.0,0.0,0,0,3,0,0,0,174,68,0,0,0,72,0,61,0,68,0,71,0,73,0,62,0,68,0,75,0,75,0,70,0,70,0,68,0,72,0,66,0,0,0,0,0,0,0,0,0,0,,Menten_Milan,0,0,0,0,(),0,0,0.0,0,0,0.0,0,0,0,0,0,0,2018,2,0,0,1,0,1,1,0,0
5318,Van Gestel,Dries,Van Gestel D.,10,402,0,0,0,dvangestel,19940930,0.0,0.0,0,4.5,0.0,0.0,0,0,3,0,0,0,188,69,0,0,0,73,0,61,0,66,0,70,0,76,0,64,0,63,0,71,0,73,0,69,0,70,0,70,0,72,0,68,0,0,0,0,0,0,0,0,0,0,,Van-Gestel_Dries,0,0,0,0,"(11,24,39)",0,0,0.0,0,0,0.0,0,0,0,0,0,0,2016,2,0,0,1,1,5,4,3,0
5320,Van Rooy,Kenneth,Van Rooy K.,119,402,0,0,0,kvanrooy,19931008,0.0,0.0,0,3.5,0.0,0.0,0,0,3,0,0,0,178,70,0,0,0,72,0,62,0,67,0,71,0,72,0,62,0,65,0,69,0,73,0,66,0,67,0,67,0,72,0,67,0,0,0,0,0,0,0,0,0,0,,Van-Rooy_Kenneth,0,0,0,0,(),0,0,0.0,0,0,0.0,0,0,0,0,0,0,2016,0,0,0,0,0,3,1,1,0
5502,Cosnefroy,Benoît,Cosnefroy B.,16,316,0,0,0,bcosnefroy,19951017,0.0,0.0,0,5.0,0.0,0.0,0,0,3,0,0,0,179,65,0,0,0,73,0,65,0,71,0,74,0,69,0,67,0,71,0,70,0,75,0,73,0,74,0,67,0,79,0,77,0,0,1,4,0,0,0,0,0,0,,Cosnefroy_Benoit,0,0,0,0,"(344,15,25)",0,0,0.0,0,0,0.0,0,0,0,0,0,0,2017,21,5,0,0,3,1,0,7,1
5504,Denz,Nico,Denz N.,33,701,0,0,0,ndenz,19940215,0.0,0.0,0,3.5,0.0,0.0,0,0,3,0,0,0,183,69,0,0,0,75,0,68,0,73,0,73,0,70,0,70,0,75,0,69,0,68,0,73,0,71,0,71,0,72,0,78,0,0,0,0,0,0,0,0,0,0,,Denz_Nico,0,0,0,0,(),0,0,0.0,0,0,0.0,0,0,0,0,0,0,2016,7,1,7,5,3,6,5,0,1
5507,Lafay,Victor,Lafay V.,107,322,0,0,0,vlafay,19960117,0.0,0.0,0,5.0,0.0,0.0,0,0,3,0,0,0,177,65,0,0,0,69,0,67,0,73,0,74,0,66,0,65,0,64,0,63,0,71,0,67,0,69,0,66,0,74,0,71,0,0,1,3,0,0,0,0,0,0,,Lafay_Victor,0,0,0,0,(15),0,0,0.0,0,0,0.0,0,0,0,0,0,0,2019,4,2,1,2,1,0,0,3,2
5512,Rochas,Rémy,Rochas R.,6,322,0,0,0,rrochas,19960518,0.0,0.0,0,4.0,0.0,0.0,0,0,3,0,0,0,164,51,0,0,0,69,0,72,0,75,0,69,0,60,0,65,0,66,0,58,0,72,0,69,0,69,0,72,0,74,0,73,0,0,0,0,0,0,0,0,0,0,,Rochas_Remy,0,0,0,0,(),0,0,0.0,0,0,0.0,0,0,0,0,0,0,2019,0,0,4,4,0,0,0,3,3
5603,Cardis,Romain,Cardis R.,68,310,0,0,0,rcardis,19920812,0.0,0.0,0,3.5,0.0,0.0,0,0,3,0,0,0,180,72,0,0,0,71,0,63,0,68,0,69,0,65,0,66,0,64,0,69,0,73,0,66,0,68,0,68,0,72,0,68,0,0,0,0,0,0,0,0,0,0,,Cardis_Romain,0,0,0,0,(),0,0,0.0,0,0,0.0,0,0,0,0,0,0,0,1,0,0,1,0,3,3,0,0
5607,Grellier,Fabien,Grellier F.,25,318,0,0,0,fgrellier,19941031,0.0,0.0,0,3.5,0.0,0.0,0,0,3,0,0,0,181,65,0,0,0,68,0,63,0,66,0,66,0,64,0,62,0,62,0,66,0,68,0,67,0,64,0,64,0,67,0,70,0,0,0,0,0,0,0,0,0,0,,Grellier_Fabien,0,0,0,0,"(87,25)",0,0,0.0,0,0,0.0,0,0,0,0,0,0,2016,0,4,0,0,1,0,1,10,3
5613,Ourselin,Paul,Ourselin P.,34,316,0,0,0,pourselin,19940413,0.0,0.0,0,3.0,0.0,0.0,0,0,3,0,0,0,185,70,0,0,0,71,0,66,0,71,0,70,0,65,0,61,0,62,0,57,0,64,0,69,0,68,0,70,0,72,0,75,0,0,0,0,0,0,0,0,0,0,,Ourselin_Paul,0,0,0,0,(),0,0,0.0,0,0,0.0,0,0,0,0,0,0,2017,0,1,0,3,2,1,0,7,3
5630,Arcas,Jorge,Arcas J.,1,801,0,0,0,jarcas,19920708,0.0,0.0,0,3.0,0.0,0.0,0,0,3,0,0,0,187,68,0,0,0,70,0,66,0,70,0,65,0,64,0,68,0,71,0,60,0,62,0,66,0,65,0,67,0,70,0,64,0,0,3,1,0,0,0,0,0,0,,Arcas_Jorge,0,0,0,0,(),0,0,0.0,0,0,0.0,0,0,0,0,0,0,2016,0,1,1,6,1,3,3,5,1
5631,Pedrero,Antonio,Pedrero A.,119,809,0,0,0,apedrero,19911023,0.0,0.0,0,4.0,0.0,0.0,0,0,3,0,0,0,177,60,0,0,0,65,0,73,0,73,0,70,0,57,0,64,0,63,0,59,0,64,0,67,0,65,0,68,0,71,0,63,0,0,0,0,0,0,0,0,0,0,,Pedrero_Antonio,0,0,0,0,(),0,0,0.0,0,0,0.0,0,0,0,0,0,0,2016,3,1,5,2,0,0,0,0,2
5633,Martin Guyonnet,Guillaume,Martin Guyonnet G.,6,316,0,0,0,gmartinguyonnet,19930609,0.0,0.0,0,4.5,0.0,0.0,0,0,3,0,0,0,173,55,0,0,0,69,0,75,0,76,0,65,0,63,0,64,0,64,0,63,0,72,0,72,0,70,0,77,0,75,0,77,0,0,4,1,0,0,0,0,0,0,,Martin_Guillaume,0,0,0,0,(),0,0,0.0,0,0,0.0,0,0,0,0,0,0,2016,11,9,1,4,1,0,0,10,5
5635,Hofstetter,Hugo,Hofstetter H.,42,301,0,0,0,hhofstetter,19940213,0.0,0.0,0,4.0,0.0,0.0,0,0,3,0,0,0,170,65,0,0,0,73,0,57,0,63,0,69,0,73,0,63,0,65,0,75,0,75,0,72,0,72,0,66,0,69,0,66,0,0,0,0,0,0,0,0,0,0,,Hofstetter_Hugo,0,0,0,0,"(4,32,66)",0,0,0.0,0,0,0.0,0,0,0,0,0,0,2016,3,2,1,1,1,4,8,0,0
5637,Gaviria,Fernando,Gaviria F.,35,1101,0,0,0,fgaviria,19940819,0.0,0.0,0,4.5,0.0,0.0,0,0,3,0,0,200,180,71,0,0,0,70,0,59,0,64,0,78,0,68,0,56,0,68,0,74,0,72,0,68,0,70,0,70,0,67,0,64,0,0,3,3,0,0,0,0,0,0,,Gaviria_Fernando,0,0,0,0,"(25,4,135)",0,0,0.0,0,0,0.0,0,0,0,0,0,0,2016,52,2,7,1,6,1,2,0,0
5644,Contreras,Rodrigo,Contreras R.,119,1101,0,0,0,rcontreras,19940602,0.0,0.0,0,3.5,0.0,0.0,0,0,3,0,0,0,180,68,0,0,0,64,0,69,0,69,0,63,0,55,0,70,0,70,0,58,0,62,0,64,0,65,0,68,0,69,0,66,0,0,0,0,0,0,0,0,0,0,,Contreras_Rodrigo,0,0,0,0,(18),0,0,0.0,0,0,0.0,0,0,0,0,0,0,2016,3,0,1,0,0,0,0,0,1
5646,Peters,Alex,Peters A.,119,1801,0,0,0,apeters,19940331,0.0,0.0,0,3.0,0.0,0.0,0,0,3,0,0,0,175,67,0,0,0,64,0,66,0,67,0,63,0,58,0,56,0,62,0,56,0,57,0,60,0,60,0,69,0,67,0,66,0,0,0,0,0,0,0,0,0,0,,Peters_Alex,0,0,0,0,"(25,135)",0,0,0.0,0,0,0.0,0,0,0,0,0,0,0,0,0,0,0,0,0,0,0,0
5649,Bernard,Julien,Bernard J.,11,304,0,0,0,jbernard,19920317,0.0,0.0,0,3.5,0.0,0.0,0,0,3,0,0,0,176,60,0,0,0,71,0,73,0,73,0,74,0,63,0,66,0,67,0,57,0,69,0,75,0,71,0,76,0,73,0,78,0,0,4,1,0,0,0,0,0,0,,Bernard_Julien,0,0,0,0,(25),0,0,0.0,0,0,0.0,0,0,0,0,0,0,2016,1,4,2,5,0,0,0,7,6
5650,Restrepo,Jhonatan,Restrepo J.,119,1101,0,0,0,jrestrepo,19941128,0.0,0.0,0,4.0,0.0,0.0,0,0,3,0,0,0,171,69,0,0,0,69,0,65,0,69,0,67,0,58,0,63,0,66,0,69,0,71,0,65,0,64,0,66,0,72,0,63,0,0,0,0,0,0,0,0,0,0,,Restrepo_Jhonatan,0,0,0,0,(),0,0,0.0,0,0,0.0,0,0,0,0,0,0,2016,9,0,1,2,2,0,0,0,2
5658,Rodríguez,Cristián,Rodríguez Cr.,12,801,0,0,0,crodriguez,19950303,0.0,0.0,0,4.5,0.0,0.0,0,0,3,0,0,0,178,60,0,0,0,68,0,75,0,75,0,71,0,59,0,65,0,65,0,59,0,70,0,71,0,70,0,76,0,75,0,72,0,0,0,0,0,0,0,0,0,0,,Rodriguez_Cristian,0,0,0,0,(),0,0,0.0,0,0,0.0,0,0,0,0,0,0,2016,3,3,2,5,0,0,0,1,2
5663,O'Connor,Ben,O'Connor B.,20,2001,0,0,0,boconnor,19951125,0.0,0.0,0,5.0,0.0,0.0,0,0,3,0,0,0,188,66,0,0,0,71,0,77,0,79,0,78,0,64,0,71,0,70,0,59,0,70,0,75,0,74,0,75,0,77,0,78,0,0,3,3,0,0,0,0,0,0,,Oconnor_Ben,0,0,0,0,(135),0,0,0.0,0,0,0.0,0,0,0,0,0,0,2017,11,4,4,4,0,0,0,4,3
5672,Bernal,Egan,Bernal E.,2,1101,0,0,0,ebernal,19970113,0.0,0.0,0,5.5,0.0,0.0,0,0,3,0,0,0,174,60,0,0,0,68,0,78,0,77,0,72,0,66,0,69,0,68,0,61,0,73,0,74,0,74,0,75,0,76,0,71,0,0,3,3,0,0,0,0,193,0,,Bernal_Egan,0,0,0,0,"(25,133)",0,0,0.0,0,0,0.0,0,0,0,0,0,0,2016,22,5,2,3,0,0,0,1,4
5675,Ciccone,Giulio,Ciccone G.,11,213,0,0,0,gciccone,19941220,0.0,0.0,0,4.5,0.0,0.0,0,0,3,0,0,0,176,58,0,0,0,71,0,76,0,79,0,79,0,62,0,66,0,67,0,68,0,77,0,78,0,77,0,73,0,78,0,78,0,0,2,4,0,0,0,0,0,0,,Ciccone_Giulio,0,0,0,0,(),0,0,0.0,0,0,0.0,0,0,0,0,0,0,2016,13,4,8,3,3,0,0,3,6
5676,Maestri,Mirco,Maestri M.,102,208,0,0,0,mmaestri,19911026,0.0,0.0,0,4.0,0.0,0.0,0,0,3,0,0,0,182,72,0,0,0,74,0,62,0,68,0,69,0,66,0,66,0,67,0,69,0,71,0,69,0,68,0,69,0,71,0,75,0,0,0,0,0,0,0,0,0,0,,Maestri_Mirco,0,0,0,0,(),0,0,0.0,0,0,0.0,0,0,0,0,0,0,2016,1,0,8,0,7,0,0,0,1
5677,Velasco,Simone,Velasco S.,12,208,0,0,0,svelasco,19951202,0.0,0.0,0,4.0,0.0,0.0,0,0,3,0,0,0,170,59,0,0,0,69,0,71,0,74,0,77,0,67,0,68,0,68,0,69,0,73,0,71,0,74,0,68,0,77,0,72,0,0,0,0,0,0,0,0,2,0,,Velasco_Simone,0,0,0,0,(),0,0,0.0,0,0,0.0,0,0,0,0,0,0,2016,5,2,2,0,6,0,0,5,9
5678,Benezek,Alan,Benezek A.,119,3001,0,0,0,,19971030,0.0,0.0,0,4.0,0.0,0.0,0,0,3,0,0,0,181,75,0,0,0,70,0,56,0,61,0,71,0,63,0,63,0,67,0,72,0,73,0,65,0,64,0,66,0,65,0,65,0,0,0,0,0,0,0,0,1,0,,Banaszek_Alan,0,0,0,0,(),0,0,0.0,0,0,0.0,0,0,0,0,0,0,0,4,0,0,0,0,0,0,0,0
5683,Lastra,Jonathan,Lastra J.,100,816,0,0,0,jlastra,19930603,0.0,0.0,0,4.0,0.0,0.0,0,0,3,0,0,0,172,64,0,0,0,67,0,71,0,72,0,80,0,65,0,65,0,67,0,64,0,68,0,67,0,66,0,68,0,72,0,69,0,0,0,0,0,0,0,0,0,0,,Lastra_Jonathan,0,0,0,0,(),0,0,0.0,0,0,0.0,0,0,0,0,0,0,2016,0,0,2,5,1,0,0,0,2
5699,Stüsso,Colin,Stüsso C.,40,1701,0,0,0,,19930604,0.0,0.0,0,4.0,0.0,0.0,0,0,3,0,0,0,187,68,0,0,0,71,0,71,0,73,0,70,0,64,0,69,0,67,0,66,0,65,0,67,0,67,0,70,0,72,0,72,0,0,0,0,0,0,0,0,0,0,,Stussi_Colin,0,0,0,0,(),0,0,0.0,0,0,0.0,0,0,0,0,0,0,0,3,0,0,0,0,0,0,0,0
5700,Thalmann,Roland,Thalmann R.,125,1701,0,0,0,rthalmann,19930805,0.0,0.0,0,3.5,0.0,0.0,0,0,3,0,0,0,178,62,0,0,0,71,0,68,0,69,0,70,0,63,0,64,0,65,0,63,0,65,0,69,0,66,0,71,0,69,0,78,0,0,0,0,0,0,0,0,0,0,,Thalmann_Roland,0,0,0,0,(),0,0,0.0,0,0,0.0,0,0,0,0,0,0,0,0,0,0,0,1,0,0,0,2
5711,Smith,Dion,Smith D.,42,3401,0,0,0,dsmith,19930303,0.0,0.0,0,4.0,0.0,0.0,0,0,3,0,0,0,179,67,0,0,0,70,0,66,0,69,0,71,0,68,0,65,0,68,0,67,0,68,0,66,0,67,0,67,0,72,0,65,0,0,0,0,0,0,0,0,0,0,,Smith_Dion,0,0,0,0,(),0,0,0.0,0,0,0.0,0,0,0,0,0,0,2016,2,3,2,3,2,3,0,4,1
5733,Keboki,Kazushige,Keboki K.,95,2101,0,0,0,,19890606,0.0,0.0,0,2.5,0.0,0.0,0,0,3,0,0,0,173,68,0,0,0,68,0,65,0,65,0,64,0,64,0,57,0,65,0,59,0,62,0,65,0,62,0,67,0,65,0,64,0,0,0,0,0,0,0,0,1,0,,Kuboki_Kazushige,0,0,0,0,(),0,0,0.0,0,0,0.0,0,0,0,0,0,0,0,4,0,0,0,0,0,0,0,0
5735,De Gendt,Aimé,De Gendt A.,97,402,0,0,0,adegendt,19940617,0.0,0.0,0,4.0,0.0,0.0,0,0,3,0,0,0,182,75,0,0,0,74,0,60,0,64,0,70,0,74,0,68,0,70,0,64,0,66,0,71,0,73,0,68,0,72,0,77,0,0,2,4,0,0,0,0,0,0,,De-Gendt_Aime,0,0,0,0,(),0,0,0.0,0,0,0.0,0,0,0,0,0,0,2016,1,1,1,0,3,7,3,1,0
5739,Drinovec,Matej,Drinovec M.,119,2801,0,0,0,,19910816,0.0,0.0,0,1.5,0.0,0.0,0,0,3,0,0,0,177,64,0,0,0,65,0,53,0,54,0,69,0,57,0,56,0,59,0,53,0,54,0,59,0,58,0,55,0,54,0,64,0,0,0,0,0,0,0,0,0,0,,Drinovec_Matej,0,0,0,0,(),0,0,0.0,0,0,0.0,0,0,0,0,0,0,0,0,0,0,0,0,0,0,0,0
5744,Kanter,Max,Kanter M.,12,701,0,0,0,mkanter,19971022,0.0,0.0,0,4.0,0.0,0.0,0,0,3,0,0,0,175,65,0,0,0,73,0,60,0,63,0,71,0,72,0,67,0,68,0,76,0,76,0,69,0,69,0,69,0,70,0,65,0,0,0,0,0,0,0,0,0,0,,Kanter_Max,0,0,0,0,(),0,0,0.0,0,0,0.0,0,0,0,0,0,0,2019,2,0,4,1,1,1,2,0,0
5748,Stokbro,Andreas,Stokbro A.,147,1001,0,0,0,astokbro,19970408,0.0,0.0,0,4.0,0.0,0.0,0,0,3,0,0,0,182,68,0,0,0,72,0,61,0,66,0,71,0,67,0,66,0,66,0,69,0,69,0,66,0,67,0,68,0,71,0,66,0,0,0,0,0,0,0,0,0,0,,Stokbro_Andreas,0,0,0,0,(),0,0,0.0,0,0,0.0,0,0,0,0,0,0,2019,1,0,0,0,0,0,1,0,1
5749,Kongstad,Tobias,Kongstad T.,119,1001,0,0,0,tkongstad,19960914,0.0,0.0,0,3.0,0.0,0.0,0,0,3,0,0,0,189,72,0,0,0,70,0,63,0,65,0,70,0,63,0,63,0,65,0,62,0,66,0,63,0,62,0,66,0,66,0,73,0,0,0,0,0,0,0,0,0,0,,Kongstad_Tobias,0,0,0,0,(),0,0,0.0,0,0,0.0,0,0,0,0,0,0,0,0,0,0,0,0,0,0,0,0
5750,Asgreen,Kasper,Asgreen K.,5,1001,0,0,0,kasgreen,19950208,0.0,0.0,0,5.0,0.0,0.0,0,0,3,0,0,0,192,75,0,0,0,76,0,64,0,71,0,69,0,75,0,73,0,72,0,68,0,69,0,73,0,71,0,71,0,73,0,74,0,0,3,4,0,0,0,0,3,0,,Asgreen_Kasper,0,0,0,0,"(11,248,25)",0,0,0.0,0,0,0.0,0,0,0,0,0,0,2018,14,6,1,2,4,6,6,1,1
5752,Larsen,Niklas,Larsen N.,107,1001,0,0,0,nlarsen,19970322,0.0,0.0,0,4.0,0.0,0.0,0,0,3,0,0,0,180,73,0,0,0,74,0,60,0,63,0,69,0,71,0,73,0,73,0,69,0,70,0,68,0,70,0,64,0,72,0,70,0,0,0,0,0,0,0,0,0,0,,Larsen_Niklas,0,0,0,0,(),0,0,0.0,0,0,0.0,0,0,0,0,0,0,2020,1,0,0,0,0,0,0,0,0
5765,Gamper,Patrick,Gamper P.,20,3701,0,0,0,pgamper,19970218,0.0,0.0,0,3.5,0.0,0.0,0,0,3,0,0,0,194,80,0,0,0,72,0,60,0,65,0,66,0,67,0,69,0,68,0,66,0,68,0,69,0,67,0,65,0,69,0,71,0,0,0,0,0,0,0,0,1,0,,Gamper_Patrick,0,0,0,0,(),0,0,0.0,0,0,0.0,0,0,0,0,0,0,2020,1,0,3,3,2,2,2,1,0
5782,Mortier,Julien,Mortier J.,119,401,0,0,0,jmortier,19970720,0.0,0.0,0,3.5,0.0,0.0,0,0,3,0,0,0,183,66,0,0,0,66,0,66,0,68,0,65,0,60,0,64,0,63,0,64,0,67,0,64,0,65,0,66,0,69,0,59,0,0,0,0,0,0,0,0,0,0,,Mortier_Julien,0,0,0,0,(),0,0,0.0,0,0,0.0,0,0,0,0,0,0,0,0,0,0,0,0,1,0,1,0
5783,Tasset,Marvin,Tasset M.,119,401,0,0,0,mtasset,19971016,0.0,0.0,0,2.5,0.0,0.0,0,0,3,0,0,0,184,73,0,0,0,65,0,63,0,65,0,64,0,59,0,58,0,60,0,60,0,64,0,62,0,62,0,61,0,67,0,64,0,0,0,0,0,0,0,0,0,0,,Tasset_Marvin,0,0,0,0,(),0,0,0.0,0,0,0.0,0,0,0,0,0,0,0,0,0,0,0,0,0,0,0,0
5789,Dunbar,Eddie,Dunbar E.,97,3101,0,0,0,edunbar,19960901,0.0,0.0,0,4.5,0.0,0.0,0,0,3,0,0,0,170,56,0,0,0,69,0,74,0,74,0,66,0,64,0,70,0,67,0,61,0,69,0,70,0,69,0,74,0,74,0,73,0,0,0,0,0,0,0,0,1,0,,Dunbar_Eddie,0,0,0,0,(),0,0,0.0,0,0,0.0,0,0,0,0,0,0,2018,5,1,3,3,0,0,0,3,5
5790,Neilands,Krists,Neilands K.,42,1601,0,0,0,kneilands,19940818,0.0,0.0,0,4.5,0.0,0.0,0,0,3,0,0,0,189,69,0,0,0,73,0,65,0,68,0,73,0,69,0,66,0,70,0,67,0,71,0,68,0,68,0,68,0,72,0,74,0,0,0,0,0,0,0,0,3,0,,Neilands_Krists,0,0,0,0,(),0,0,0.0,0,0,0.0,0,0,0,0,0,0,2017,9,5,3,0,4,2,0,3,3
5793,Powless,Neilson,Powless N.,5,601,0,0,0,npowless,19960903,0.0,0.0,0,5.0,0.0,0.0,0,0,3,0,0,0,183,67,0,0,0,73,0,69,0,74,0,77,0,73,0,72,0,72,0,67,0,73,0,76,0,75,0,71,0,78,0,78,0,0,3,5,0,0,0,0,0,0,,Powless_Neilson,0,0,0,0,(),0,0,0.0,0,0,0.0,0,0,0,0,0,0,2018,8,6,0,1,3,2,0,4,5
5798,Zimmermann,Georg,Zimmermann G.,9,702,0,0,0,gzimmermann,19971011,0.0,0.0,0,4.0,0.0,0.0,0,0,3,0,0,0,181,70,0,0,0,72,0,74,0,75,0,70,0,66,0,65,0,64,0,65,0,72,0,74,0,73,0,74,0,75,0,77,0,0,3,3,0,0,0,0,128,0,,Zimmermann_Georg,0,0,0,0,(),0,0,0.0,0,0,0.0,0,0,0,0,0,0,2020,4,5,0,1,1,1,0,5,4
5804,Hoelgaard,Markus,Hoelgaard M.,99,3501,0,0,0,mhoelgaard,19941004,0.0,0.0,0,4.0,0.0,0.0,0,0,3,0,0,0,187,74,0,0,0,75,0,65,0,71,0,70,0,74,0,61,0,65,0,66,0,70,0,73,0,70,0,67,0,73,0,71,0,0,0,0,0,0,0,0,2,0,,Hoelgaard_Markus,0,0,0,0,(),0,0,0.0,0,0,0.0,0,0,0,0,0,0,2018,5,1,0,0,2,2,1,0,1
5807,Williams,Stephen,Williams S.,42,1801,0,0,0,swilliams,19960609,0.0,0.0,0,5.0,0.0,0.0,0,0,3,0,0,0,183,59,0,0,0,68,0,67,0,72,0,73,0,61,0,62,0,62,0,67,0,70,0,67,0,69,0,69,0,74,0,68,0,0,2,3,0,0,0,0,0,0,,Williams_Stephen,0,0,0,0,(135),0,0,0.0,0,0,0.0,0,0,0,0,0,0,2019,11,1,1,1,0,0,0,2,2
5822,van Schip,Jan-Willem,van Schip J.W.,146,510,0,0,0,jwvanschip,19940820,0.0,0.0,0,4.0,0.0,0.0,0,0,3,0,0,0,194,84,0,0,0,73,0,57,0,59,0,69,0,70,0,64,0,64,0,67,0,69,0,68,0,66,0,62,0,64,0,72,0,0,0,0,0,0,0,0,0,0,,Van-Schip_Jan-Willem,0,0,0,0,(),0,0,0.0,0,0,0.0,0,0,0,0,0,0,0,3,0,0,0,0,1,0,0,0
5833,Kukrle,Michael,Kukrle M.,58,3301,0,0,0,mkukrle,19941117,0.0,0.0,0,3.5,0.0,0.0,0,0,3,0,0,0,185,73,0,0,0,72,0,67,0,70,0,71,0,63,0,67,0,67,0,64,0,66,0,70,0,68,0,68,0,73,0,75,0,0,0,0,0,0,0,0,2,0,,Kukrle_Michael,0,0,0,0,(),0,0,0.0,0,0,0.0,0,0,0,0,0,0,0,2,0,0,0,0,0,0,0,0
5840,Mora,Luis,Mora L.,119,4501,0,0,0,,19941123,0.0,0.0,0,3.5,0.0,0.0,0,0,3,0,0,0,0,0,0,0,0,60,0,55,0,57,0,64,0,52,0,56,0,61,0,53,0,57,0,57,0,55,0,58,0,58,0,70,0,0,0,0,0,0,0,0,0,0,,Mora_Luis,0,0,0,0,(),0,0,0.0,0,0,0.0,0,0,0,0,0,0,0,0,0,0,0,0,0,0,0,0
5844,Torres,Albert,Torres A.,1,804,0,0,0,atorres,19900426,0.0,0.0,0,3.0,0.0,0.0,0,0,3,0,0,0,180,70,0,0,0,68,0,57,0,62,0,69,0,64,0,61,0,68,0,68,0,68,0,65,0,66,0,68,0,66,0,61,0,0,0,0,0,0,0,0,0,0,,Torres_Albert,0,0,0,0,(),0,0,0.0,0,0,0.0,0,0,0,0,0,0,2020,0,1,5,0,1,2,2,0,0
5862,Sánchez,Angel,Sánchez A.,119,812,0,0,0,,19930412,0.0,0.0,0,2.0,0.0,0.0,0,0,3,0,0,0,178,73,0,0,0,67,0,61,0,62,0,65,0,63,0,66,0,66,0,64,0,69,0,62,0,60,0,59,0,63,0,75,0,0,0,0,0,0,0,0,0,0,,Sanchez_Angel,0,0,0,0,(),0,0,0.0,0,0,0.0,0,0,0,0,0,0,0,0,0,0,0,0,0,0,0,0
5865,Silva,Joaquim,Silva Jo.,119,2901,0,0,0,,19920319,0.0,0.0,0,2.5,0.0,0.0,0,0,3,0,0,0,185,67,0,0,0,66,0,71,0,71,0,67,0,55,0,65,0,65,0,60,0,63,0,64,0,64,0,68,0,71,0,75,0,0,0,0,0,0,0,0,0,0,,Silva_Joaquim,0,0,0,0,(),0,0,0.0,0,0,0.0,0,0,0,0,0,0,0,0,0,0,0,0,0,0,0,0
5868,Benezek,Norbert,Benezek N.,163,3001,0,0,0,,19970618,0.0,0.0,0,2.0,0.0,0.0,0,0,3,0,0,0,189,75,0,0,0,68,0,56,0,61,0,68,0,64,0,64,0,66,0,69,0,69,0,61,0,62,0,63,0,66,0,69,0,0,0,0,0,0,0,0,3,0,,Banaszek_Norbert,0,0,0,0,(),0,0,0.0,0,0,0.0,0,0,0,0,0,0,0,2,0,0,0,0,0,0,0,0
5870,Staniszewski,Daniel,Staniszewski D.,119,3001,0,0,0,,19970505,0.0,0.0,0,2.0,0.0,0.0,0,0,3,0,0,0,186,79,0,0,0,62,0,66,0,68,0,65,0,62,0,59,0,64,0,69,0,65,0,54,0,57,0,58,0,70,0,65,0,0,0,0,0,0,0,0,0,0,,Staniszewski_Daniel,0,0,0,0,(),0,0,0.0,0,0,0.0,0,0,0,0,0,0,0,0,0,0,0,0,0,0,0,0
5875,Bendixen,Louis,Bendixen L.,119,1001,0,0,0,lbendixen,19950623,0.0,0.0,0,4.0,0.0,0.0,0,0,3,0,0,0,0,0,0,0,0,71,0,59,0,66,0,68,0,69,0,65,0,70,0,72,0,71,0,67,0,68,0,65,0,71,0,71,0,0,0,0,0,0,0,0,0,0,,Bendixen_Louis,0,0,0,0,(),0,0,0.0,0,0,0.0,0,0,0,0,0,0,2018,0,0,0,0,0,1,1,0,0
5897,Hamilton,Chris,Hamilton C.,15,2001,0,0,0,chamilton,19950518,0.0,0.0,0,4.0,0.0,0.0,0,0,3,0,0,0,180,70,0,0,0,68,0,72,0,73,0,73,0,63,0,66,0,68,0,64,0,70,0,71,0,71,0,71,0,74,0,76,0,0,0,0,0,0,0,0,0,0,,Hamilton_Chris,0,0,0,0,(49),0,0,0.0,0,0,0.0,0,0,0,0,0,0,2017,0,2,7,5,3,0,0,5,9
5925,Ockeloen,Jasper,Ockeloen J.,119,501,0,0,0,jockeloen,19900510,0.0,0.0,0,1.5,0.0,0.0,0,0,3,0,0,0,0,0,0,0,0,65,0,56,0,58,0,68,0,53,0,63,0,66,0,57,0,55,0,65,0,65,0,62,0,59,0,76,0,0,0,0,0,0,0,0,0,0,,Ockeloen_Jasper,0,0,0,0,(),0,0,0.0,0,0,0.0,0,0,0,0,0,0,0,0,0,0,0,0,0,0,0,0
5939,Ackermann,Pascal,Ackermann P.,20,711,0,0,0,packermann,19940117,0.0,0.0,0,4.5,0.0,0.0,0,0,3,0,0,0,180,78,0,0,0,71,0,60,0,65,0,74,0,71,0,62,0,64,0,75,0,71,0,69,0,70,0,70,0,68,0,60,0,0,4,4,0,0,0,0,2,0,,Ackermann_Pascal,0,0,0,0,(),0,0,0.0,0,0,0.0,0,0,0,0,0,0,2017,41,2,2,2,1,0,2,0,0
5942,Consonni,Simone,Consonni S.,11,204,0,0,0,sconsonni,19940912,0.0,0.0,0,3.5,0.0,0.0,0,0,3,0,0,0,165,60,0,0,0,71,0,61,0,68,0,70,0,68,0,63,0,64,0,75,0,75,0,69,0,70,0,70,0,73,0,63,0,0,1,3,0,0,0,0,0,0,,Consonni_Simone,0,0,0,0,(),0,0,0.0,0,0,0.0,0,0,0,0,0,0,2017,3,2,6,1,4,2,1,0,1
5943,Ganna,Filippo,Ganna F.,2,202,0,0,0,fganna,19960725,0.0,0.0,0,6.0,0.0,0.0,0,0,3,0,0,0,193,75,0,0,0,82,0,64,0,70,0,73,0,76,0,82,0,80,0,70,0,68,0,75,0,75,0,72,0,74,0,75,0,0,3,3,0,0,0,0,81,0,,Ganna_Filippo,0,0,0,0,"(25,135,248)",0,0,0.0,0,0,0.0,0,0,0,0,0,0,2017,36,2,4,2,8,3,5,0,2
5954,Cavagna,Rémi,Cavagna R.,6,303,0,0,0,rcavagna,19950810,0.0,0.0,0,5.0,0.0,0.0,0,0,3,0,0,0,186,78,0,0,0,75,0,64,68,69,0,67,0,68,0,77,0,74,0,62,66,65,0,71,0,67,0,70,0,72,76,76,0,0,3,2,0,0,0,0,3,0,,Cavagna_Remi,0,0,0,0,(),0,0,0.0,0,0,0.0,0,0,0,0,0,0,2017,13,2,2,4,1,1,1,4,1
5955,Mas,Enric,Mas E.,1,804,0,0,0,emas,19950107,0.0,0.0,0,5.0,0.0,0.0,0,0,3,0,0,0,177,61,0,0,0,68,0,78,0,78,0,69,0,62,0,69,0,68,0,63,0,67,0,73,0,71,0,76,0,76,0,74,0,0,4,2,0,0,0,0,0,0,,Mas_Enric,0,0,0,0,(),0,0,0.0,0,0,0.0,0,0,0,0,0,0,2017,6,7,0,7,0,0,0,7,5
5957,Carapaz,Richard,Carapaz R.,5,9401,0,0,0,rcarapaz,19930529,0.0,0.0,0,5.5,0.0,0.0,0,0,3,0,0,0,170,62,0,0,0,71,0,79,0,79,0,76,0,67,0,66,0,67,0,63,0,76,0,78,0,74,0,81,0,77,0,74,0,0,4,3,0,0,0,0,0,0,,Carapaz_Richard,0,0,0,0,"(25,135)",0,0,0.0,0,0,0.0,0,0,0,0,0,0,2017,24,4,4,6,0,0,0,2,3
5958,Godon,Dorian,Godon D.,2,322,0,0,0,dgodon,19960525,0.0,0.0,0,4.5,0.0,0.0,0,0,3,0,0,0,190,73,0,0,0,73,0,66,0,73,0,75,0,67,0,67,0,78,0,76,0,76,0,75,0,76,0,71,0,78,0,68,0,0,3,5,0,0,0,0,128,0,,Godon_Dorian,0,0,0,0,"(135,91,4)",0,0,0.0,0,0,0.0,0,0,0,0,0,0,2017,16,2,1,3,1,1,1,3,0
5962,Gaudu,David,Gaudu D.,6,305,0,0,0,dgaudu,19961010,0.0,0.0,0,5.0,0.0,0.0,0,0,3,0,0,0,173,56,0,0,0,67,0,76,82,76,0,79,0,64,68,67,72,67,0,68,66,75,0,73,80,72,77,75,81,76,80,73,0,0,3,3,0,0,0,0,0,0,,Gaudu_David,0,0,0,0,"(25,12,87)",0,0,0.0,0,0,0.0,0,0,0,0,0,0,2017,13,7,1,3,0,0,0,5,5
5966,Shaw,James,Shaw J.,5,1801,0,0,0,jshaw,19960613,0.0,0.0,0,4.0,0.0,0.0,0,0,3,0,0,0,179,63,0,0,0,69,0,71,0,73,0,70,0,67,0,70,0,70,0,60,0,70,0,69,0,69,0,71,0,74,0,71,0,0,0,0,0,0,0,0,0,0,,Shaw_James,0,0,0,0,(),0,0,0.0,0,0,0.0,0,0,0,0,0,0,2017,0,1,1,3,1,0,1,1,2
5972,Geismayr,Daniel,Geismayr D.,119,3701,0,0,0,dgeismayr,19890828,0.0,0.0,0,3.0,0.0,0.0,0,0,3,0,0,0,0,0,0,0,0,65,0,69,0,69,0,77,0,63,0,63,0,63,0,61,0,66,0,63,0,64,0,65,0,69,0,63,0,0,0,0,0,0,0,0,0,0,,Geismayr_Daniel,0,0,0,0,(),0,0,0.0,0,0,0.0,0,0,0,0,0,0,0,0,0,0,0,0,0,0,0,0
5977,Rodriguez,John Anderson,Rodriguez J.A.,119,1101,0,0,0,jarodriguez,19961012,0.0,0.0,0,4.0,0.0,0.0,0,0,3,0,0,0,172,62,0,0,0,58,0,72,0,71,0,67,0,58,0,62,0,61,0,59,0,65,0,61,0,62,0,62,0,70,0,67,0,0,0,0,0,0,0,0,0,0,,Rodriguez_John-Anderson,0,0,0,0,(),0,0,0.0,0,0,0.0,0,0,0,0,0,0,0,0,0,0,0,0,0,0,0,0
5978,van Aert,Wout,van Aert W.,14,402,0,0,0,wvanaert,19940915,87.0,0.0,0,6.0,0.0,0.0,0,0,3,0,0,0,190,78,0,0,0,80,0,68,0,73,0,84,0,82,0,78,0,78,0,73,0,70,0,81,0,81,0,79,0,77,0,78,0,0,3,5,0,0,0,0,3,0,WVA,Van-Aert_Wout,0,0,0,0,"(11,25,4)",0,0,0.0,0,0,0.0,0,0,0,0,0,0,2016,51,7,1,1,5,6,6,1,0
5979,Merlier,Tim,Merlier T.,10,402,0,0,0,tmerlier,19921030,0.0,0.0,0,5.0,0.0,0.0,0,0,3,0,0,0,185,74,0,0,0,74,0,59,0,65,0,82,0,75,0,63,0,71,0,82,0,80,0,72,0,76,0,68,0,68,0,65,0,0,3,4,0,0,0,0,10,0,merlier,Merlier_Tim,0,0,0,0,"(25,4,314)",0,0,0.0,0,0,0.0,0,0,0,0,0,0,2017,66,2,2,1,0,2,5,0,0
5981,Albanese,Vincenzo,Albanese V.,5,215,0,0,0,valbanese,19961112,0.0,0.0,0,4.0,0.0,0.0,0,0,3,0,0,0,175,70,0,0,0,71,0,66,0,70,0,73,0,72,0,64,0,67,0,71,0,73,0,69,0,70,0,70,0,74,0,76,0,0,0,0,0,0,0,0,0,0,,Albanese_Vincenzo,0,0,0,0,(),0,0,0.0,0,0,0.0,0,0,0,0,0,0,2017,3,1,4,0,5,1,1,0,1
5984,Aranburu,Alex,Aranburu A.,34,816,0,0,0,aaranburu,19950919,0.0,0.0,0,4.5,0.0,0.0,0,0,3,0,0,0,178,63,0,0,0,72,0,66,0,72,0,81,0,73,0,68,0,75,0,72,0,75,0,73,0,77,0,69,0,77,0,71,0,0,3,0,0,0,0,0,2,0,,Aranburu_Alex,0,0,0,0,(),0,0,0.0,0,0,0.0,0,0,0,0,0,0,2017,9,4,0,4,5,1,0,4,2
5986,Schultz,Nick,Schultz N.,42,2001,0,0,0,nschultz,19940913,0.0,0.0,0,4.0,0.0,0.0,0,0,3,0,0,0,180,68,0,0,0,69,0,73,0,74,0,71,0,58,0,64,0,67,0,64,0,69,0,69,0,69,0,72,0,73,0,69,0,0,0,0,0,0,0,0,0,0,,Schultz_Nick,0,0,0,0,(),0,0,0.0,0,0,0.0,0,0,0,0,0,0,2017,3,2,3,5,0,0,0,6,4
5988,Florez,Miguel Eduardo,Florez M.E.,119,1101,0,0,0,meflorez,19960221,0.0,0.0,0,4.0,0.0,0.0,0,0,3,0,0,0,174,57,0,0,0,62,0,73,0,73,0,66,0,54,0,62,0,62,0,65,0,71,0,63,0,65,0,68,0,72,0,68,0,0,0,0,0,0,0,0,0,0,,Florez_Miguel-Eduardo,0,0,0,0,(),0,0,0.0,0,0,0.0,0,0,0,0,0,0,2017,1,0,1,0,0,0,0,0,4
5992,Planckaert,Edward,Planckaert E.,37,402,0,0,0,eplanckaert,19950201,0.0,0.0,0,3.5,0.0,0.0,0,0,3,0,0,0,178,71,0,0,0,72,0,59,0,65,0,71,0,72,0,61,0,63,0,71,0,73,0,69,0,71,0,66,0,72,0,71,0,0,0,0,0,0,0,0,0,0,,Planckaert_Edward,0,0,0,0,(),0,0,0.0,0,0,0.0,0,0,0,0,0,0,2017,1,1,2,4,0,4,3,0,0
5995,De Vylder,Lindsay,De Vylder L.,37,402,0,0,0,ldevylder,19950530,0.0,0.0,0,3.5,0.0,0.0,0,0,3,0,0,0,183,70,0,0,0,71,0,58,0,63,0,70,0,71,0,64,0,65,0,68,0,65,0,65,0,67,0,65,0,69,0,75,0,0,1,3,0,0,0,0,0,0,,De-Vylder_Lindsay,0,0,0,0,(),0,0,0.0,0,0,0.0,0,0,0,0,0,0,2017,0,0,0,0,0,3,1,1,0
5996,Allegaert,Piet,Allegaert P.,34,402,0,0,0,pallegaert,19950120,0.0,0.0,0,3.5,0.0,0.0,0,0,3,0,0,0,181,70,0,0,0,73,0,59,0,64,0,72,0,73,0,64,0,70,0,74,0,72,0,69,0,69,0,64,0,68,0,70,0,0,0,0,0,0,0,0,0,0,,Allegaert_Piet,0,0,0,0,(),0,0,0.0,0,0,0.0,0,0,0,0,0,0,2017,1,1,0,1,0,8,5,1,0
5999,Masnada,Fausto,Masnada F.,103,204,0,0,0,fmasnada,19931106,0.0,0.0,0,4.5,0.0,0.0,0,0,3,0,0,0,181,65,0,0,0,67,0,70,0,70,0,65,0,66,0,74,0,70,0,60,0,68,0,67,0,66,0,72,0,71,0,75,0,0,0,0,0,0,0,0,0,0,,Masnada_Fausto,0,0,0,0,(),0,0,0.0,0,0,0.0,0,0,0,0,0,0,2017,6,0,5,2,3,0,0,1,6
6000,Sosa,Iván,Sosa I.,70,1101,0,0,0,isosa,19971031,0.0,0.0,0,3.5,0.0,0.0,0,0,3,0,0,0,168,56,0,0,0,64,0,71,0,70,0,63,0,58,0,59,0,59,0,59,0,66,0,69,0,65,0,65,0,69,0,62,0,0,2,1,0,0,0,0,0,0,,Sosa_Ivan,0,0,0,0,(),0,0,0.0,0,0,0.0,0,0,0,0,0,0,2017,17,0,2,1,0,0,0,1,3
6001,Vendrame,Andrea,Vendrame A.,20,206,0,0,0,avendrame,19940720,0.0,0.0,0,4.5,0.0,0.0,0,0,3,0,0,0,168,60,0,0,0,69,0,68,0,73,0,73,0,71,0,65,0,69,0,72,0,75,0,71,0,72,0,71,0,76,0,75,0,0,3,4,0,0,0,0,0,0,,Vendrame_Andrea,0,0,0,0,"(173,135,139)",0,0,0.0,0,0,0.0,0,0,0,0,0,0,2017,7,0,8,2,5,0,0,0,4
6003,Díaz,José Manuel,Díaz J.M.,92,801,0,0,0,jmdiaz,19950118,0.0,0.0,0,4.0,0.0,0.0,0,0,3,0,0,0,177,62,0,0,0,67,0,73,0,74,0,71,0,64,0,60,0,60,0,65,0,68,0,71,0,69,0,72,0,75,0,75,0,0,0,0,0,0,0,0,0,0,,Diaz_Jose-Manuel,0,0,0,0,(),0,0,0.0,0,0,0.0,0,0,0,0,0,0,2018,3,0,0,2,0,0,0,0,1
6008,Turek,Daniel,Turek D.,119,3301,0,0,0,dturek,19930119,0.0,0.0,0,2.5,0.0,0.0,0,0,3,0,0,0,183,71,0,0,0,71,0,66,0,68,0,70,0,63,0,63,0,65,0,62,0,69,0,67,0,66,0,71,0,70,0,77,0,0,0,0,0,0,0,0,0,0,,Turek_Daniel,0,0,0,0,(),0,0,0.0,0,0,0.0,0,0,0,0,0,0,0,1,0,0,0,0,0,0,0,0
6011,Ait El Abdia,Anass,Ait El Abdia A.,119,2601,0,0,0,aaitelabdia,19930321,0.0,0.0,0,2.5,0.0,0.0,0,0,3,0,0,0,180,66,0,0,0,66,0,65,0,67,0,60,0,57,0,56,0,58,0,59,0,63,0,62,0,63,0,62,0,69,0,70,0,0,0,0,0,0,0,0,0,0,,Ait-El-Abdia_Anass,0,0,0,0,(),0,0,0.0,0,0,0.0,0,0,0,0,0,0,0,1,0,0,1,0,0,0,0,0
6015,Monk,Cyrus,Monk C.,119,2001,0,0,0,cmonk,19961107,0.0,0.0,0,3.5,0.0,0.0,0,0,3,0,0,0,175,67,0,0,0,72,0,61,0,65,0,70,0,71,0,64,0,65,0,61,0,64,0,65,0,67,0,66,0,69,0,71,0,0,0,0,0,0,0,0,0,0,,Monk_Cyrus,0,0,0,0,(),0,0,0.0,0,0,0.0,0,0,0,0,0,0,2018,0,0,0,0,0,1,1,0,0
6016,Morey,Drew,Morey D.,119,2001,0,0,0,,19961127,0.0,0.0,0,2.5,0.0,0.0,0,0,3,0,0,0,0,0,0,0,0,63,0,61,0,61,0,65,0,54,0,58,0,59,0,59,0,58,0,57,0,52,0,53,0,60,0,63,0,0,0,0,0,0,0,0,0,0,,Morey_Drew,0,0,0,0,(),0,0,0.0,0,0,0.0,0,0,0,0,0,0,0,0,0,0,0,0,0,0,0,0
6027,Eekhoff,Nils,Eekhoff N.,15,501,0,0,0,neekhoff,19980123,0.0,0.0,0,4.5,0.0,0.0,0,0,3,0,0,0,191,75,0,0,0,76,0,57,0,63,0,68,0,73,0,72,0,73,0,74,0,71,0,73,0,71,0,65,0,69,0,68,0,0,2,4,0,0,0,0,0,0,,Eekhoff_Nils,0,0,0,0,(4),0,0,0.0,0,0,0.0,0,0,0,0,0,0,2020,2,4,0,0,1,4,3,0,0
6028,Gall,Felix,Gall F.,3,3701,0,0,0,fgall,19980227,0.0,0.0,0,5.0,0.0,0.0,0,0,3,0,0,0,180,66,0,0,0,69,0,81,0,79,0,62,0,60,0,66,0,65,0,59,0,63,0,78,0,72,0,76,0,77,0,75,0,0,4,2,0,0,0,0,0,0,,Gall_Felix,0,0,0,0,(25),0,0,0.0,0,0,0.0,0,0,0,0,0,0,2020,2,3,1,2,0,0,0,1,2
6032,Stork,Florian,Stork F.,125,710,0,0,0,fstork,19970427,0.0,0.0,0,4.0,0.0,0.0,0,0,3,0,0,0,184,65,0,0,0,71,0,72,0,75,0,67,0,62,0,65,0,64,0,69,0,70,0,71,0,69,0,70,0,75,0,73,0,0,0,0,0,0,0,0,0,0,,Stork_Florian,0,0,0,0,(172),0,0,0.0,0,0,0.0,0,0,0,0,0,0,2019,1,0,3,0,1,0,0,1,3
6034,Horvat,Ziga,Horvat Z.,119,2801,0,0,0,zhorvat,19980913,0.0,0.0,0,2.0,0.0,0.0,0,0,3,0,0,0,185,70,0,0,0,65,0,58,0,61,0,62,0,61,0,64,0,66,0,65,0,65,0,62,0,64,0,62,0,63,0,62,0,0,0,0,0,0,0,0,0,0,,Horvat_Ziga,0,0,0,0,(),0,0,0.0,0,0,0.0,0,0,0,0,0,0,0,0,0,0,0,0,0,0,0,0
6038,Angulo,Antonio,Angulo A.,119,806,0,0,0,aangulo,19920218,0.0,0.0,0,3.0,0.0,0.0,0,0,3,0,0,0,175,67,0,0,0,71,0,60,0,64,0,72,0,64,0,60,0,63,0,69,0,71,0,64,0,65,0,68,0,68,0,69,0,0,0,0,0,0,0,0,0,0,,Angulo_Antonio,0,0,0,0,(),0,0,0.0,0,0,0.0,0,0,0,0,0,0,2020,0,0,0,0,0,0,0,0,0
6042,Reynders,Jens,Reynders J.,119,402,0,0,0,jreynders,19980525,0.0,0.0,0,3.5,0.0,0.0,0,0,3,0,0,0,184,76,0,0,0,71,0,57,0,62,0,69,0,71,0,63,0,64,0,69,0,70,0,66,0,67,0,65,0,67,0,73,0,0,0,0,0,0,0,0,0,0,,Reynders_Jens,0,0,0,0,(),0,0,0.0,0,0,0.0,0,0,0,0,0,0,2021,0,0,0,0,0,2,2,0,0
6052,Aguirre,Hernan,Aguirre H.,119,1101,0,0,0,,19951213,0.0,0.0,0,3.0,0.0,0.0,0,0,3,0,0,0,171,55,0,0,0,59,0,70,0,69,0,65,0,54,0,59,0,60,0,55,0,61,0,63,0,65,0,66,0,68,0,60,0,0,0,0,0,0,0,0,0,0,,Aguirre_Hernan,0,0,0,0,(),0,0,0.0,0,0,0.0,0,0,0,0,0,0,0,4,0,0,1,0,0,0,0,0
6053,Amador,Juan José,Amador J.J.,119,1101,0,0,0,,19980420,0.0,0.0,0,2.5,0.0,0.0,0,0,3,0,0,0,179,63,0,0,0,60,0,59,0,60,0,64,0,56,0,62,0,62,0,56,0,58,0,56,0,56,0,55,0,60,0,60,0,0,0,0,0,0,0,0,0,0,,Amador_Juan-Jose,0,0,0,0,(),0,0,0.0,0,0,0.0,0,0,0,0,0,0,0,0,0,0,0,0,0,0,0,0
6055,García,Jhojan,García J.,119,1101,0,0,0,jgarcia,19980110,0.0,0.0,0,3.0,0.0,0.0,0,0,3,0,0,0,168,55,0,0,0,63,0,68,0,69,0,66,0,57,0,59,0,59,0,57,0,69,0,63,0,63,0,65,0,69,0,71,0,0,0,0,0,0,0,0,0,0,,Garcia_Jhojan,0,0,0,0,(),0,0,0.0,0,0,0.0,0,0,0,0,0,0,2017,0,0,0,1,0,0,0,0,0
6056,Higuita,Sergio,Higuita S.,12,1101,0,0,0,shiguita,19970801,0.0,0.0,0,4.5,0.0,0.0,0,0,3,0,0,0,166,57,0,0,0,66,0,74,0,75,0,70,0,65,0,69,0,68,0,67,0,74,0,69,0,70,0,70,0,75,0,74,0,0,3,1,0,0,0,0,2,0,,Higuita_Sergio,0,0,0,0,(),0,0,0.0,0,0,0.0,0,0,0,0,0,0,2017,10,3,0,4,1,0,0,3,6
6057,Molano,Sebastián,Molano S.,16,1101,0,0,0,smolano,19941104,0.0,0.0,0,4.5,0.0,0.0,0,0,3,0,0,0,180,72,0,0,0,73,0,61,0,65,0,70,0,70,0,60,0,64,0,77,0,75,0,69,0,73,0,70,0,69,0,56,0,0,3,2,0,0,0,0,0,0,,Molano_Sebastian,0,0,0,0,(),0,0,0.0,0,0,0.0,0,0,0,0,0,0,2015,27,0,4,5,1,0,3,0,0
6059,Osorio,Juan Felipe,Osorio J.F.,119,1101,0,0,0,,19950130,0.0,0.0,0,1.5,0.0,0.0,0,0,3,0,0,0,180,66,0,0,0,65,0,66,0,66,0,62,0,62,0,59,0,61,0,60,0,65,0,62,0,61,0,66,0,66,0,72,0,0,0,0,0,0,0,0,0,0,,Osorio_Juan-Felipe,0,0,0,0,(),0,0,0.0,0,0,0.0,0,0,0,0,0,0,0,0,0,0,2,0,0,0,0,0
6061,Reyes,Aldemar,Reyes A.,119,1101,0,0,0,,19950422,0.0,0.0,0,4.0,0.0,0.0,0,0,3,0,0,0,170,55,0,0,0,62,0,72,0,71,0,68,0,56,0,61,0,64,0,63,0,71,0,64,0,66,0,71,0,70,0,65,0,0,0,0,0,0,0,0,0,0,,Reyes_Aldemar,0,0,0,0,(),0,0,0.0,0,0,0.0,0,0,0,0,0,0,0,0,0,0,1,0,0,0,0,0
6062,Sierra,Yecid,Sierra Y.,119,1101,0,0,0,,19940816,0.0,0.0,0,3.0,0.0,0.0,0,0,3,0,0,0,184,66,0,0,0,60,0,70,0,69,0,62,0,53,0,57,0,58,0,60,0,63,0,62,0,61,0,66,0,67,0,68,0,0,0,0,0,0,0,0,0,0,,Sierra_Yecid,0,0,0,0,(),0,0,0.0,0,0,0.0,0,0,0,0,0,0,0,0,0,0,0,0,0,0,0,0
6063,Suaza,Bernardo,Suaza B.,119,1101,0,0,0,,19921128,0.0,0.0,0,2.5,0.0,0.0,0,0,3,0,0,0,174,66,0,0,0,67,0,66,0,67,0,68,0,59,0,64,0,66,0,63,0,62,0,64,0,63,0,68,0,67,0,69,0,0,0,0,0,0,0,0,0,0,,Suaza_Bernardo,0,0,0,0,(),0,0,0.0,0,0,0.0,0,0,0,0,0,0,0,0,0,0,1,0,0,0,0,0
6076,Molly,Kenny,Molly K.,59,402,0,0,0,kmolly,19961224,0.0,0.0,0,3.0,0.0,0.0,0,0,3,0,0,0,171,63,0,0,0,69,0,67,0,70,0,71,0,63,0,61,0,61,0,57,0,66,0,66,0,64,0,65,0,71,0,76,0,0,0,0,0,0,0,0,0,0,,Molly_Kenny,0,0,0,0,(),0,0,0.0,0,0,0.0,0,0,0,0,0,0,2019,0,0,0,0,0,1,0,4,0
6077,Moniquet,Sylvain,Moniquet S.,34,401,0,0,0,smoniquet,19980114,0.0,0.0,0,4.0,0.0,0.0,0,0,3,0,0,0,177,59,0,0,0,68,0,72,0,76,0,70,0,64,0,64,0,68,0,64,0,69,0,70,0,72,0,72,0,75,0,75,0,0,2,2,0,0,0,0,0,0,,Moniquet_Sylvain,0,0,0,0,(),0,0,0.0,0,0,0.0,0,0,0,0,0,0,2021,1,0,2,3,0,0,0,5,2
6083,van den Dool,Jens,van den Dool J.,119,512,0,0,0,jvandendool,19981110,0.0,0.0,0,3.0,0.0,0.0,0,0,3,0,0,0,186,66,0,0,0,62,0,66,0,66,0,63,0,56,0,60,0,60,0,53,0,54,0,58,0,59,0,60,0,65,0,63,0,0,0,0,0,0,0,0,0,0,,Van-Den-Dool_Jens,0,0,0,0,(),0,0,0.0,0,0,0.0,0,0,0,0,0,0,0,0,0,0,0,0,0,0,0,0
6085,van der Horst,Dennis,van der Horst D.,119,509,0,0,0,dvanderhorst,19980111,0.0,0.0,0,2.0,0.0,0.0,0,0,3,0,0,0,179,62,0,0,0,67,0,57,0,61,0,65,0,61,0,61,0,61,0,66,0,64,0,59,0,59,0,62,0,64,0,66,0,0,0,0,0,0,0,0,0,0,,Van-Der-Horst_Dennis,0,0,0,0,(),0,0,0.0,0,0,0.0,0,0,0,0,0,0,0,0,0,0,0,0,0,0,0,0
6088,Almeida,João,Almeida J.,16,2902,0,0,0,jalmeida,19980805,0.0,0.0,0,5.5,0.0,0.0,0,0,3,0,0,0,178,61,0,0,0,74,0,80,0,80,0,74,0,65,0,78,0,79,0,66,0,71,0,80,0,76,0,81,0,77,0,67,0,0,5,2,0,0,0,0,3,0,,Almeida_Joao,0,0,0,0,"(135,91,18)",0,0,0.0,0,0,0.0,0,0,0,0,0,0,2018,23,2,4,4,0,0,0,2,3
6096,Tivani,Nicolas,Tivani N.,119,4601,0,0,0,ntivani,19951031,0.0,0.0,0,4.0,0.0,0.0,0,0,3,0,0,0,176,67,0,0,0,71,0,64,0,68,0,70,0,62,0,62,0,64,0,71,0,70,0,65,0,65,0,68,0,69,0,69,0,0,0,0,0,0,0,0,0,0,,Tivani_Nicolas,0,0,0,0,(),0,0,0.0,0,0,0.0,0,0,0,0,0,0,2019,5,0,0,0,0,0,0,0,0
6099,Rajović,Dušan,Rajović D.,93,5001,0,0,0,drajovic,19971119,0.0,0.0,0,4.0,0.0,0.0,0,0,3,0,0,0,183,76,0,0,0,71,0,56,0,61,0,68,0,68,0,65,0,71,0,76,0,75,0,67,0,69,0,68,0,68,0,60,0,0,0,0,0,0,0,0,67,0,,Rajovic_Dusan,0,0,0,0,(),0,0,0.0,0,0,0.0,0,0,0,0,0,0,2020,18,0,0,0,1,2,3,1,0
6111,Scartezzini,Michele,Scartezzini M.,119,206,0,0,0,,19920110,0.0,0.0,0,2.5,0.0,0.0,0,0,3,0,0,0,183,71,0,0,0,68,0,56,0,57,0,60,0,61,0,65,0,64,0,65,0,66,0,58,0,60,0,61,0,58,0,68,0,0,0,0,0,0,0,0,0,0,,Scartezzini_Michele,0,0,0,0,(),0,0,0.0,0,0,0.0,0,0,0,0,0,0,0,0,0,0,0,0,0,0,0,0
6131,Rodríguez,Óscar,Rodríguez Ó.,2,815,0,0,0,orodriguez,19950506,0.0,0.0,0,4.0,0.0,0.0,0,0,3,0,0,0,179,63,0,0,0,68,0,71,0,72,0,73,0,61,0,68,0,70,0,62,0,67,0,67,0,67,0,71,0,72,0,70,0,0,0,0,0,0,0,0,0,0,,Rodriguez_Oscar,0,0,0,0,(),0,0,0.0,0,0,0.0,0,0,0,0,0,0,2018,1,0,2,4,0,0,0,0,1
6136,Blikra,Erlend,Blikra E.,99,3501,0,0,0,eblikra,19970111,0.0,0.0,0,4.0,0.0,0.0,0,0,3,0,0,0,183,75,0,0,0,72,0,55,0,59,0,68,0,70,0,64,0,68,0,75,0,75,0,70,0,70,0,65,0,66,0,62,0,0,2,4,0,0,0,0,0,0,,Blikra_Erlend,0,0,0,0,(),0,0,0.0,0,0,0.0,0,0,0,0,0,0,2020,3,0,0,0,0,0,0,0,0
6149,Gross,Felix,Gross F.,119,702,0,0,0,fegross,19980904,0.0,0.0,0,3.0,0.0,0.0,0,0,3,0,0,0,184,71,0,0,0,68,0,57,0,61,0,65,0,66,0,65,0,65,0,69,0,68,0,63,0,63,0,61,0,65,0,66,0,0,0,0,0,0,0,0,0,0,,Gross_Felix,0,0,0,0,(),0,0,0.0,0,0,0.0,0,0,0,0,0,0,2022,0,0,0,0,0,1,1,0,0
6150,Nalde,Tobias,Nalde T.,40,701,0,0,0,,19981209,0.0,0.0,0,3.0,0.0,0.0,0,0,3,0,0,0,0,0,0,0,0,67,0,56,0,61,0,60,0,59,0,59,0,61,0,60,0,59,0,61,0,63,0,66,0,65,0,67,0,0,0,0,0,0,0,0,0,0,,Nolde_Tobias,0,0,0,0,(),0,0,0.0,0,0,0.0,0,0,0,0,0,0,0,0,0,0,0,0,0,0,0,0
6157,Alajmi,Abdulhadi,Alajmi A.,119,10701,0,0,0,aalajmi,19950502,0.0,0.0,0,0.5,0.0,0.0,0,0,3,0,0,0,0,0,0,0,0,60,0,55,0,55,0,58,0,52,0,64,0,65,0,55,0,55,0,54,0,52,0,55,0,54,0,59,0,0,0,0,0,0,0,0,0,0,,Alajmi_Abdulhadi,0,0,0,0,(),0,0,0.0,0,0,0.0,0,0,0,0,0,0,0,1,0,0,0,0,0,0,0,0
6158,Alkhalifah,Khaled,Alkhalifah K.,119,10701,0,0,0,,19950423,0.0,0.0,0,1.0,0.0,0.0,0,0,3,0,0,0,0,0,0,0,0,62,0,54,0,56,0,51,0,54,0,65,0,65,0,54,0,52,0,53,0,54,0,54,0,57,0,63,0,0,0,0,0,0,0,0,0,0,,Alkhalifah_Khaled,0,0,0,0,(),0,0,0.0,0,0,0.0,0,0,0,0,0,0,0,1,0,0,0,0,0,0,0,0
6163,Gutierrez,José Manuel,Gutierrez J.M.,119,801,0,0,0,jmgutierrez,19880405,0.0,0.0,0,0.5,0.0,0.0,0,0,3,0,0,0,0,0,0,0,0,57,0,61,0,62,0,62,0,59,0,55,0,56,0,52,0,64,0,56,0,52,0,52,0,63,0,65,0,0,0,0,0,0,0,0,0,0,,Gutierrez_Jose-Manuel,0,0,0,0,(),0,0,0.0,0,0,0.0,0,0,0,0,0,0,0,0,0,0,0,0,0,0,0,0
6167,Torres,Edwin,Torres E.,119,4501,0,0,0,etorres,19970214,0.0,0.0,0,2.0,0.0,0.0,0,0,3,0,0,0,0,0,0,0,0,66,0,51,0,53,0,61,0,55,0,55,0,59,0,69,0,69,0,57,0,55,0,52,0,55,0,59,0,0,0,0,0,0,0,0,0,0,,Torres_Edwin,0,0,0,0,(),0,0,0.0,0,0,0.0,0,0,0,0,0,0,0,0,0,0,0,0,0,0,0,0
6174,Huppertz,Joshua,Huppertz J.,119,710,0,0,0,jhuppertz,19941110,0.0,0.0,0,4.0,0.0,0.0,0,0,3,0,0,0,174,66,0,0,0,71,0,61,0,67,0,72,0,66,0,62,0,64,0,67,0,71,0,65,0,67,0,67,0,72,0,67,0,0,0,0,0,0,0,0,0,0,,Huppertz_Joshua,0,0,0,0,(),0,0,0.0,0,0,0.0,0,0,0,0,0,0,0,1,0,0,0,0,0,0,0,0
6175,Rutsch,Jonas,Rutsch J.,9,711,0,0,0,jrutsch,19980124,0.0,0.0,0,4.5,0.0,0.0,0,0,3,0,0,0,195,85,0,0,0,76,0,62,0,68,0,74,0,75,0,69,0,70,0,63,0,62,0,70,0,70,0,70,0,72,0,75,0,0,0,0,0,0,0,0,0,0,,Rutsch_Jonas,0,0,0,0,(),0,0,0.0,0,0,0.0,0,0,0,0,0,0,2020,0,3,0,0,4,6,5,0,0
6179,Holstad,Ludvik,Holstad L.,119,3501,0,0,0,lholstad,19980801,0.0,0.0,0,1.5,0.0,0.0,0,0,3,0,0,0,0,0,0,0,0,65,0,57,0,61,0,64,0,56,0,59,0,58,0,67,0,66,0,60,0,59,0,60,0,64,0,60,0,0,0,0,0,0,0,0,0,0,,Holstad_Ludvik,0,0,0,0,(),0,0,0.0,0,0,0.0,0,0,0,0,0,0,0,0,0,0,0,0,0,0,0,0
6181,Foss,Tobias,Foss T.,2,3501,0,0,0,tfoss,19970525,0.0,0.0,0,4.5,0.0,0.0,0,0,3,0,0,0,184,74,0,0,0,73,0,69,0,73,0,78,0,66,0,75,0,74,0,58,0,60,0,67,0,68,0,68,0,73,0,72,0,0,3,1,0,0,0,0,83,0,,Foss_Tobias,0,0,0,0,(),0,0,0.0,0,0,0.0,0,0,0,0,0,0,2020,6,1,4,0,1,0,0,1,1
6183,Tiller,Rasmus,Tiller R.,99,3501,0,0,0,rtiller,19960728,0.0,0.0,0,4.0,0.0,0.0,0,0,3,0,0,0,174,71,0,0,0,74,0,57,0,65,0,70,0,75,0,70,0,71,0,74,0,73,0,73,0,72,0,66,0,73,0,69,0,0,1,4,0,0,0,0,2,0,,Tiller_Rasmus,0,0,0,0,(),0,0,0.0,0,0,0.0,0,0,0,0,0,0,2019,5,2,0,1,0,5,5,0,0
6188,Touzé,Damien,Touzé D.,34,317,0,0,0,dtouze,19960707,0.0,0.0,0,3.5,0.0,0.0,0,0,3,0,0,0,174,69,0,0,0,73,0,64,0,68,0,68,0,72,0,67,0,69,0,69,0,73,0,66,0,66,0,71,0,72,0,66,0,0,0,0,0,0,0,0,0,0,,Touze_Damien,0,0,0,0,(4),0,0,0.0,0,0,0.0,0,0,0,0,0,0,2017,0,1,1,3,1,7,6,0,0
6189,Charmig,Anthon,Charmig A.,99,1001,0,0,0,acharmig,19980325,0.0,0.0,0,4.5,0.0,0.0,0,0,3,0,0,0,180,64,0,0,0,71,0,69,0,73,0,70,0,65,0,69,0,67,0,62,0,71,0,69,0,70,0,69,0,74,0,71,0,0,0,0,0,0,0,0,0,0,,Charmig_Anthon,0,0,0,0,(),0,0,0.0,0,0,0.0,0,0,0,0,0,0,2021,1,1,0,0,0,0,0,2,0
6190,Kliris,Magnus,Kliris M.,164,1002,0,0,0,,19960123,0.0,0.0,0,4.0,0.0,0.0,0,0,3,0,0,0,0,0,0,0,0,71,0,68,0,70,0,73,0,68,0,66,0,66,0,65,0,67,0,68,0,66,0,65,0,71,0,70,0,0,0,0,0,0,0,0,0,0,,Klaris_Magnus,0,0,0,0,(),0,0,0.0,0,0,0.0,0,0,0,0,0,0,0,0,0,0,0,0,0,0,0,0
6191,Wallin,Rasmus,Wallin R.,119,1001,0,0,0,rwallin,19960102,0.0,0.0,0,3.5,0.0,0.0,0,0,3,0,0,0,195,78,0,0,0,74,0,57,0,60,0,66,0,71,0,65,0,66,0,69,0,68,0,67,0,66,0,65,0,65,0,75,0,0,0,0,0,0,0,0,0,0,,Wallin_Rasmus,0,0,0,0,(),0,0,0.0,0,0,0.0,0,0,0,0,0,0,0,2,0,0,0,0,0,0,0,0
6193,Lyhne,Daniel,Lyhne D.,119,1001,0,0,0,dlyhne,19960303,0.0,0.0,0,2.0,0.0,0.0,0,0,3,0,0,0,0,0,0,0,0,65,0,57,0,59,0,65,0,61,0,61,0,60,0,63,0,63,0,61,0,61,0,65,0,60,0,63,0,0,0,0,0,0,0,0,0,0,,Lyhne_Daniel,0,0,0,0,(),0,0,0.0,0,0,0.0,0,0,0,0,0,0,0,0,0,0,0,0,0,0,0,0
6195,Vingegaard,Jonas,Vingegaard J.,14,1001,0,0,0,jvingegaard,19961210,0.0,0.0,0,6.0,0.0,0.0,0,0,3,0,0,0,175,60,0,0,0,73,0,83,0,82,0,74,0,64,0,76,0,75,0,65,0,74,0,82,0,76,0,81,0,81,0,72,0,0,5,1,0,0,0,0,0,0,,Vingegaard_Jonas,0,0,0,0,"(25,12,74)",0,0,0.0,0,0,0.0,0,0,0,0,0,0,2019,42,5,0,3,0,0,0,3,3
6196,Lecroq,Jérémy,Lecroq J.,68,310,0,0,0,jlecroq,19950407,0.0,0.0,0,3.5,0.0,0.0,0,0,3,0,0,0,185,75,0,0,0,70,0,54,0,61,0,70,0,68,0,60,0,62,0,73,0,72,0,65,0,67,0,63,0,67,0,66,0,0,0,0,0,0,0,0,0,0,,Lecroq_Jeremy,0,0,0,0,(),0,0,0.0,0,0,0.0,0,0,0,0,0,0,2018,0,1,0,0,0,4,4,0,0
6200,Lienhard,Fabian,Lienhard F.,125,1701,0,0,0,flienhard,19930903,0.0,0.0,0,3.0,0.0,0.0,0,0,3,0,0,0,182,73,0,0,0,72,0,61,0,66,0,67,0,72,0,62,0,64,0,71,0,71,0,67,0,67,0,65,0,70,0,68,0,0,0,0,0,0,0,0,0,0,,Lienhard_Fabian,0,0,0,0,(),0,0,0.0,0,0,0.0,0,0,0,0,0,0,2018,0,1,2,1,1,5,5,0,0
6201,Kron,Andreas,Kron A.,99,1001,0,0,0,akron,19980601,0.0,0.0,0,4.5,0.0,0.0,0,0,3,0,0,0,178,63,0,0,0,71,0,65,0,70,0,76,0,69,0,66,0,66,0,68,0,68,0,69,0,70,0,68,0,76,0,72,0,0,0,0,0,0,0,0,0,0,,Kron_Andreas,0,0,0,0,(),0,0,0.0,0,0,0.0,0,0,0,0,0,0,2019,4,1,0,3,0,0,0,2,4
6230,Harper,Chris,Harper C.,97,2001,0,0,0,charper,19941123,0.0,0.0,0,4.0,0.0,0.0,0,0,3,0,0,0,185,67,0,0,0,71,0,76,0,76,0,69,0,61,0,72,0,70,0,60,0,63,0,74,0,71,0,75,0,74,0,72,0,0,3,2,0,0,0,0,0,0,,Harper_Chris,0,0,0,0,(),0,0,0.0,0,0,0.0,0,0,0,0,0,0,2016,4,2,2,3,0,0,0,1,4
6236,Quiroz,Oscar,Quiroz O.,119,1101,0,0,0,,19940703,0.0,0.0,0,1.5,0.0,0.0,0,0,3,0,0,0,0,0,0,0,0,54,0,56,0,55,0,69,0,59,0,52,0,61,0,58,0,60,0,53,0,56,0,52,0,53,0,66,0,0,0,0,0,0,0,0,2,0,,Quiroz_Oscar,0,0,0,0,(),0,0,0.0,0,0,0.0,0,0,0,0,0,0,0,4,0,0,0,0,0,0,0,0
6247,Narváez,Jhonatan,Narváez J.,16,9401,0,0,0,jnarvaez,19970304,0.0,0.0,0,5.0,0.0,0.0,0,0,3,0,0,0,174,65,0,0,0,73,0,75,0,76,0,77,0,74,0,65,0,66,0,71,0,77,0,76,0,77,0,72,0,79,0,78,0,0,3,3,0,0,0,0,130,0,,Narvaez_Jhonatan,0,0,0,0,"(39,11,173)",0,0,0.0,0,0,0.0,0,0,0,0,0,0,2018,15,1,5,2,3,3,0,0,0
6248,Oliveira,Rui,Oliveira R.,16,2901,0,0,0,roliveira,19960905,0.0,0.0,0,4.0,0.0,0.0,0,0,3,0,0,0,183,66,0,0,0,73,0,61,0,64,0,72,0,73,0,64,0,66,0,74,0,73,0,68,0,69,0,70,0,72,0,59,0,0,2,3,0,0,0,0,0,0,,Oliveira_Rui,0,0,0,0,(),0,0,0.0,0,0,0.0,0,0,0,0,0,0,2018,0,0,2,3,0,4,2,0,0
6249,Oliveira,Ivo,Oliveira I.,16,2901,0,0,0,ioliveira,19960905,0.0,0.0,0,3.0,0.0,0.0,0,0,3,0,0,0,185,68,0,0,0,74,0,61,0,70,0,68,0,65,0,73,0,76,0,71,0,72,0,71,0,71,0,66,0,76,0,64,0,0,2,3,0,0,0,0,131,0,,Oliveira_Ivo,0,0,0,0,(),0,0,0.0,0,0,0.0,0,0,0,0,0,0,2018,7,0,0,3,0,0,0,0,0
6252,McNulty,Brandon,McNulty B.,16,601,0,0,0,bmcnulty,19980402,0.0,0.0,0,5.5,0.0,0.0,0,0,3,0,0,0,183,69,0,0,0,77,0,75,0,80,0,75,0,66,0,80,0,81,0,68,0,69,0,76,0,77,0,72,0,78,0,75,0,0,4,4,0,0,0,0,1,0,,Mcnulty_Brandon,0,0,0,0,(),0,0,0.0,0,0,0.0,0,0,0,0,0,0,2018,22,2,3,2,0,0,0,3,2
6253,Kuss,Sepp,Kuss S.,14,601,0,0,0,skuss,19940913,0.0,0.0,0,5.5,0.0,0.0,0,0,3,0,0,0,180,61,0,0,0,68,0,78,0,78,0,75,0,64,0,67,0,66,0,57,0,67,0,72,0,69,0,75,0,75,0,68,0,0,4,1,0,0,0,0,0,0,,Kuss_Sepp,0,0,0,0,"(25,18)",0,0,0.0,0,0,0.0,0,0,0,0,0,0,2016,11,5,2,8,0,0,0,1,2
6258,Malcharek,Moritz,Malcharek M.,119,704,0,0,0,mmalcharek,19970729,0.0,0.0,0,2.0,0.0,0.0,0,0,3,0,0,0,174,74,0,0,0,66,0,54,0,57,0,69,0,58,0,63,0,65,0,60,0,58,0,59,0,58,0,58,0,60,0,68,0,0,0,0,0,0,0,0,0,0,,Malcharek_Moritz,0,0,0,0,(),0,0,0.0,0,0,0.0,0,0,0,0,0,0,0,0,0,0,0,0,0,0,0,0
6260,Weber,Philip,Weber P.,119,701,0,0,0,pweber,19980724,0.0,0.0,0,1.5,0.0,0.0,0,0,3,0,0,0,193,78,0,0,0,65,0,54,0,55,0,63,0,55,0,57,0,58,0,58,0,53,0,56,0,55,0,57,0,56,0,59,0,0,0,0,0,0,0,0,0,0,,Weber_Philip,0,0,0,0,(),0,0,0.0,0,0,0.0,0,0,0,0,0,0,0,0,0,0,0,0,0,0,0,0
6267,Stewart,Mark,Stewart M.,60,1801,0,0,0,mstewart,19950825,0.0,0.0,0,3.5,0.0,0.0,0,0,3,0,0,0,180,70,0,0,0,67,0,66,0,68,0,68,0,63,0,62,0,61,0,65,0,68,0,67,0,68,0,69,0,70,0,70,0,0,0,0,0,0,0,0,0,0,,Stewart_Mark,0,0,0,0,(),0,0,0.0,0,0,0.0,0,0,0,0,0,0,0,1,0,0,0,1,0,0,0,0
6285,Gohr,André,Gohr A.,119,5601,0,0,0,agohr,19960815,0.0,0.0,0,0.5,0.0,0.0,0,0,3,0,0,0,190,73,0,0,0,52,0,52,0,56,0,61,0,54,0,55,0,54,0,54,0,60,0,55,0,54,0,55,0,59,0,62,0,0,0,0,0,0,0,0,0,0,,Gohr_Andre,0,0,0,0,(),0,0,0.0,0,0,0.0,0,0,0,0,0,0,0,1,0,0,0,0,0,0,0,0
6287,Mosca,Jacopo,Mosca J.,11,202,0,0,0,jmosca,19930829,0.0,0.0,0,4.0,0.0,0.0,0,0,3,0,0,0,173,65,0,0,0,70,0,68,0,71,0,71,0,67,0,65,0,65,0,68,0,70,0,66,0,66,0,72,0,73,0,72,0,0,0,0,0,0,0,0,0,0,,Mosca_Jacopo,0,0,0,0,(),0,0,0.0,0,0,0.0,0,0,0,0,0,0,2017,3,0,5,2,8,0,0,1,4
6290,Poli,Umberto,Poli U.,123,206,0,0,0,upoli,19960827,0.0,0.0,0,2.0,0.0,0.0,0,0,3,0,0,0,167,0,0,0,0,64,0,58,0,60,0,69,0,57,0,56,0,54,0,58,0,54,0,64,0,61,0,62,0,62,0,74,0,0,0,0,0,0,0,0,0,0,,Poli_Umberto,0,0,0,0,(),0,0,0.0,0,0,0.0,0,0,0,0,0,0,0,0,0,0,0,4,0,0,0,0
6295,Affini,Edoardo,Affini E.,14,204,0,0,0,eaffini,19960624,0.0,0.0,0,4.5,0.0,0.0,0,0,3,0,0,0,190,80,0,0,0,76,0,60,0,65,0,67,0,69,0,78,0,77,0,66,0,68,0,67,0,70,0,69,0,69,0,70,0,0,4,3,0,0,0,0,256,0,,Affini_Edoardo,0,0,0,0,(),0,0,0.0,0,0,0.0,0,0,0,0,0,0,2019,3,1,6,2,4,6,6,0,0
6300,Jakobsen,Fabio,Jakobsen F.,15,504,0,0,0,fjakobsen,19960831,0.0,0.0,0,5.0,0.0,0.0,0,0,3,0,0,0,181,78,0,0,0,69,0,56,0,60,0,76,0,70,0,63,0,63,0,73,0,74,0,67,0,69,0,64,0,67,0,63,0,0,1,2,0,0,0,0,10,0,jakobsen,Jakobsen_Fabio,0,0,0,0,(),0,0,0.0,0,0,0.0,0,0,0,0,0,0,2018,46,3,1,2,1,0,0,0,0
6304,van den Berg,Julius,van den Berg J.,15,508,0,0,0,jvandenberg,19961023,0.0,0.0,0,3.0,0.0,0.0,0,0,3,0,0,0,189,78,0,0,0,72,0,57,0,62,0,68,0,66,0,68,0,67,0,64,0,68,0,67,0,66,0,63,0,67,0,72,0,0,0,0,0,0,0,0,0,0,,Van-Den-Berg_Julius,0,0,0,0,(),0,0,0.0,0,0,0.0,0,0,0,0,0,0,2018,1,0,3,4,2,1,4,0,0
6309,De Pestel,Sander,De Pestel S.,3,402,0,0,0,sdepestel,19981011,0.0,0.0,0,3.5,0.0,0.0,0,0,3,0,0,0,184,74,0,0,0,74,0,57,0,61,0,68,0,73,0,66,0,67,0,64,0,67,0,65,0,67,0,65,0,67,0,70,0,0,0,0,0,0,0,0,0,0,,De-Pestel_Sander,0,0,0,0,(4),0,0,0.0,0,0,0.0,0,0,0,0,0,0,2020,0,0,0,2,2,4,4,0,0
6311,Dewulf,Stan,Dewulf S.,3,402,0,0,0,sdewulf,19971220,0.0,0.0,0,4.0,0.0,0.0,0,0,3,0,0,0,176,74,0,0,0,74,0,63,0,68,0,70,0,72,0,65,0,67,0,66,0,67,0,71,0,70,0,69,0,72,0,64,0,0,2,4,0,0,0,0,0,0,,Dewulf_Stan,0,0,0,0,(4),0,0,0.0,0,0,0.0,0,0,0,0,0,0,2019,1,2,1,2,2,4,4,1,0
6312,Ghys,Robbe,Ghys R.,3,402,0,0,0,rghys,19970111,0.0,0.0,0,4.0,0.0,0.0,0,0,3,0,0,0,182,72,0,0,0,73,0,54,0,61,0,66,0,69,0,64,0,64,0,72,0,68,0,66,0,67,0,67,0,68,0,69,0,0,1,3,0,0,0,0,0,0,,Ghys_Robbe,0,0,0,0,(334),0,0,0.0,0,0,0.0,0,0,0,0,0,0,2018,1,1,0,1,0,1,0,1,0
6313,Thijssen,Gerben,Thijssen G.,37,402,0,0,0,gthijssen,19980621,0.0,0.0,0,4.5,0.0,0.0,0,0,3,0,0,0,175,67,0,0,0,72,0,56,0,63,0,69,0,72,0,59,0,62,0,75,0,74,0,71,0,75,0,65,0,71,0,68,0,0,2,4,0,0,0,0,0,0,,Thijssen_Gerben,0,0,0,0,(),0,0,0.0,0,0,0.0,0,0,0,0,0,0,2019,9,1,1,2,0,0,1,0,0
6314,Van Moer,Brent,Van Moer B.,97,402,0,0,0,bvanmoer,19980112,0.0,0.0,0,4.5,0.0,0.0,0,0,3,0,0,0,190,79,0,0,0,75,0,64,0,67,0,70,0,71,0,71,0,70,0,61,0,65,0,71,0,71,0,70,0,70,0,75,0,0,0,0,0,0,0,0,0,0,,Van-Moer_Brent,0,0,0,0,(),0,0,0.0,0,0,0.0,0,0,0,0,0,0,2019,1,4,0,1,0,5,4,1,0
6320,Barbier,Pierre,Barbier P.,168,319,0,0,0,pbarbier,19970925,0.0,0.0,0,4.0,0.0,0.0,0,0,3,0,0,0,166,68,0,0,0,70,0,55,0,59,0,67,0,65,0,59,0,60,0,74,0,73,0,66,0,67,0,65,0,63,0,66,0,0,0,0,0,0,0,0,0,0,,Barbier_Pierre,0,0,0,0,(),0,0,0.0,0,0,0.0,0,0,0,0,0,0,2018,0,0,0,0,0,0,2,0,0
6322,Eenkhoorn,Pascal,Eenkhoorn P.,10,509,0,0,0,peenkhoorn,19970208,0.0,0.0,0,3.5,0.0,0.0,0,0,3,0,0,0,185,70,0,0,0,75,0,64,0,71,0,75,0,71,0,68,0,69,0,69,0,70,0,70,0,70,0,72,0,75,0,74,0,0,0,0,0,0,0,0,2,0,,Eenkhoorn_Pascal,0,0,0,0,"(173,135)",0,0,0.0,0,0,0.0,0,0,0,0,0,0,2018,5,2,1,0,1,5,3,0,0
6324,Philipsen,Jasper,Philipsen J.,37,402,0,0,0,jphilipsen,19980302,0.0,0.0,0,5.0,0.0,0.0,0,0,3,0,0,0,176,69,0,0,0,76,0,60,0,62,0,72,0,79,0,68,0,73,0,82,0,80,0,74,0,78,0,74,0,70,0,65,0,0,4,4,0,0,0,0,0,0,,Philipsen_Jasper,0,0,0,0,"(25,4,77)",0,0,0.0,0,0,0.0,0,0,0,0,0,0,2018,58,6,0,3,5,2,5,0,0
6326,Scotson,Callum,Scotson C.,3,2001,0,0,0,cscotson,19960810,0.0,0.0,0,3.5,0.0,0.0,0,0,3,0,0,0,184,77,0,0,0,70,0,72,0,74,0,67,0,67,0,66,0,67,0,61,0,60,0,68,0,67,0,67,0,72,0,62,0,0,0,0,0,0,0,0,0,0,,Scotson_Callum,0,0,0,0,(91),0,0,0.0,0,0,0.0,0,0,0,0,0,0,2019,0,1,3,5,0,0,1,1,1
6327,Sivakov,Pavel,Sivakov P.,16,314,0,0,0,psivakov,19970711,0.0,0.0,0,5.0,0.0,0.0,0,0,3,0,0,0,188,62,0,0,0,73,0,77,0,77,0,72,0,67,0,72,0,70,0,58,0,65,0,76,0,74,0,74,0,77,0,69,0,0,4,3,0,0,0,0,0,0,,Sivakov_Pavel,0,0,0,0,(),0,0,0.0,0,0,0.0,0,0,0,0,0,0,2018,7,3,4,4,0,0,0,2,5
6330,Welten,Bram,Welten B.,15,507,0,0,0,bwelten,19970329,0.0,0.0,0,3.5,0.0,0.0,0,0,3,0,0,0,188,81,0,0,0,71,0,54,0,60,0,69,0,70,0,59,0,61,0,70,0,69,0,65,0,67,0,63,0,66,0,63,0,0,0,0,0,0,0,0,0,0,,Welten_Bram,0,0,0,0,(),0,0,0.0,0,0,0.0,0,0,0,0,0,0,2018,1,1,2,0,0,0,4,0,0
6331,Hirschi,Marc,Hirschi M.,125,1701,0,0,0,mhirschi,19980824,0.0,0.0,0,5.0,0.0,0.0,0,0,3,0,0,0,173,57,0,0,0,72,0,65,0,71,0,80,0,68,0,68,0,71,0,68,0,72,0,67,0,68,0,68,0,75,0,79,0,0,1,3,0,0,0,0,2,0,,Hirschi_Marc,0,0,0,0,(),0,0,0.0,0,0,0.0,0,0,0,0,0,0,2019,24,4,0,0,2,1,0,7,6
6334,Geniets,Kevin,Geniets K.,6,1901,0,0,0,kgeniets,19970109,0.0,0.0,0,4.5,0.0,0.0,0,0,3,0,0,0,193,70,0,0,0,73,0,66,0,71,0,75,0,70,0,70,0,69,0,68,0,70,0,68,0,70,0,70,0,75,0,71,0,0,3,3,0,0,0,0,3,0,,Geniets_Kevin,0,0,0,0,(),0,0,0.0,0,0,0.0,0,0,0,0,0,0,2020,5,3,1,2,4,4,0,3,0
6335,Champoussin,Clément,Champoussin C.,12,321,0,0,0,cchampoussin,19980529,0.0,0.0,0,4.5,0.0,0.0,0,0,3,0,0,0,180,60,0,0,0,68,0,73,0,76,0,75,0,67,0,63,0,65,0,65,0,72,0,72,0,73,0,70,0,77,0,75,0,0,0,0,0,0,0,0,0,0,,Champoussin_Clement,0,0,0,0,"(87,172)",0,0,0.0,0,0,0.0,0,0,0,0,0,0,2020,3,3,1,3,1,0,0,3,6
6342,Ferron,Valentin,Ferron V.,34,320,0,0,0,vferron,19980208,0.0,0.0,0,4.5,0.0,0.0,0,0,3,0,0,0,174,67,0,0,0,71,0,63,0,70,0,70,0,65,0,67,0,67,0,70,0,73,0,70,0,71,0,68,0,74,0,75,0,0,0,0,0,0,0,0,0,0,,Ferron_Valentin,0,0,0,0,(),0,0,0.0,0,0,0.0,0,0,0,0,0,0,2020,4,1,0,1,1,0,0,5,1
6346,Jeannière,Émilien,Jeannière É.,25,318,0,0,0,ejeanniere,19980926,0.0,0.0,0,3.5,0.0,0.0,0,0,3,0,0,0,176,67,0,0,0,74,0,60,0,66,0,75,0,74,0,67,0,70,0,78,0,77,0,72,0,72,0,66,0,75,0,69,0,0,3,4,0,0,0,0,0,0,,Jeanniere_Emilien,0,0,0,0,(),0,0,0.0,0,0,0.0,0,0,0,0,0,0,2023,5,1,0,0,0,0,1,0,0
6350,Burgaudeau,Mathieu,Burgaudeau M.,25,318,0,0,0,mburgaudeau,19981117,0.0,0.0,0,4.5,0.0,0.0,0,0,3,0,0,0,168,61,0,0,0,72,0,68,0,71,0,72,0,69,0,65,0,67,0,67,0,72,0,70,0,74,0,71,0,73,0,77,0,0,0,0,0,0,0,0,0,0,,Burgaudeau_Mathieu,0,0,0,0,(),0,0,0.0,0,0,0.0,0,0,0,0,0,0,2019,5,5,0,0,0,0,0,5,1
6354,De Bod,Stefan,De Bod S.,60,3601,0,0,0,sdebod,19961117,0.0,0.0,0,4.0,0.0,0.0,0,0,3,0,0,0,182,66,0,0,0,69,0,72,0,74,0,66,0,61,0,72,0,72,0,62,0,66,0,68,0,68,0,70,0,73,0,66,0,0,0,0,0,0,0,0,1,0,,De-Bod_Stefan,0,0,0,0,(),0,0,0.0,0,0,0.0,0,0,0,0,0,0,2019,2,1,2,1,0,0,0,2,2
6356,Eyob,Metkel,Eyob M.,119,4101,0,0,0,,19930904,0.0,0.0,0,2.5,0.0,0.0,0,0,3,0,0,0,0,0,0,0,0,63,0,66,0,66,0,63,0,56,0,59,0,59,0,61,0,65,0,63,0,62,0,60,0,66,0,69,0,0,0,0,0,0,0,0,0,0,,Eyob_Metkel,0,0,0,0,(),0,0,0.0,0,0,0.0,0,0,0,0,0,0,0,1,0,0,0,0,0,0,0,0
6357,Ghebreigzabhier,Amanuel,Ghebreigzabhier A.,11,4101,0,0,0,aghebreigzabhier,19940817,0.0,0.0,0,3.5,0.0,0.0,0,0,3,0,0,0,187,68,0,0,0,69,0,72,0,73,0,69,0,57,0,65,0,67,0,59,0,69,0,70,0,68,0,72,0,72,0,76,0,0,0,0,0,0,0,0,65,0,,Ghebreigzabhier_Amanuel,0,0,0,0,(),0,0,0.0,0,0,0.0,0,0,0,0,0,0,2018,6,0,5,4,0,0,0,0,4
6358,Main,Kent,Main K.,119,3601,0,0,0,,19960108,0.0,0.0,0,3.0,0.0,0.0,0,0,3,0,0,0,0,0,0,0,0,66,0,67,0,67,0,67,0,59,0,65,0,65,0,62,0,64,0,62,0,64,0,66,0,66,0,71,0,0,0,0,0,0,0,0,0,0,,Main_Kent,0,0,0,0,(),0,0,0.0,0,0,0.0,0,0,0,0,0,0,0,1,0,0,0,0,0,0,0,0
6363,Rivera,Kevin,Rivera K.,119,6101,0,0,0,krivera,19980628,0.0,0.0,0,3.5,0.0,0.0,0,0,3,0,0,0,165,56,0,0,0,62,0,68,0,68,0,61,0,56,0,62,0,62,0,56,0,64,0,64,0,63,0,67,0,67,0,63,0,0,0,0,0,0,0,0,0,0,,Rivera_Kevin,0,0,0,0,(),0,0,0.0,0,0,0.0,0,0,0,0,0,0,2017,6,0,0,0,0,0,0,0,1
6369,Cardona,Julian,Cardona J.,119,1101,0,0,0,jcardona,19970119,0.0,0.0,0,3.0,0.0,0.0,0,0,3,0,0,0,0,0,0,0,0,64,0,63,0,64,0,62,0,60,0,65,0,65,0,59,0,61,0,58,0,60,0,56,0,65,0,62,0,0,0,0,0,0,0,0,0,0,,Cardona_Julian,0,0,0,0,(),0,0,0.0,0,0,0.0,0,0,0,0,0,0,0,0,0,0,0,0,0,0,0,0
6372,Conci,Nicola,Conci N.,12,205,0,0,0,nconci,19970105,0.0,0.0,0,4.0,0.0,0.0,0,0,3,0,0,0,185,69,0,0,0,70,0,73,0,74,0,71,0,61,0,65,0,65,0,66,0,69,0,69,0,67,0,68,0,75,0,67,0,0,0,0,0,0,0,0,0,0,,Conci_Nicola,0,0,0,0,(),0,0,0.0,0,0,0.0,0,0,0,0,0,0,2016,0,0,5,2,2,0,0,3,5
6374,Hamilton,Lucas,Hamilton L.,2,2001,0,0,0,lhamilton,19960212,0.0,0.0,0,4.0,0.0,0.0,0,0,3,0,0,0,184,71,0,0,0,70,0,68,0,70,0,68,0,65,0,69,0,68,0,63,0,68,0,65,0,66,0,68,0,71,0,61,0,0,0,0,0,0,0,0,0,0,,Hamilton_Lucas,0,0,0,0,(),0,0,0.0,0,0,0.0,0,0,0,0,0,0,2018,4,1,4,2,1,0,0,1,3
6375,Hodeg,Alvaro José,Hodeg A.J.,119,1101,0,0,0,ajhodeg,19960916,0.0,0.0,0,4.5,0.0,0.0,0,0,3,0,0,0,186,76,0,0,0,69,0,56,0,61,0,74,0,64,0,59,0,63,0,71,0,71,0,65,0,65,0,65,0,66,0,57,0,0,0,0,0,0,0,0,0,0,,Hodeg_Alvaro-Jose,0,0,0,0,(),0,0,0.0,0,0,0.0,0,0,0,0,0,0,2018,16,0,1,0,0,0,1,0,0
6376,Knox,James,Knox J.,15,1801,0,0,0,jknox,19951104,0.0,0.0,0,3.5,0.0,0.0,0,0,3,0,0,0,173,58,0,0,0,66,0,71,0,73,0,66,0,58,0,67,0,66,0,58,0,67,0,68,0,66,0,73,0,72,0,68,0,0,0,0,0,0,0,0,0,0,,Knox_James,0,0,0,0,(),0,0,0.0,0,0,0.0,0,0,0,0,0,0,2018,0,0,5,4,0,0,0,2,1
6377,Fabbro,Matteo,Fabbro M.,93,207,0,0,0,mfabbro,19950410,0.0,0.0,0,4.0,0.0,0.0,0,0,3,0,0,0,167,52,0,0,0,66,0,70,0,71,0,72,0,60,0,64,0,63,0,57,0,62,0,67,0,66,0,67,0,71,0,76,0,0,0,0,0,0,0,0,0,0,,Fabbro_Matteo,0,0,0,0,(),0,0,0.0,0,0,0.0,0,0,0,0,0,0,2018,0,0,3,2,0,0,0,1,4
6380,Russo,Clément,Russo C.,6,322,0,0,0,crusso,19950120,0.0,0.0,0,3.0,0.0,0.0,0,0,3,0,0,0,187,74,0,0,0,75,0,61,0,67,0,76,0,71,0,65,0,68,0,72,0,72,0,67,0,66,0,69,0,71,0,60,0,0,0,0,0,0,0,0,0,0,,Russo_Clement,0,0,0,0,"(4,11,13)",0,0,0.0,0,0,0.0,0,0,0,0,0,0,2018,1,4,1,1,6,4,5,1,0
6390,Bjerg,Mikkel,Bjerg M.,16,1003,0,0,0,mbjerg,19981103,0.0,0.0,0,4.5,0.0,0.0,0,0,3,0,0,0,191,78,0,0,0,75,0,69,0,73,0,70,0,71,0,75,0,75,0,66,0,66,0,71,0,71,0,69,0,73,0,65,0,0,2,3,0,0,0,0,0,0,,Bjerg_Mikkel,0,0,0,0,"(4,39,248)",0,0,0.0,0,0,0.0,0,0,0,0,0,0,2018,1,3,2,1,0,4,4,0,0
6392,Hindley,Jai,Hindley J.,33,2001,0,0,0,jhindley,19960505,0.0,0.0,0,5.0,0.0,0.0,0,0,3,0,0,0,175,60,0,0,0,70,0,79,0,79,0,71,0,63,0,69,0,68,0,63,0,72,0,78,0,74,0,80,0,77,0,65,0,0,5,2,0,0,0,0,0,0,,Hindley_Jai,0,0,0,0,"(135,139)",0,0,0.0,0,0,0.0,0,0,0,0,0,0,2018,9,2,5,3,0,0,0,3,6
6393,Storer,Michael,Storer M.,125,2001,0,0,0,mstorer,19970228,0.0,0.0,0,4.5,0.0,0.0,0,0,3,0,0,0,177,68,0,0,0,68,0,78,0,78,0,73,0,60,0,70,0,69,0,60,0,73,0,75,0,73,0,74,0,76,0,74,0,0,0,0,0,0,0,0,0,0,,Storer_Michael,0,0,0,0,(),0,0,0.0,0,0,0.0,0,0,0,0,0,0,2018,10,2,3,5,0,0,0,1,6
6395,Guernalec,Thibault,Guernalec T.,25,305,0,0,0,tguernalec,19970731,0.0,0.0,0,4.5,0.0,0.0,0,0,3,0,0,0,185,71,0,0,0,74,0,65,0,69,0,68,0,62,0,75,0,76,0,64,0,62,0,70,0,68,0,69,0,73,0,68,0,0,0,0,0,0,0,0,0,0,,Guernalec_Thibault,0,0,0,0,(),0,0,0.0,0,0,0.0,0,0,0,0,0,0,2018,0,0,1,2,3,0,0,1,1
6405,Bou,Joan,Bou J.,35,810,0,0,0,jbou,19970116,0.0,0.0,0,4.0,0.0,0.0,0,0,3,0,0,0,182,62,0,0,0,66,0,70,0,71,0,71,0,60,0,59,0,59,0,56,0,62,0,67,0,67,0,70,0,71,0,70,0,0,0,0,0,0,0,0,0,0,,Bou_Joan,0,0,0,0,(),0,0,0.0,0,0,0.0,0,0,0,0,0,0,2018,0,0,0,4,0,0,0,0,1
6407,Serrano,Gonzalo,Serrano G.,1,814,0,0,0,gserrano,19940817,0.0,0.0,0,4.5,0.0,0.0,0,0,3,0,0,0,177,65,0,0,0,70,0,68,0,69,0,70,0,71,0,65,0,65,0,68,0,72,0,68,0,70,0,68,0,72,0,75,0,0,0,0,0,0,0,0,0,0,,Serrano_Gonzalo,0,0,0,0,(),0,0,0.0,0,0,0.0,0,0,0,0,0,0,2018,5,0,0,2,5,2,1,2,1
6408,Langellotti,Victor,Langellotti V.,2,11101,0,0,0,vlangellotti,19950607,0.0,0.0,0,3.5,0.0,0.0,0,0,3,0,0,0,177,64,0,0,0,69,0,69,0,72,0,71,0,66,0,64,0,64,0,57,0,68,0,69,0,70,0,69,0,74,0,57,0,0,4,2,0,0,0,0,0,0,,Langellotti_Victor,0,0,0,0,(),0,0,0.0,0,0,0.0,0,0,0,0,0,0,2018,3,0,0,2,0,0,0,0,1
6409,Sessler,Nicolas,Sessler N.,119,5601,0,0,0,nsessler,19940429,0.0,0.0,0,1.5,0.0,0.0,0,0,3,0,0,0,169,56,0,0,0,63,0,63,0,64,0,67,0,58,0,57,0,59,0,60,0,64,0,59,0,58,0,59,0,65,0,67,0,0,0,0,0,0,0,0,0,0,,Sessler_Nicolas,0,0,0,0,(),0,0,0.0,0,0,0.0,0,0,0,0,0,0,0,0,0,0,0,0,0,0,0,0
6410,Cabedo,Óscar,Cabedo Ó.,119,810,0,0,0,ocabedo,19941112,0.0,0.0,0,3.0,0.0,0.0,0,0,3,0,0,0,174,54,0,0,0,62,0,71,0,70,0,66,0,54,0,56,0,56,0,55,0,60,0,62,0,64,0,68,0,68,0,59,0,0,0,0,0,0,0,0,0,0,,Cabedo_Oscar,0,0,0,0,(),0,0,0.0,0,0,0.0,0,0,0,0,0,0,2018,0,0,0,5,0,0,0,0,0
6414,Barceló,Fernando,Barceló F.,35,802,0,0,0,fbarcelo,19960106,0.0,0.0,0,4.0,0.0,0.0,0,0,3,0,0,0,173,62,0,0,0,69,0,68,0,73,0,71,0,67,0,63,0,65,0,67,0,72,0,70,0,72,0,67,0,74,0,65,0,0,2,4,0,0,0,0,0,0,,Barcelo_Fernando,0,0,0,0,(),0,0,0.0,0,0,0.0,0,0,0,0,0,0,2018,0,0,0,5,0,0,0,2,2
6415,Barthe,Cyril,Barthe C.,6,302,0,0,0,cbarthe,19960214,0.0,0.0,0,3.5,0.0,0.0,0,0,3,0,0,0,184,70,0,0,0,72,0,65,0,69,0,70,0,70,0,62,0,64,0,71,0,72,0,67,0,67,0,70,0,71,0,63,0,0,0,0,0,0,0,0,0,0,,Barthe_Cyril,0,0,0,0,(),0,0,0.0,0,0,0.0,0,0,0,0,0,0,2018,0,4,1,2,0,2,1,0,0
6417,Samitier,Sergio,Samitier S.,34,802,0,0,0,ssamitier,19950831,0.0,0.0,0,4.0,0.0,0.0,0,0,3,0,0,0,181,63,0,0,0,70,0,68,0,71,0,71,0,68,0,66,0,67,0,61,0,63,0,66,0,67,0,65,0,72,0,67,0,0,0,0,0,0,0,0,0,0,,Samitier_Sergio,0,0,0,0,(),0,0,0.0,0,0,0.0,0,0,0,0,0,0,2018,0,0,3,2,2,0,0,0,1
6419,Vlasov,Aleksandr,Vlasov A.,33,1501,0,0,0,avlasov,19960423,0.0,0.0,0,5.5,0.0,0.0,0,0,3,0,0,0,186,67,0,0,0,71,0,75,0,76,0,69,0,68,0,74,0,74,0,65,0,71,0,72,0,71,0,74,0,76,0,72,0,0,3,2,0,0,0,0,2,0,,Vlasov_Aleksandr,0,0,0,0,(),0,0,0.0,0,0,0.0,0,0,0,0,0,0,2018,12,3,3,4,1,0,0,3,7
6422,Zijlaard,Maikel,Zijlaard M.,125,512,0,0,0,mzijlaard,19990601,0.0,0.0,0,4.0,0.0,0.0,0,0,3,0,0,0,187,73,0,0,0,75,0,56,0,62,0,69,0,68,0,70,0,77,0,74,0,71,0,69,0,70,0,66,0,69,0,63,0,0,0,0,0,0,0,0,0,0,,Zijlaard_Maikel,0,0,0,0,(),0,0,0.0,0,0,0.0,0,0,0,0,0,0,2021,1,0,1,0,0,0,0,0,0
6423,Davis,Cole,Davis C.,119,601,0,0,0,,19990611,0.0,0.0,0,2.5,0.0,0.0,0,0,3,0,0,0,0,0,0,0,0,63,0,57,0,59,0,63,0,63,0,59,0,59,0,59,0,61,0,58,0,58,0,57,0,61,0,64,0,0,0,0,0,0,0,0,0,0,,Davis_Cole,0,0,0,0,(),0,0,0.0,0,0,0.0,0,0,0,0,0,0,0,0,0,0,0,0,0,0,0,0
6428,Goldstein,Omer,Goldstein O.,119,7001,0,0,0,ogoldstein,19960813,0.0,0.0,0,3.5,0.0,0.0,0,0,3,0,0,0,174,61,0,0,0,71,0,67,0,70,0,71,0,67,0,65,0,65,0,58,0,68,0,67,0,69,0,71,0,73,0,78,0,0,0,0,0,0,0,0,0,0,,Goldstein_Omer,0,0,0,0,(),0,0,0.0,0,0,0.0,0,0,0,0,0,0,2018,4,1,0,2,1,0,0,3,4
6429,Parra,Jordan,Parra J.,119,1101,0,0,0,,19940419,0.0,0.0,0,3.0,0.0,0.0,0,0,3,0,0,0,0,0,0,0,0,66,0,56,0,60,0,69,0,60,0,59,0,60,0,70,0,68,0,60,0,58,0,60,0,64,0,57,0,0,0,0,0,0,0,0,0,0,,Parra_Jordan,0,0,0,0,(),0,0,0.0,0,0,0.0,0,0,0,0,0,0,0,1,0,0,0,0,0,0,0,0
6433,Leroux,Samuel,Leroux S.,25,315,0,0,0,sleroux,19941127,0.0,0.0,0,4.0,0.0,0.0,0,0,3,0,0,0,189,78,0,0,0,74,0,59,0,65,0,68,0,71,0,71,0,70,0,70,0,73,0,68,0,69,0,69,0,71,0,75,0,0,0,0,0,0,0,0,0,0,,Leroux_Samuel,0,0,0,0,"(4,106)",0,0,0.0,0,0,0.0,0,0,0,0,0,0,0,3,0,0,0,0,0,1,0,0
6435,Frehen,Jeremy,Frehen J.,119,401,0,0,0,jfrehen,19990713,0.0,0.0,0,3.0,0.0,0.0,0,0,3,0,0,0,178,66,0,0,0,66,0,58,0,61,0,62,0,63,0,59,0,61,0,66,0,65,0,61,0,60,0,60,0,64,0,58,0,0,0,0,0,0,0,0,0,0,,Frehen_Jeremy,0,0,0,0,(),0,0,0.0,0,0,0.0,0,0,0,0,0,0,0,0,0,0,0,0,0,0,0,0
6438,Dopchie,Félix,Dopchie F.,119,401,0,0,0,fdopchie,19991230,0.0,0.0,0,2.0,0.0,0.0,0,0,3,0,0,0,181,65,0,0,0,64,0,62,0,64,0,64,0,59,0,56,0,57,0,57,0,60,0,57,0,60,0,61,0,66,0,64,0,0,0,0,0,0,0,0,0,0,,Dopchie_Felix,0,0,0,0,(),0,0,0.0,0,0,0.0,0,0,0,0,0,0,0,0,0,0,0,0,0,0,0,0
6440,Brand,Sam,Brand S.,123,1801,0,0,0,sbrand,19910227,0.0,0.0,0,2.5,0.0,0.0,0,0,3,0,0,0,186,76,0,0,0,68,0,61,0,63,0,65,0,61,0,56,0,60,0,57,0,57,0,63,0,63,0,62,0,67,0,58,0,0,0,0,0,0,0,0,0,0,,Brand_Sam,0,0,0,0,(),0,0,0.0,0,0,0.0,0,0,0,0,0,0,0,0,0,0,0,3,0,0,0,0
6441,Velazquez,Hugo Angel,Velazquez H.A.,119,4601,0,0,0,,19920716,0.0,0.0,0,1.5,0.0,0.0,0,0,3,0,0,0,0,0,0,0,0,65,0,54,0,58,0,68,0,59,0,62,0,64,0,69,0,71,0,59,0,59,0,58,0,62,0,57,0,0,0,0,0,0,0,0,0,0,,Velazquez_Hugo-Angel,0,0,0,0,(),0,0,0.0,0,0,0.0,0,0,0,0,0,0,0,0,0,0,0,0,0,0,0,0
6443,Carpenter,Robin,Carpenter R.,60,601,0,0,0,rcarpenter,19920620,0.0,0.0,0,3.5,0.0,0.0,0,0,3,0,0,0,0,0,0,0,0,68,0,63,0,67,0,68,0,61,0,64,0,64,0,63,0,65,0,65,0,63,0,61,0,68,0,76,0,0,0,0,0,0,0,0,0,0,,Carpenter_Robin,0,0,0,0,(),0,0,0.0,0,0,0.0,0,0,0,0,0,0,2018,5,0,0,0,0,0,0,0,0
6446,Molenaar,Alex,Molenaar A.,35,512,0,0,0,amolenaar,19990713,0.0,0.0,0,4.0,0.0,0.0,0,0,3,0,0,0,184,63,0,0,0,70,0,66,0,70,0,70,0,66,0,67,0,66,0,64,0,69,0,69,0,71,0,66,0,74,0,69,0,0,2,4,0,0,0,0,0,0,,Molenaar_Alex,0,0,0,0,(),0,0,0.0,0,0,0.0,0,0,0,0,0,0,2020,3,0,0,2,0,0,0,0,0
6447,Eriksson,Jacob,Eriksson J.,125,3201,0,0,0,jeriksson,19991001,0.0,0.0,0,4.0,0.0,0.0,0,0,3,0,0,0,180,64,0,0,0,70,0,65,0,68,0,70,0,65,0,59,0,60,0,58,0,65,0,66,0,68,0,64,0,69,0,63,0,0,0,0,0,0,0,0,2,0,,Eriksson_Jacob,0,0,0,0,(),0,0,0.0,0,0,0.0,0,0,0,0,0,0,0,1,0,0,0,0,1,0,0,1
6452,De Jong,Timo,De Jong T.,15,501,0,0,0,tdejong,19990328,0.0,0.0,0,3.5,0.0,0.0,0,0,3,0,0,0,0,0,0,0,0,73,0,57,0,59,0,67,0,69,0,64,0,68,0,70,0,70,0,69,0,67,0,65,0,66,0,72,0,0,0,0,0,0,0,0,0,0,,De-Jong_Timo,0,0,0,0,(),0,0,0.0,0,0,0.0,0,0,0,0,0,0,0,1,0,0,0,0,0,0,0,0
6456,Grigoryan,Stepan,Grigoryan S.,119,12301,0,0,0,,19940327,0.0,0.0,0,2.0,0.0,0.0,0,0,3,0,0,0,0,0,0,0,0,61,0,55,0,56,0,60,0,60,0,60,0,61,0,58,0,60,0,58,0,57,0,54,0,57,0,62,0,0,0,0,0,0,0,0,0,0,,Grigoryan_Stepan,0,0,0,0,(),0,0,0.0,0,0,0.0,0,0,0,0,0,0,0,0,0,0,0,0,0,0,0,0
6457,van den Berg,Marijn,van den Berg M.,5,510,0,0,0,mvandenberg,19990719,0.0,0.0,0,4.5,0.0,0.0,0,0,3,0,0,0,183,73,0,0,0,72,0,63,0,67,0,69,0,70,0,63,0,66,0,75,0,75,0,71,0,70,0,70,0,76,0,65,0,0,3,4,0,0,0,0,0,0,,Van-Den-Berg_Marijn,0,0,0,0,(),0,0,0.0,0,0,0.0,0,0,0,0,0,0,2022,9,2,0,1,1,2,1,0,0
6459,Hoppezak,Vincent,Hoppezak V.,146,501,0,0,0,vhoppezak,19990202,0.0,0.0,0,2.0,0.0,0.0,0,0,3,0,0,0,0,0,0,0,0,60,0,54,0,56,0,60,0,61,0,56,0,56,0,59,0,59,0,55,0,56,0,57,0,57,0,68,0,0,0,0,0,0,0,0,0,0,,Hoppezak_Vincent,0,0,0,0,(),0,0,0.0,0,0,0.0,0,0,0,0,0,0,0,0,0,0,0,0,0,0,0,0
6461,van der Tuuk,Danny,van der Tuuk D.,100,3001,0,0,0,dvandertuuk,19991105,0.0,0.0,0,2.0,0.0,0.0,0,0,3,0,0,0,180,64,0,0,0,66,0,62,0,64,0,65,0,64,0,65,0,65,0,60,0,61,0,61,0,61,0,63,0,66,0,64,0,0,0,0,0,0,0,0,0,0,,Van-Der-Tuuk_Danny,0,0,0,0,(),0,0,0.0,0,0,0.0,0,0,0,0,0,0,2021,0,0,0,0,0,0,0,3,0
6462,Dekker,David,Dekker D.,158,510,0,0,0,ddekker,19980202,0.0,0.0,0,3.5,0.0,0.0,0,0,3,0,0,0,190,79,0,0,0,72,0,57,0,61,0,72,0,70,0,65,0,69,0,73,0,74,0,65,0,66,0,62,0,65,0,71,0,0,0,0,0,0,0,0,0,0,,Dekker_David,0,0,0,0,(),0,0,0.0,0,0,0.0,0,0,0,0,0,0,2021,0,0,3,0,0,3,2,0,0
6465,Pluto,Martin,Pluto M.,119,1601,0,0,0,mpluto,19980113,0.0,0.0,0,3.5,0.0,0.0,0,0,3,0,0,0,0,0,0,0,0,70,0,56,0,60,0,70,0,66,0,58,0,58,0,71,0,70,0,64,0,65,0,65,0,64,0,60,0,0,0,0,0,0,0,0,0,0,,Pluto_Martin,0,0,0,0,(),0,0,0.0,0,0,0.0,0,0,0,0,0,0,0,0,0,0,0,0,0,0,0,0
6473,Yokotsuka,Kohei,Yokotsuka K.,119,2101,0,0,0,kyokotsuka,19940808,0.0,0.0,0,2.0,0.0,0.0,0,0,3,0,0,0,180,65,0,0,0,65,0,58,0,59,0,61,0,58,0,63,0,63,0,56,0,54,0,59,0,59,0,58,0,60,0,56,0,0,0,0,0,0,0,0,0,0,,Yokotsuka_Kohei,0,0,0,0,(),0,0,0.0,0,0,0.0,0,0,0,0,0,0,0,0,0,0,0,0,0,0,0,0
6474,Yoshioka,Naoya,Yoshioka N.,119,2101,0,0,0,nyoshioka,19911223,0.0,0.0,0,1.5,0.0,0.0,0,0,3,0,0,0,167,57,0,0,0,64,0,65,0,66,0,66,0,59,0,58,0,62,0,64,0,63,0,62,0,62,0,63,0,66,0,74,0,0,0,0,0,0,0,0,0,0,,Yoshioka_Naoya,0,0,0,0,(),0,0,0.0,0,0,0.0,0,0,0,0,0,0,0,0,0,0,0,0,0,0,0,0
6483,Taugels,Lennert,Taugels L.,110,402,0,0,0,,19930409,0.0,0.0,0,3.5,0.0,0.0,0,0,3,0,0,0,174,67,0,0,0,69,0,70,0,71,0,72,0,65,0,62,0,64,0,64,0,66,0,67,0,66,0,70,0,72,0,65,0,0,0,0,0,0,0,0,0,0,,Teugels_Lennert,0,0,0,0,(),0,0,0.0,0,0,0.0,0,0,0,0,0,0,2018,2,0,0,0,0,0,0,1,0
6491,Pelikán,Janos,Pelikán J.,167,4001,0,0,0,,19950419,0.0,0.0,0,3.0,0.0,0.0,0,0,3,0,0,0,189,76,0,0,0,71,0,56,0,62,0,68,0,64,0,67,0,69,0,66,0,63,0,63,0,63,0,60,0,67,0,64,0,0,0,0,0,0,0,0,64,0,,Pelikan_Janos,0,0,0,0,(),0,0,0.0,0,0,0.0,0,0,0,0,0,0,0,5,0,0,0,0,0,0,0,0
6494,Donovan,Mark,Donovan M.,97,1801,0,0,0,mdonovan,19990403,0.0,0.0,0,4.5,0.0,0.0,0,0,3,0,0,0,186,70,0,0,0,67,0,74,0,75,0,70,0,64,0,66,0,69,0,62,0,66,0,69,0,69,0,70,0,75,0,64,0,0,0,0,0,0,0,0,0,0,,Donovan_Mark,0,0,0,0,(),0,0,0.0,0,0,0.0,0,0,0,0,0,0,2020,1,1,1,2,2,0,0,4,3
6497,Fouché,James,Fouché J.,119,3401,0,0,0,jfouche,19980328,0.0,0.0,0,3.5,0.0,0.0,0,0,3,0,0,0,186,71,0,0,0,72,0,58,0,65,0,70,0,67,0,66,0,68,0,61,0,63,0,65,0,67,0,67,0,70,0,73,0,0,0,0,0,0,0,0,2,0,,Fouche_James,0,0,0,0,(),0,0,0.0,0,0,0.0,0,0,0,0,0,0,0,3,0,0,0,0,0,0,0,0
6501,Pidcock,Thomas,Pidcock T.,97,1801,0,0,0,tpidcock,19990730,0.0,0.0,0,5.5,0.0,0.0,0,0,3,0,0,0,170,58,0,0,0,71,0,77,78,79,0,84,0,76,0,66,0,71,0,71,0,76,0,77,0,79,0,76,0,81,0,71,0,0,3,5,0,0,0,0,0,0,TPid,Pidcock_Thomas,0,0,0,0,(),0,0,0.0,0,0,0.0,0,0,0,0,0,0,2021,10,3,1,2,4,3,1,4,1
6508,Abrahamsen,Jonas,Abrahamsen J.,99,3501,0,0,0,jabrahamsen,19950920,0.0,0.0,0,4.0,0.0,0.0,0,0,3,0,0,0,178,61,0,0,0,79,0,62,0,69,0,72,0,73,0,65,0,67,0,67,0,68,0,76,0,73,0,73,0,73,0,81,0,0,3,4,0,0,0,0,0,0,,Abrahamsen_Jonas,0,0,0,0,(),0,0,0.0,0,0,0.0,0,0,0,0,0,0,2020,4,3,0,0,2,2,2,0,0
6513,Resell,Erik Nordsaeter,Resell E.N.,99,3501,0,0,0,enresell,19960928,0.0,0.0,0,3.5,0.0,0.0,0,0,3,0,0,0,192,0,0,0,0,74,0,58,0,62,0,67,0,72,0,63,0,70,0,69,0,66,0,67,0,67,0,63,0,67,0,64,0,0,0,0,0,0,0,0,0,0,,Resell_Erik-Nordsaeter,0,0,0,0,(),0,0,0.0,0,0,0.0,0,0,0,0,0,0,2020,0,0,0,0,0,4,4,0,0
6517,Træen,Torstein,Træen T.,99,3501,0,0,0,ttraeen,19950716,0.0,0.0,0,3.0,0.0,0.0,0,0,3,0,0,0,180,0,0,0,0,68,0,76,0,74,0,65,0,59,0,63,0,63,0,59,0,69,0,71,0,68,0,72,0,73,0,72,0,0,5,1,0,0,0,0,0,0,,Traeen_Torstein,0,0,0,0,(),0,0,0.0,0,0,0.0,0,0,0,0,0,0,2020,1,1,1,2,0,0,0,1,0
6524,Rhim,Brendan,Rhim B.,119,601,0,0,0,,19951219,0.0,0.0,0,2.5,0.0,0.0,0,0,3,0,0,0,0,0,0,0,0,68,0,64,0,65,0,65,0,60,0,65,0,67,0,67,0,69,0,61,0,63,0,67,0,66,0,59,0,0,0,0,0,0,0,0,0,0,,Rhim_Brendan,0,0,0,0,(),0,0,0.0,0,0,0.0,0,0,0,0,0,0,0,0,0,0,0,0,0,0,0,0
6526,Gomez,Bryan,Gomez B.,119,1101,0,0,0,,19941119,0.0,0.0,0,2.5,0.0,0.0,0,0,3,0,0,0,0,0,0,0,0,66,0,58,0,59,0,65,0,56,0,59,0,60,0,68,0,66,0,58,0,55,0,59,0,60,0,58,0,0,0,0,0,0,0,0,0,0,,Gomez_Bryan,0,0,0,0,(),0,0,0.0,0,0,0.0,0,0,0,0,0,0,0,1,0,0,0,0,0,0,0,0
6527,Sanchez,Brayan,Sanchez B.,119,1101,0,0,0,,19940603,0.0,0.0,0,1.5,0.0,0.0,0,0,3,0,0,0,0,0,0,0,0,65,0,59,0,60,0,58,0,55,0,65,0,65,0,54,0,54,0,60,0,60,0,62,0,61,0,65,0,0,0,0,0,0,0,0,0,0,,Sanchez_Brayan,0,0,0,0,(),0,0,0.0,0,0,0.0,0,0,0,0,0,0,0,1,0,0,0,0,0,0,0,0
6538,Juaristi,Txomin,Juaristi T.,100,816,0,0,0,tjuaristi,19950720,0.0,0.0,0,3.5,0.0,0.0,0,0,3,0,0,0,182,67,0,0,0,68,0,70,0,72,0,68,0,65,0,71,0,67,0,60,0,64,0,68,0,65,0,70,0,72,0,74,0,0,0,0,0,0,0,0,0,0,,Juaristi_Txomin,0,0,0,0,(),0,0,0.0,0,0,0.0,0,0,0,0,0,0,2020,1,0,0,1,0,0,0,0,0
6541,Martín,Gotzon,Martín G.,100,816,0,0,0,gomartin,19960215,0.0,0.0,0,3.5,0.0,0.0,0,0,3,0,0,0,0,0,0,0,0,69,0,69,0,71,0,74,0,68,0,63,0,64,0,68,0,70,0,67,0,67,0,69,0,72,0,71,0,0,0,0,0,0,0,0,0,0,,Martin_Gotzon,0,0,0,0,(),0,0,0.0,0,0,0.0,0,0,0,0,0,0,2020,0,0,0,3,0,0,0,0,0
6545,Gazzoli,Michele,Gazzoli M.,93,204,0,0,0,mgazzoli,19990304,0.0,0.0,0,4.0,0.0,0.0,0,0,3,0,0,0,180,76,0,0,0,70,0,57,0,63,0,74,0,68,0,64,0,66,0,71,0,70,0,63,0,65,0,63,0,70,0,62,0,0,0,0,0,0,0,0,0,0,,Gazzoli_Michele,0,0,0,0,(),0,0,0.0,0,0,0.0,0,0,0,0,0,0,0,1,1,0,0,1,2,1,0,0
6547,Inkelaar,Kevin,Inkelaar K.,119,501,0,0,0,kinkelaar,19970708,0.0,0.0,0,2.0,0.0,0.0,0,0,3,0,0,0,181,64,0,0,0,62,0,66,0,66,0,69,0,61,0,59,0,62,0,58,0,62,0,58,0,60,0,62,0,66,0,61,0,0,0,0,0,0,0,0,0,0,,Inkelaar_Kevin,0,0,0,0,(),0,0,0.0,0,0,0.0,0,0,0,0,0,0,2020,0,0,0,1,0,0,0,1,0
6548,Moschetti,Matteo,Moschetti M.,97,204,0,0,0,mmoschetti,19960814,0.0,0.0,0,4.5,0.0,0.0,0,0,3,0,0,0,179,73,0,0,0,73,0,60,0,63,0,69,0,69,0,62,0,63,0,76,0,74,0,67,0,70,0,67,0,68,0,59,0,0,0,0,0,0,0,0,0,0,,Moschetti_Matteo,0,0,0,0,(),0,0,0.0,0,0,0.0,0,0,0,0,0,0,2019,14,0,3,1,1,0,2,0,0
6549,Pena Molano,Wilson Estiben,Pena Molano W.E.,119,1101,0,0,0,,19980407,0.0,0.0,0,2.0,0.0,0.0,0,0,3,0,0,0,0,0,0,0,0,63,0,60,0,62,0,64,0,58,0,59,0,59,0,60,0,57,0,59,0,57,0,59,0,63,0,68,0,0,0,0,0,0,0,0,0,0,,Pena-Molano_Wilson-Estiben,0,0,0,0,(),0,0,0.0,0,0,0.0,0,0,0,0,0,0,0,0,0,0,0,0,0,0,0,0
6551,Sevilla,Diego Pablo,Sevilla D.P.,102,814,0,0,0,dpsevilla,19960304,0.0,0.0,0,3.5,0.0,0.0,0,0,3,0,0,0,171,64,0,0,0,70,0,62,0,63,0,73,0,64,0,61,0,63,0,63,0,68,0,66,0,66,0,62,0,66,0,77,0,0,0,0,0,0,0,0,0,0,,Sevilla_Diego-Pablo,0,0,0,0,(),0,0,0.0,0,0,0.0,0,0,0,0,0,0,2021,0,0,1,0,3,0,0,0,2
6562,Schils,Dominic,Schils D.,119,1801,0,0,0,,19911007,0.0,0.0,0,1.0,0.0,0.0,0,0,3,0,0,0,0,0,0,0,0,64,0,56,0,58,0,61,0,61,0,60,0,60,0,61,0,59,0,59,0,61,0,60,0,59,0,59,0,0,0,0,0,0,0,0,0,0,,Schils_Dominic,0,0,0,0,(),0,0,0.0,0,0,0.0,0,0,0,0,0,0,0,0,0,0,0,0,0,0,0,0
6565,Prades,Benjamin,Prades B.,119,801,0,0,0,bprades,19831026,0.0,0.0,0,3.0,0.0,0.0,0,0,3,0,0,0,168,56,0,0,0,63,0,71,0,71,0,65,0,57,0,61,0,61,0,64,0,67,0,65,0,66,0,69,0,71,0,68,0,0,0,0,0,0,0,0,0,0,,Prades_Benjamin,0,0,0,0,(),0,0,0.0,0,0,0.0,0,0,0,0,0,0,0,2,0,0,0,0,0,0,0,0
6566,Morchand,Gianni,Morchand G.,110,402,0,0,0,,19900601,0.0,0.0,0,3.5,0.0,0.0,0,0,3,0,0,0,181,61,0,0,0,69,0,70,0,71,0,74,0,65,0,66,0,66,0,63,0,65,0,67,0,65,0,70,0,71,0,67,0,0,0,0,0,0,0,0,0,0,,Marchand_Gianni,0,0,0,0,(),0,0,0.0,0,0,0.0,0,0,0,0,0,0,0,2,0,0,0,0,0,0,0,0
6567,Hoole,Daan,Hoole D.,3,512,0,0,0,dhoole,19990222,0.0,0.0,0,4.5,0.0,0.0,0,0,3,0,0,0,198,82,0,0,0,77,0,63,0,66,0,67,0,69,0,77,0,77,0,66,0,64,0,68,0,68,0,70,0,67,0,73,0,0,3,4,0,0,0,0,64,0,,Hoole_Daan,0,0,0,0,(4),0,0,0.0,0,0,0.0,0,0,0,0,0,0,2021,3,0,3,2,0,4,4,0,0
6569,Arensman,Thymen,Arensman T.,2,501,0,0,0,tarensman,19991204,0.0,0.0,0,5.0,0.0,0.0,0,0,3,0,0,0,190,68,0,0,0,74,0,79,0,78,0,77,0,67,0,79,0,77,0,60,0,63,0,78,0,74,0,76,0,75,0,76,0,0,3,1,0,0,0,0,0,0,,Arensman_Thymen,0,0,0,0,(),0,0,0.0,0,0,0.0,0,0,0,0,0,0,2020,5,1,4,5,0,0,0,1,4
6570,Meeus,Jordi,Meeus J.,33,402,0,0,0,jmeeus,19980701,0.0,0.0,0,4.5,0.0,0.0,0,0,3,0,0,0,190,80,0,0,0,74,0,58,0,62,0,71,0,75,0,65,0,67,0,79,0,76,0,70,0,70,0,71,0,66,0,66,0,0,2,4,0,0,0,0,0,0,,Meeus_Jordi,0,0,0,0,(),0,0,0.0,0,0,0.0,0,0,0,0,0,0,2021,15,2,0,1,0,3,5,0,0
6572,Bayer,Tobias,Bayer T.,37,3701,0,0,0,tbayer,19991117,0.0,0.0,0,3.5,0.0,0.0,0,0,3,0,0,0,187,71,0,0,0,72,0,65,0,69,0,71,0,67,0,68,0,68,0,63,0,62,0,68,0,66,0,71,0,72,0,71,0,0,3,2,0,0,0,0,0,0,,Bayer_Tobias,0,0,0,0,(),0,0,0.0,0,0,0.0,0,0,0,0,0,0,2021,0,0,2,3,0,0,0,2,4
6576,Adumietz,Johannes,Adumietz J.,152,701,0,0,0,,19980524,0.0,0.0,0,4.0,0.0,0.0,0,0,3,0,0,0,174,63,0,0,0,65,0,67,0,69,0,64,0,59,0,58,0,60,0,64,0,65,0,65,0,65,0,64,0,70,0,64,0,0,0,0,0,0,0,0,0,0,,Adamietz_Johannes,0,0,0,0,(),0,0,0.0,0,0,0.0,0,0,0,0,0,0,2023,1,0,0,0,0,0,0,0,1
6579,Amonn,Dominik,Amonn D.,40,3701,0,0,0,,19990212,0.0,0.0,0,1.5,0.0,0.0,0,0,3,0,0,0,189,76,0,0,0,66,0,55,0,58,0,66,0,61,0,63,0,63,0,61,0,61,0,59,0,57,0,58,0,60,0,61,0,0,0,0,0,0,0,0,0,0,,Amann_Dominik,0,0,0,0,(),0,0,0.0,0,0,0.0,0,0,0,0,0,0,0,0,0,0,0,0,0,0,0,0
6581,Badilatti,Matteo,Badilatti M.,97,1703,0,0,0,mbadilatti,19920730,0.0,0.0,0,4.0,0.0,0.0,0,0,3,0,0,0,178,62,0,0,0,65,0,72,0,73,0,67,0,56,0,59,0,60,0,55,0,63,0,67,0,67,0,69,0,73,0,59,0,0,0,0,0,0,0,0,0,0,,Badilatti_Matteo,0,0,0,0,(),0,0,0.0,0,0,0.0,0,0,0,0,0,0,2019,1,0,1,1,0,0,0,0,2
6584,Norsgaard,Mathias,Norsgaard M.,11,1001,0,0,0,mnorsgaard,19970505,0.0,0.0,0,4.0,0.0,0.0,0,0,3,0,0,0,202,81,0,0,0,72,0,61,0,65,0,77,0,72,0,71,0,73,0,61,0,60,0,66,0,68,0,64,0,68,0,70,0,0,0,0,0,0,0,0,1,0,,Norsgaard_Mathias,0,0,0,0,(),0,0,0.0,0,0,0.0,0,0,0,0,0,0,2019,1,0,0,1,1,4,5,1,0
6585,Haslund,Peter,Haslund P.,119,1001,0,0,0,,19991021,0.0,0.0,0,2.5,0.0,0.0,0,0,3,0,0,0,0,0,0,0,0,64,0,60,0,61,0,62,0,62,0,61,0,61,0,60,0,60,0,58,0,57,0,61,0,62,0,61,0,0,0,0,0,0,0,0,0,0,,Haslund_Peter,0,0,0,0,(),0,0,0.0,0,0,0.0,0,0,0,0,0,0,0,0,0,0,0,0,0,0,0,0
6587,Salby,Alexander,Salby A.,119,1001,0,0,0,asalby,19980604,0.0,0.0,0,3.5,0.0,0.0,0,0,3,0,0,0,176,68,0,0,0,71,0,56,0,59,0,67,0,66,0,60,0,63,0,72,0,71,0,66,0,65,0,63,0,64,0,64,0,0,0,0,0,0,0,0,0,0,,Salby_Alexander,0,0,0,0,(),0,0,0.0,0,0,0.0,0,0,0,0,0,0,2023,11,0,0,0,0,0,2,0,0
6588,Price-Pejtersen,Johan,Price-Pejtersen J.,37,1001,0,0,0,jprice-pejtersen,19990526,0.0,0.0,0,4.5,0.0,0.0,0,0,3,0,0,0,197,77,0,0,0,73,0,56,0,60,0,67,0,62,0,74,0,74,0,61,0,60,0,62,0,63,0,61,0,63,0,61,0,0,2,1,0,0,0,0,0,0,,Price-pejtersen_Johan,0,0,0,0,(),0,0,0.0,0,0,0.0,0,0,0,0,0,0,2020,0,0,0,0,0,0,1,0,0
6589,Johansen,Julius,Johansen J.,16,1001,0,0,0,jjohansen,19990913,0.0,0.0,0,4.5,0.0,0.0,0,0,3,0,0,0,188,75,0,0,0,74,0,56,0,60,0,65,0,65,0,73,0,74,0,63,0,68,0,66,0,68,0,62,0,68,0,74,0,0,2,2,0,0,0,0,0,0,,Johansen_Julius,0,0,0,0,(),0,0,0.0,0,0,0.0,0,0,0,0,0,0,2020,0,0,0,2,0,0,1,0,0
6590,Rodenberg,Frederik,Rodenberg F.,119,1001,0,0,0,frodenberg,19980122,0.0,0.0,0,2.5,0.0,0.0,0,0,3,0,0,0,187,73,0,0,0,63,0,55,0,58,0,67,0,63,0,63,0,64,0,64,0,65,0,56,0,55,0,56,0,61,0,55,0,0,0,0,0,0,0,0,0,0,,Rodenberg_Frederik,0,0,0,0,(25),0,0,0.0,0,0,0.0,0,0,0,0,0,0,2020,0,0,0,0,0,0,0,0,0
6591,Larsen,Mathias,Larsen M.,161,1001,0,0,0,mlarsen,19990502,0.0,0.0,0,3.0,0.0,0.0,0,0,3,0,0,0,187,72,0,0,0,70,0,55,0,60,0,64,0,66,0,62,0,62,0,65,0,66,0,64,0,64,0,62,0,64,0,64,0,0,0,0,0,0,0,0,0,0,,Larsen_Mathias,0,0,0,0,(),0,0,0.0,0,0,0.0,0,0,0,0,0,0,0,0,0,0,0,0,0,0,0,0
6593,Langballe,Johan,Langballe J.,119,1001,0,0,0,jlangballe,19990209,0.0,0.0,0,3.5,0.0,0.0,0,0,3,0,0,0,0,0,0,0,0,68,0,57,0,60,0,65,0,62,0,62,0,63,0,65,0,65,0,60,0,62,0,61,0,63,0,73,0,0,0,0,0,0,0,0,0,0,,Langballe_Johan,0,0,0,0,(),0,0,0.0,0,0,0.0,0,0,0,0,0,0,0,0,0,0,0,0,0,0,0,0
6594,Honoré,Mikkel Frølich,Honoré M.F.,5,1001,0,0,0,mfhonore,19970121,0.0,0.0,0,4.0,0.0,0.0,0,0,3,0,0,0,185,68,0,0,0,74,0,69,0,73,0,69,0,68,0,67,0,68,0,65,0,70,0,71,0,71,0,70,0,75,0,67,0,0,0,0,0,0,0,0,0,0,,Honore_Mikkel-Frolich,0,0,0,0,(),0,0,0.0,0,0,0.0,0,0,0,0,0,0,2019,2,1,5,0,3,2,0,3,3
6599,Maciejuk,Filip,Maciejuk F.,1,3001,0,0,0,fmaciejuk,19990903,0.0,0.0,0,4.0,0.0,0.0,0,0,3,0,0,0,190,78,0,0,0,73,0,61,0,64,0,67,0,70,0,71,0,69,0,57,0,62,0,68,0,69,0,64,0,69,0,62,0,0,0,0,0,0,0,0,64,0,,Maciejuk_Filip,0,0,0,0,(359),0,0,0.0,0,0,0.0,0,0,0,0,0,0,2022,3,0,0,0,1,4,1,0,0
6601,Wirtgen,Luc,Wirtgen L.,125,1901,0,0,0,lwirtgen,19980707,0.0,0.0,0,3.5,0.0,0.0,0,0,3,0,0,0,179,63,0,0,0,67,0,67,0,68,0,67,0,64,0,58,0,58,0,58,0,65,0,66,0,65,0,64,0,70,0,61,0,0,0,0,0,0,0,0,0,0,,Wirtgen_Luc,0,0,0,0,(),0,0,0.0,0,0,0.0,0,0,0,0,0,0,2020,0,0,0,0,1,2,0,2,1
6604,Marenzi,Lorenzo,Marenzi L.,119,4401,0,0,0,,19981008,0.0,0.0,0,3.0,0.0,0.0,0,0,3,0,0,0,0,0,0,0,0,59,0,57,0,59,0,62,0,56,0,57,0,57,0,61,0,57,0,58,0,56,0,60,0,61,0,62,0,0,0,0,0,0,0,0,0,0,,Marenzi_Lorenzo,0,0,0,0,(),0,0,0.0,0,0,0.0,0,0,0,0,0,0,0,0,0,0,0,0,0,0,0,0
6609,Bissegger,Stefan,Bissegger S.,3,1701,0,0,0,sbissegger,19980913,0.0,0.0,0,5.0,0.0,0.0,0,0,3,0,0,0,178,78,0,0,0,77,0,59,0,65,0,74,0,77,0,76,0,79,0,67,0,70,0,75,0,73,0,69,0,69,0,74,0,0,2,4,0,0,0,0,5,0,,Bissegger_Stefan,0,0,0,0,(4),0,0,0.0,0,0,0.0,0,0,0,0,0,0,2020,7,4,0,1,2,4,4,0,0
6613,Froidevaux,Robin,Froidevaux R.,125,1702,0,0,0,rfroidevaux,19981017,0.0,0.0,0,3.5,0.0,0.0,0,0,3,0,0,0,182,71,0,0,0,72,0,59,0,64,0,69,0,64,0,63,0,67,0,74,0,74,0,65,0,66,0,64,0,67,0,65,0,0,0,0,0,0,0,0,2,0,,Froidevaux_Robin,0,0,0,0,(),0,0,0.0,0,0,0.0,0,0,0,0,0,0,0,1,0,1,0,0,0,0,0,0
6617,Suter,Joel,Suter J.,125,1701,0,0,0,jsuter,19981025,0.0,0.0,0,3.5,0.0,0.0,0,0,3,0,0,0,190,75,0,0,0,70,0,64,0,69,0,69,0,69,0,70,0,70,0,69,0,65,0,66,0,66,0,70,0,69,0,73,0,0,0,0,0,0,0,0,1,0,,Suter_Joel,0,0,0,0,(),0,0,0.0,0,0,0.0,0,0,0,0,0,0,2020,2,0,0,0,0,1,0,1,0
6618,Voisard,Yannis,Voisard Y.,125,1702,0,0,0,yvoisard,19980726,0.0,0.0,0,4.5,0.0,0.0,0,0,3,0,0,0,174,56,0,0,0,68,0,75,0,74,0,71,0,61,0,69,0,70,0,65,0,70,0,70,0,69,0,69,0,74,0,71,0,0,4,2,0,0,0,0,0,0,,Voisard_Yannis,0,0,0,0,(),0,0,0.0,0,0,0.0,0,0,0,0,0,0,0,1,0,1,0,0,0,0,1,2
6620,Wood,Oliver,Wood O.,119,1801,0,0,0,owood,19951126,0.0,0.0,0,2.5,0.0,0.0,0,0,3,0,0,0,182,72,0,0,0,70,0,56,0,61,0,67,0,65,0,64,0,67,0,68,0,67,0,63,0,63,0,65,0,66,0,64,0,0,0,0,0,0,0,0,0,0,,Wood_Oliver,0,0,0,0,(),0,0,0.0,0,0,0.0,0,0,0,0,0,0,0,0,0,0,0,0,0,0,0,0
6623,Liepiņš,Emīls,Liepiņš E.,97,1601,0,0,0,eliepins,19921029,0.0,0.0,0,4.0,0.0,0.0,0,0,3,0,0,0,175,69,0,0,0,73,0,58,0,62,0,74,0,70,0,67,0,65,0,72,0,72,0,68,0,72,0,66,0,68,0,65,0,0,0,0,0,0,0,0,2,0,,Liepins_Emils,0,0,0,0,(),0,0,0.0,0,0,0.0,0,0,0,0,0,0,2018,5,0,1,1,1,2,2,0,0
6626,Colnaghi,Luca,Colnaghi L.,81,201,0,0,0,lcolnaghi,19990114,0.0,0.0,0,3.0,0.0,0.0,0,0,3,0,0,0,171,63,0,0,0,69,0,56,0,61,0,70,0,66,0,59,0,60,0,72,0,71,0,65,0,67,0,65,0,68,0,68,0,0,0,0,0,0,0,0,0,0,,Colnaghi_Luca,0,0,0,0,(),0,0,0.0,0,0,0.0,0,0,0,0,0,0,2022,1,0,0,0,0,0,0,0,0
6629,Viviani,Attilio,Viviani A.,93,201,0,0,0,aviviani,19961018,0.0,0.0,0,3.0,0.0,0.0,0,0,3,0,0,0,174,69,0,0,0,69,0,54,0,60,0,67,0,63,0,56,0,57,0,71,0,71,0,63,0,64,0,64,0,62,0,59,0,0,0,0,0,0,0,0,0,0,,Viviani_Attilio,0,0,0,0,(),0,0,0.0,0,0,0.0,0,0,0,0,0,0,2020,3,0,1,0,1,1,0,0,1
6630,Christie-Johnston,Alastair,Christie-Johnston A.,119,2001,0,0,0,,19980329,0.0,0.0,0,2.0,0.0,0.0,0,0,3,0,0,0,0,0,0,0,0,63,0,56,0,57,0,62,0,59,0,62,0,62,0,60,0,59,0,57,0,58,0,58,0,58,0,60,0,0,0,0,0,0,0,0,0,0,,Christie-Johnston_Alastair,0,0,0,0,(),0,0,0.0,0,0,0.0,0,0,0,0,0,0,0,0,0,0,0,0,0,0,0,0
6631,Davids,Brendon,Davids B.,119,3601,0,0,0,,19930204,0.0,0.0,0,3.0,0.0,0.0,0,0,3,0,0,0,0,0,0,0,0,65,0,64,0,65,0,69,0,58,0,60,0,61,0,61,0,63,0,62,0,61,0,65,0,66,0,67,0,0,0,0,0,0,0,0,0,0,,Davids_Brendon,0,0,0,0,(),0,0,0.0,0,0,0.0,0,0,0,0,0,0,0,0,0,0,0,0,0,0,0,0
6640,Hollmann,Juri,Hollmann J.,119,703,0,0,0,jhollmann,19990830,0.0,0.0,0,4.0,0.0,0.0,0,0,3,0,0,0,185,70,0,0,0,72,0,58,0,62,0,70,0,69,0,70,0,69,0,61,0,58,0,65,0,64,0,65,0,65,0,60,0,0,0,0,0,0,0,0,0,0,,Hollmann_Juri,0,0,0,0,(),0,0,0.0,0,0,0.0,0,0,0,0,0,0,2020,0,0,1,1,0,2,2,0,2
6643,Otruba,Jakub,Otruba J.,35,3301,0,0,0,jotruba,19980130,0.0,0.0,0,4.0,0.0,0.0,0,0,3,0,0,0,189,74,0,0,0,71,0,68,0,71,0,66,0,64,0,70,0,70,0,61,0,61,0,65,0,66,0,68,0,72,0,66,0,0,0,0,0,0,0,0,1,0,,Otruba_Jakub,0,0,0,0,(),0,0,0.0,0,0,0.0,0,0,0,0,0,0,0,2,0,0,1,0,0,0,0,0
6645,Zahálka,Matej,Zahálka M.,58,3301,0,0,0,mzahalka,19931204,0.0,0.0,0,3.0,0.0,0.0,0,0,3,0,0,0,181,72,0,0,0,69,0,62,0,65,0,67,0,60,0,61,0,61,0,60,0,62,0,66,0,64,0,65,0,68,0,67,0,0,0,0,0,0,0,0,2,0,,Zahalka_Matej,0,0,0,0,(),0,0,0.0,0,0,0.0,0,0,0,0,0,0,0,1,0,0,0,0,0,0,0,0
6650,Bogdanovics,Maris,Bogdanovics M.,119,1601,0,0,0,,19911119,0.0,0.0,0,3.0,0.0,0.0,0,0,3,0,0,0,0,0,0,0,0,68,0,56,0,60,0,64,0,56,0,56,0,58,0,68,0,69,0,59,0,61,0,66,0,63,0,69,0,0,0,0,0,0,0,0,0,0,,Bogdanovics_Maris,0,0,0,0,(),0,0,0.0,0,0,0.0,0,0,0,0,0,0,0,3,0,0,0,0,0,0,0,0
6660,Oliveira,Fabio,Oliveira F.,119,2901,0,0,0,foliveira,19941025,0.0,0.0,0,0.5,0.0,0.0,0,0,3,0,0,0,0,0,0,0,0,61,0,62,0,63,0,64,0,58,0,59,0,58,0,57,0,55,0,56,0,58,0,58,0,63,0,65,0,0,0,0,0,0,0,0,0,0,,Oliveira_Fabio,0,0,0,0,(),0,0,0.0,0,0,0.0,0,0,0,0,0,0,0,0,0,0,0,0,0,0,0,0
6662,Leaça,Gonçalo,Leaça G.,119,2901,0,0,0,gleaca,19971029,0.0,0.0,0,1.5,0.0,0.0,0,0,3,0,0,0,0,0,0,0,0,62,0,60,0,62,0,68,0,57,0,61,0,62,0,60,0,59,0,58,0,61,0,57,0,63,0,64,0,0,0,0,0,0,0,0,0,0,,Leaca_Goncalo,0,0,0,0,(),0,0,0.0,0,0,0.0,0,0,0,0,0,0,0,0,0,0,0,0,0,0,0,0
6667,Grigoryev,Aleksandr,Grigoryev A.,119,1501,0,0,0,,19920321,0.0,0.0,0,2.5,0.0,0.0,0,0,3,0,0,0,184,73,0,0,0,70,0,64,0,66,0,68,0,63,0,65,0,66,0,67,0,67,0,64,0,64,0,67,0,67,0,62,0,0,0,0,0,0,0,0,0,0,,Grigoryev_Alexander,0,0,0,0,(),0,0,0.0,0,0,0.0,0,0,0,0,0,0,0,0,0,0,0,0,0,0,0,0
6670,Karaliok,Yauheni,Karaliok Y.,119,4301,0,0,0,ykaraliok,19960609,0.0,0.0,0,2.5,0.0,0.0,0,0,3,0,0,0,0,0,0,0,0,70,0,56,0,59,0,67,0,61,0,65,0,65,0,69,0,69,0,63,0,65,0,65,0,62,0,60,0,0,0,0,0,0,0,0,0,0,,Karaliok_Yauheni,0,0,0,0,(),0,0,0.0,0,0,0.0,0,0,0,0,0,0,0,3,0,0,0,0,0,0,0,0
6677,Sobal,Yauhen,Sobal Y.,119,4301,0,0,0,ysobal,19810407,0.0,0.0,0,2.5,0.0,0.0,0,0,3,0,0,0,0,0,0,0,0,70,0,64,0,65,0,69,0,57,0,66,0,65,0,63,0,61,0,66,0,65,0,67,0,66,0,67,0,0,0,0,0,0,0,0,0,0,,Sobal_Yauhen,0,0,0,0,(),0,0,0.0,0,0,0.0,0,0,0,0,0,0,0,7,0,0,0,0,0,0,0,0
6678,Strokau,Vasili,Strokau V.,119,4301,0,0,0,vstrokau,19951009,0.0,0.0,0,2.5,0.0,0.0,0,0,3,0,0,0,0,0,0,0,0,67,0,63,0,64,0,66,0,58,0,60,0,60,0,63,0,67,0,60,0,60,0,61,0,64,0,68,0,0,0,0,0,0,0,0,0,0,,Strokau_Vasili,0,0,0,0,(),0,0,0.0,0,0,0.0,0,0,0,0,0,0,0,0,0,0,0,0,0,0,0,0
6685,Mansouri,Hamza,Mansouri H.,119,5501,0,0,0,,19990413,0.0,0.0,0,3.0,0.0,0.0,0,0,3,0,0,0,0,0,0,0,0,62,0,56,0,57,0,56,0,55,0,62,0,63,0,53,0,53,0,56,0,56,0,56,0,57,0,55,0,0,0,0,0,0,0,0,0,0,,Mansouri_Hamza,0,0,0,0,(),0,0,0.0,0,0,0.0,0,0,0,0,0,0,0,0,0,0,0,0,0,0,0,0
6686,Mansouri,Islam,Mansouri I.,119,5501,0,0,0,,19970723,0.0,0.0,0,3.0,0.0,0.0,0,0,3,0,0,0,0,0,0,0,0,64,0,58,0,59,0,60,0,54,0,63,0,63,0,60,0,60,0,59,0,59,0,59,0,60,0,71,0,0,0,0,0,0,0,0,0,0,,Mansouri_Islam,0,0,0,0,(),0,0,0.0,0,0,0.0,0,0,0,0,0,0,0,1,0,0,0,0,0,0,0,0
6687,Livyns,Arjen,Livyns A.,12,402,0,0,0,alivyns,19940901,0.0,0.0,0,4.5,0.0,0.0,0,0,3,0,0,0,170,58,0,0,0,69,0,62,0,67,0,71,0,74,0,63,0,65,0,66,0,72,0,67,0,68,0,66,0,73,0,71,0,0,1,4,0,0,0,0,0,0,,Livyns_Arjen,0,0,0,0,(),0,0,0.0,0,0,0.0,0,0,0,0,0,0,2018,0,0,0,2,1,5,2,3,1
6688,Paret-Peintre,Aurélien,Paret-Peintre A.,3,322,0,0,0,aparet-peintre,19960227,0.0,0.0,0,5.0,0.0,0.0,0,0,3,0,0,0,184,64,0,0,0,70,0,75,0,77,0,76,0,67,0,69,0,66,0,70,0,71,0,73,0,72,0,73,0,77,0,71,0,0,4,4,0,0,0,0,0,0,,Paret-Peintre_Aurelien,0,0,0,0,"(87,74)",0,0,0.0,0,0,0.0,0,0,0,0,0,0,2018,4,4,3,0,1,1,0,6,4
6689,Vanhoucke,Harm,Vanhoucke H.,97,402,0,0,0,hvanhoucke,19970617,0.0,0.0,0,4.0,0.0,0.0,0,0,3,0,0,0,178,59,0,0,0,68,0,74,0,75,0,68,0,67,0,65,0,63,0,60,0,69,0,70,0,69,0,70,0,74,0,72,0,0,0,0,0,0,0,0,0,0,,Vanhoucke_Harm,0,0,0,0,"(172,135)",0,0,0.0,0,0,0.0,0,0,0,0,0,0,2018,0,1,4,2,0,0,0,2,3
6690,Covili,Luca,Covili L.,81,208,0,0,0,lcovili,19970210,0.0,0.0,0,4.0,0.0,0.0,0,0,3,0,0,0,180,58,0,0,0,66,0,72,0,72,0,72,0,64,0,62,0,63,0,61,0,64,0,67,0,66,0,71,0,71,0,74,0,0,0,0,0,0,0,0,0,0,,Covili_Luca,0,0,0,0,(),0,0,0.0,0,0,0.0,0,0,0,0,0,0,2019,0,0,6,0,1,0,0,0,6
6692,Leknessund,Andreas,Leknessund A.,99,3501,0,0,0,aleknessund,19990521,0.0,0.0,0,4.5,0.0,0.0,0,0,3,0,0,0,185,72,0,0,0,75,0,71,0,74,0,64,0,66,0,74,0,74,0,58,0,70,0,72,0,71,0,71,0,75,0,75,0,0,4,2,0,0,0,0,129,0,,Leknessund_Andreas,0,0,0,0,(25),0,0,0.0,0,0,0.0,0,0,0,0,0,0,2020,7,2,1,0,1,0,0,3,4
6700,Orocito,Franco,Orocito F.,119,4601,0,0,0,,19990330,0.0,0.0,0,3.0,0.0,0.0,0,0,3,0,0,0,175,64,0,0,0,59,0,62,0,63,0,66,0,56,0,53,0,57,0,57,0,55,0,53,0,54,0,56,0,64,0,63,0,0,0,0,0,0,0,0,0,0,,,0,0,0,0,(),0,0,0.0,0,0,0.0,0,0,0,0,0,0,0,0,0,0,0,0,0,0,0,0
6703,Stewart,Campbell,Stewart C.,119,3401,0,0,0,cstewart,19980512,0.0,0.0,0,2.5,0.0,0.0,0,0,3,0,0,0,181,76,0,0,0,68,0,53,0,55,0,67,0,55,0,62,0,64,0,69,0,66,0,65,0,64,0,59,0,58,0,73,0,0,0,0,0,0,0,0,0,0,,Stewart_Campbell,0,0,0,0,(),0,0,0.0,0,0,0.0,0,0,0,0,0,0,2022,1,0,1,0,0,1,1,0,0
6707,Jurado,Cristoff,Jurado C.,119,10201,0,0,0,,19951027,0.0,0.0,0,2.0,0.0,0.0,0,0,3,0,0,0,0,0,0,0,0,61,0,61,0,61,0,63,0,55,0,58,0,57,0,60,0,59,0,58,0,57,0,56,0,61,0,67,0,0,0,0,0,0,0,0,0,0,,Jurado_Cristoff,0,0,0,0,(),0,0,0.0,0,0,0.0,0,0,0,0,0,0,0,6,0,0,0,0,0,0,0,0
6711,Peñalver,Manuel,Peñalver M.,102,810,0,0,0,mpenalver,19981210,0.0,0.0,0,4.0,0.0,0.0,0,0,3,0,0,0,177,65,0,0,0,71,0,58,0,64,0,67,0,64,0,60,0,62,0,73,0,72,0,68,0,69,0,67,0,69,0,59,0,0,0,0,0,0,0,0,0,0,,Penalver_Manuel,0,0,0,0,(),0,0,0.0,0,0,0.0,0,0,0,0,0,0,2019,2,0,0,1,0,0,0,0,0
6713,Zana,Filippo,Zana F.,10,206,0,0,0,fzana,19990318,0.0,0.0,0,5.0,0.0,0.0,0,0,3,0,0,0,185,65,0,0,0,68,0,76,0,77,0,78,0,66,0,64,0,64,0,65,0,73,0,72,0,73,0,75,0,76,0,72,0,0,2,3,0,0,0,0,2,0,,Zana_Filippo,0,0,0,0,(43),0,0,0.0,0,0,0.0,0,0,0,0,0,0,2020,5,0,6,2,3,0,0,2,5
6717,Raileanu,Cristian,Raileanu C.,119,10401,0,0,0,,19930124,0.0,0.0,0,1.5,0.0,0.0,0,0,3,0,0,0,176,63,0,0,0,63,0,69,0,68,0,69,0,54,0,62,0,65,0,61,0,66,0,61,0,63,0,66,0,67,0,68,0,0,0,0,0,0,0,0,0,0,,Raileanu_Cristian,0,0,0,0,(),0,0,0.0,0,0,0.0,0,0,0,0,0,0,0,8,0,0,0,0,0,0,0,0
6718,Ozgur,Batuhan,Ozgur B.,119,7101,0,0,0,,19980201,0.0,0.0,0,3.0,0.0,0.0,0,0,3,0,0,0,0,0,0,0,0,65,0,54,0,56,0,65,0,54,0,57,0,62,0,68,0,69,0,60,0,59,0,58,0,58,0,61,0,0,0,0,0,0,0,0,0,0,,Ozgur_Batuhan,0,0,0,0,(),0,0,0.0,0,0,0.0,0,0,0,0,0,0,0,0,0,0,0,0,0,0,0,0
6720,Märkl,Niklas,Märkl N.,15,711,0,0,0,nmarkl,19990303,0.0,0.0,0,3.5,0.0,0.0,0,0,3,0,0,0,185,70,0,0,0,71,0,58,0,60,0,68,0,66,0,62,0,67,0,70,0,68,0,68,0,66,0,69,0,64,0,65,0,0,0,0,0,0,0,0,0,0,,Markl_Niklas,0,0,0,0,(11),0,0,0.0,0,0,0.0,0,0,0,0,0,0,2021,0,1,2,0,0,2,2,0,0
6721,Tu,Sergio,Tu S.,119,8401,0,0,0,stu,19970224,0.0,0.0,0,1.5,0.0,0.0,0,0,3,0,0,0,178,63,0,0,0,58,0,54,0,56,0,67,0,53,0,59,0,59,0,55,0,59,0,55,0,55,0,55,0,56,0,71,0,0,0,0,0,0,0,0,192,0,,Tu_Sergio,0,0,0,0,(),0,0,0.0,0,0,0.0,0,0,0,0,0,0,2023,3,0,0,0,0,0,0,0,0
6722,Vanoverberghe,Jens,Vanoverberghe J.,119,402,0,0,0,,19990922,0.0,0.0,0,3.0,0.0,0.0,0,0,3,0,0,0,0,0,0,0,0,63,0,54,0,56,0,69,0,60,0,58,0,60,0,66,0,65,0,57,0,54,0,55,0,58,0,60,0,0,0,0,0,0,0,0,0,0,,Vanoverberghe_Jens,0,0,0,0,(),0,0,0.0,0,0,0.0,0,0,0,0,0,0,0,0,0,0,0,0,0,0,0,0
6723,Berwick,Sebastian,Berwick S.,35,2001,0,0,0,sberwick,19991215,0.0,0.0,0,4.0,0.0,0.0,0,0,3,0,0,0,175,59,0,0,0,68,0,69,0,71,0,68,0,60,0,62,0,62,0,57,0,64,0,68,0,66,0,69,0,72,0,71,0,0,0,0,0,0,0,0,0,0,,Berwick_Sebastian,0,0,0,0,(),0,0,0.0,0,0,0.0,0,0,0,0,0,0,2021,1,0,1,1,0,0,0,0,0
6730,Raugel,Antoine,Raugel A.,59,301,0,0,0,araugel,19990214,0.0,0.0,0,3.0,0.0,0.0,0,0,3,0,0,0,185,70,0,0,0,68,0,59,0,64,0,73,0,68,0,64,0,65,0,67,0,69,0,63,0,65,0,63,0,68,0,70,0,0,0,0,0,0,0,0,0,0,,Raugel_Antoine,0,0,0,0,(4),0,0,0.0,0,0,0.0,0,0,0,0,0,0,2022,0,0,0,1,0,0,2,0,0
6738,Mozzato,Luca,Mozzato L.,125,201,0,0,0,lmozzato,19980215,0.0,0.0,0,4.0,0.0,0.0,0,0,3,0,0,0,178,67,0,0,0,73,0,59,0,64,0,73,0,75,0,62,0,61,0,73,0,75,0,72,0,72,0,66,0,73,0,72,0,0,0,0,0,0,0,0,0,0,,Mozzato_Luca,0,0,0,0,(),0,0,0.0,0,0,0.0,0,0,0,0,0,0,2020,3,3,1,0,1,4,5,0,0
6739,Sobrero,Matteo,Sobrero M.,11,201,0,0,0,msobrero,19970514,0.0,0.0,0,4.5,0.0,0.0,0,0,3,0,0,0,177,63,0,0,0,72,0,69,0,72,0,71,0,64,0,77,0,76,0,68,0,65,0,69,0,70,0,76,0,74,0,62,0,0,3,2,0,0,0,0,1,0,,Sobrero_Matteo,0,0,0,0,(),0,0,0.0,0,0,0.0,0,0,0,0,0,0,2020,3,1,3,2,3,0,0,2,4
6743,Grignard,Sébastien,Grignard S.,9,401,0,0,0,sgrignard,19990429,0.0,0.0,0,3.0,0.0,0.0,0,0,3,0,0,0,179,68,0,0,0,72,0,57,0,62,0,67,0,69,0,67,0,67,0,62,0,61,0,68,0,66,0,62,0,65,0,71,0,0,0,0,0,0,0,0,0,0,,Grignard_Sebastien,0,0,0,0,(),0,0,0.0,0,0,0.0,0,0,0,0,0,0,2021,0,2,0,1,1,4,5,2,0
6745,Herregodts,Rune,Herregodts R.,16,402,0,0,0,rherregodts,19980727,0.0,0.0,0,4.5,0.0,0.0,0,0,3,0,0,0,181,70,0,0,0,74,0,66,0,72,0,74,0,71,0,73,0,74,0,65,0,68,0,70,0,72,0,66,0,72,0,73,0,0,2,2,0,0,0,0,0,0,,Herregodts_Rune,0,0,0,0,(),0,0,0.0,0,0,0.0,0,0,0,0,0,0,2021,5,0,0,1,0,0,0,1,0
6746,Huys,Laurens,Huys L.,124,402,0,0,0,lhuys,19980924,0.0,0.0,0,3.5,0.0,0.0,0,0,3,0,0,0,172,61,0,0,0,68,0,71,0,71,0,70,0,66,0,62,0,60,0,57,0,67,0,67,0,68,0,70,0,71,0,71,0,0,0,0,0,0,0,0,0,0,,Huys_Laurens,0,0,0,0,(),0,0,0.0,0,0,0.0,0,0,0,0,0,0,2020,0,0,2,1,0,0,0,4,3
6748,Marit,Arne,Marit A.,33,402,0,0,0,amarit,19990121,0.0,0.0,0,4.5,0.0,0.0,0,0,3,0,0,0,182,72,0,0,0,72,0,57,0,64,0,68,0,70,0,59,0,63,0,76,0,75,0,69,0,71,0,65,0,70,0,67,0,0,1,4,0,0,0,0,0,0,,Marit_Arne,0,0,0,0,(),0,0,0.0,0,0,0.0,0,0,0,0,0,0,2021,1,0,1,2,0,2,1,0,0
6750,Van Gils,Maxim,Van Gils M.,33,402,0,0,0,mvangils,19991125,0.0,0.0,0,5.0,0.0,0.0,0,0,3,0,0,0,174,63,0,0,0,72,0,71,0,74,0,76,0,69,0,65,0,70,0,70,0,74,0,74,0,75,0,72,0,78,0,71,0,0,1,4,0,0,0,0,0,0,,Van-Gils_Maxim,0,0,0,0,(),0,0,0.0,0,0,0.0,0,0,0,0,0,0,2021,7,2,0,2,4,0,0,3,3
6751,Van Poucke,Aaron,Van Poucke A.,119,402,0,0,0,,19980404,0.0,0.0,0,2.5,0.0,0.0,0,0,3,0,0,0,177,68,0,0,0,69,0,65,0,68,0,65,0,65,0,65,0,65,0,67,0,66,0,65,0,65,0,62,0,69,0,67,0,0,0,0,0,0,0,0,0,0,,Van-Poucke_Aaron,0,0,0,0,(),0,0,0.0,0,0,0.0,0,0,0,0,0,0,2019,0,0,0,0,0,0,1,3,0
6753,Bonnet,Thomas,Bonnet T.,25,306,0,0,0,tbonnet,19980913,0.0,0.0,0,4.0,0.0,0.0,0,0,3,0,0,0,175,65,0,0,0,70,0,64,0,69,0,73,0,67,0,63,0,64,0,64,0,66,0,66,0,67,0,65,0,72,0,72,0,0,0,0,0,0,0,0,0,0,,Bonnet_Thomas,0,0,0,0,(),0,0,0.0,0,0,0.0,0,0,0,0,0,0,2023,1,0,0,1,0,1,0,0,0
6755,Champion,Thomas,Champion T.,68,318,0,0,0,tchampion,19990908,0.0,0.0,0,4.0,0.0,0.0,0,0,3,0,0,0,193,70,0,0,0,70,0,70,0,72,0,67,0,65,0,63,0,63,0,55,0,59,0,70,0,66,0,66,0,71,0,73,0,0,0,0,0,0,0,0,0,0,,Champion_Thomas,0,0,0,0,(),0,0,0.0,0,0,0.0,0,0,0,0,0,0,2021,0,0,2,2,1,0,0,0,2
6758,Tabellion,Valentin,Tabellion V.,119,318,0,0,0,vtabellion,19990323,0.0,0.0,0,1.5,0.0,0.0,0,0,3,0,0,0,175,72,0,0,0,69,0,56,0,61,0,67,0,64,0,61,0,61,0,70,0,69,0,62,0,64,0,61,0,65,0,58,0,0,0,0,0,0,0,0,0,0,,Tabellion_Valentin,0,0,0,0,(),0,0,0.0,0,0,0.0,0,0,0,0,0,0,0,0,0,0,0,0,0,0,0,0
6763,Rouiller,Loris,Rouiller L.,119,1702,0,0,0,lrouiller,20000221,0.0,0.0,0,2.0,0.0,0.0,0,0,3,0,0,0,0,0,0,0,0,63,0,60,0,61,0,68,0,58,0,56,0,58,0,58,0,55,0,55,0,53,0,55,0,61,0,61,0,0,0,0,0,0,0,0,0,0,,Rouiller_Loris,0,0,0,0,(),0,0,0.0,0,0,0.0,0,0,0,0,0,0,0,0,0,0,0,0,0,0,0,0
6764,van der Poel,Mathieu,van der Poel M.,37,507,0,0,0,mvanderpoel,19950119,88.0,0.0,0,6.0,0.0,0.0,0,0,3,0,0,0,184,75,0,0,0,80,0,60,0,64,0,84,0,82,0,74,0,77,0,75,0,81,0,83,0,82,0,70,0,77,0,76,0,0,1,5,0,0,0,0,34,0,MVDP,Van-Der-Poel_Mathieu,0,0,0,0,"(4,11,77)",0,0,0.0,0,0,0.0,0,0,0,0,0,0,2019,56,5,1,0,6,7,5,2,1
6766,Vermeersch,Gianni,Vermeersch G.,33,402,0,0,0,gvermeersch,19921119,0.0,0.0,0,4.5,0.0,0.0,0,0,3,0,0,0,173,65,0,0,0,75,0,64,0,68,0,78,0,76,0,65,0,70,0,72,0,71,0,74,0,74,0,66,0,74,0,69,0,0,1,4,0,0,0,0,0,0,,Vermeersch_Gianni,0,0,0,0,(),0,0,0.0,0,0,0.0,0,0,0,0,0,0,2019,4,2,1,1,3,7,5,0,0
6768,Bouchard,Geoffrey,Bouchard G.,25,304,0,0,0,gbouchard,19920401,0.0,0.0,0,4.0,0.0,0.0,0,0,3,0,0,0,177,63,0,0,0,65,0,74,0,73,0,68,0,59,0,62,0,63,0,62,0,67,0,68,0,65,0,72,0,71,0,76,0,0,0,0,0,0,0,0,0,0,,Bouchard_Geoffrey,0,0,0,0,"(135,25,18)",0,0,0.0,0,0,0.0,0,0,0,0,0,0,2019,1,1,3,4,0,0,0,0,3
6770,Evenepoel,Remco,Evenepoel R.,33,402,0,0,0,revenepoel,20000125,88.0,0.0,0,6.0,0.0,0.0,0,0,3,0,0,0,171,64,0,0,0,83,0,80,81,81,0,70,0,70,68,83,84,80,0,68,64,70,0,81,0,77,0,75,0,81,0,76,0,0,4,4,0,0,0,0,1378,0,remco,Evenepoel_Remco,0,0,0,0,"(25,87,18)",0,0,0.0,0,0,0.0,0,0,0,0,0,0,2019,67,2,2,2,0,0,0,3,5
6771,Caicedo,Jonathan,Caicedo J.,119,9401,0,0,0,jcaicedo,19930428,0.0,0.0,0,4.0,0.0,0.0,0,0,3,0,0,0,168,62,0,0,0,64,0,71,0,72,0,65,0,60,0,66,0,66,0,61,0,69,0,67,0,65,0,69,0,71,0,71,0,0,0,0,0,0,0,0,3,0,,Caicedo_Jonathan,0,0,0,0,(),0,0,0.0,0,0,0.0,0,0,0,0,0,0,2016,8,0,5,3,0,0,0,2,2
6773,Stannard,Robert,Stannard R.,13,2001,0,0,0,rstannard,19980916,0.0,0.0,0,4.5,0.0,0.0,0,0,3,0,0,0,179,68,0,0,0,70,0,71,0,72,0,67,0,72,0,67,0,66,0,67,0,72,0,69,0,70,0,69,0,73,0,59,0,0,0,0,0,0,0,0,0,0,,Stannard_Robert,0,0,0,0,(),0,0,0.0,0,0,0.0,0,0,0,0,0,0,2018,0,1,0,3,5,2,2,3,2
6777,Pogačar,Tadej,Pogačar T.,16,2801,0,0,0,tpogacar,19980921,88.0,0.0,0,6.0,0.0,0.0,0,0,3,0,0,0,176,66,0,0,0,77,0,83,0,83,0,77,0,79,0,79,0,77,0,69,0,78,0,83,0,80,0,81,0,83,0,78,0,0,5,5,0,0,0,0,2563,0,,Pogacar_Tadej,0,0,0,0,"(172,175,11)",0,0,0.0,0,0,0.0,0,0,0,0,0,0,2019,108,6,1,1,5,3,1,6,5
6778,Morin,Emmanuel,Morin E.,119,318,0,0,0,emorin,19950313,0.0,0.0,0,3.0,0.0,0.0,0,0,3,0,0,0,178,72,0,0,0,69,0,57,0,61,0,66,0,66,0,59,0,62,0,71,0,71,0,65,0,66,0,66,0,68,0,61,0,0,0,0,0,0,0,0,0,0,,Morin_Emmanuel,0,0,0,0,(),0,0,0.0,0,0,0.0,0,0,0,0,0,0,2019,0,0,0,2,0,0,0,0,1
6779,Giérin,Alexis,Giérin A.,105,302,0,0,0,,19920606,0.0,0.0,0,4.0,0.0,0.0,0,0,3,0,0,0,176,67,0,0,0,70,0,72,0,73,0,68,0,62,0,67,0,66,0,59,0,63,0,70,0,68,0,68,0,73,0,77,0,0,0,0,0,0,0,0,0,0,,Guerin_Alexis,0,0,0,0,(),0,0,0.0,0,0,0.0,0,0,0,0,0,0,2018,5,0,0,0,0,1,0,1,0
6781,Riou,Alan,Riou A.,119,305,0,0,0,ariou,19970402,0.0,0.0,0,3.0,0.0,0.0,0,0,3,0,0,0,176,68,0,0,0,69,0,60,0,66,0,69,0,67,0,65,0,70,0,68,0,71,0,65,0,65,0,66,0,69,0,61,0,0,0,0,0,0,0,0,0,0,,Riou_Alan,0,0,0,0,(),0,0,0.0,0,0,0.0,0,0,0,0,0,0,2019,1,0,2,0,0,0,1,1,0
6784,Einhorn,Itamar,Einhorn I.,42,7001,0,0,0,ieinhorn,19970920,0.0,0.0,0,3.5,0.0,0.0,0,0,3,0,0,0,172,72,0,0,0,70,0,56,0,59,0,70,0,69,0,60,0,65,0,73,0,71,0,65,0,67,0,65,0,66,0,63,0,0,0,0,0,0,0,0,0,0,,Einhorn_Itamar,0,0,0,0,(),0,0,0.0,0,0,0.0,0,0,0,0,0,0,2019,9,0,0,2,0,1,1,0,0
6786,Muñoz,Daniel,Muñoz D.,119,1101,0,0,0,,19961121,0.0,0.0,0,2.5,0.0,0.0,0,0,3,0,0,0,174,57,0,0,0,59,0,73,0,72,0,63,0,55,0,58,0,58,0,57,0,61,0,62,0,63,0,68,0,70,0,63,0,0,0,0,0,0,0,0,0,0,,Munoz_Daniel,0,0,0,0,(),0,0,0.0,0,0,0.0,0,0,0,0,0,0,2019,3,0,0,0,0,0,0,0,2
6790,Cañellas,Xavier,Cañellas X.,119,804,0,0,0,xcanellas,19970316,0.0,0.0,0,2.5,0.0,0.0,0,0,3,0,0,0,175,66,0,0,0,69,0,58,0,61,0,69,0,65,0,63,0,65,0,68,0,68,0,63,0,64,0,65,0,66,0,60,0,0,0,0,0,0,0,0,0,0,,Canellas_Xavier,0,0,0,0,(),0,0,0.0,0,0,0.0,0,0,0,0,0,0,0,1,0,0,0,0,0,0,0,0
6791,González,David,González D.,97,808,0,0,0,dgonzalez,19960221,0.0,0.0,0,3.5,0.0,0.0,0,0,3,0,0,0,180,68,0,0,0,70,0,60,0,65,0,74,0,65,0,62,0,64,0,72,0,72,0,66,0,67,0,65,0,69,0,62,0,0,0,0,0,0,0,0,0,0,,Gonzalez_David,0,0,0,0,(),0,0,0.0,0,0,0.0,0,0,0,0,0,0,2019,0,0,0,0,0,0,0,0,0
6792,Paasschens,Mathijs,Paasschens M.,13,501,0,0,0,mpaasschens,19960318,0.0,0.0,0,3.0,0.0,0.0,0,0,3,0,0,0,188,75,0,0,0,70,0,57,0,67,0,68,0,67,0,64,0,63,0,68,0,69,0,68,0,68,0,66,0,70,0,67,0,0,0,0,0,0,0,0,0,0,,Paasschens_Mathijs,0,0,0,0,(),0,0,0.0,0,0,0.0,0,0,0,0,0,0,2019,0,0,0,1,0,2,1,7,1
6793,Berrade,Urko,Berrade U.,70,815,0,0,0,uberrade,19971128,0.0,0.0,0,4.5,0.0,0.0,0,0,3,0,0,0,184,68,0,0,0,72,0,73,0,74,0,70,0,62,0,70,0,70,0,59,0,62,0,69,0,71,0,71,0,73,0,75,0,0,0,0,0,0,0,0,0,0,,Berrade_Urko,0,0,0,0,(),0,0,0.0,0,0,0.0,0,0,0,0,0,0,2019,1,0,0,2,0,0,0,1,0
6797,Rikunov,Petr,Rikunov P.,119,1501,0,0,0,prikunov,19970224,0.0,0.0,0,2.5,0.0,0.0,0,0,3,0,0,0,0,0,0,0,0,65,0,60,0,62,0,68,0,62,0,64,0,66,0,61,0,57,0,61,0,60,0,60,0,64,0,64,0,0,0,0,0,0,0,0,0,0,,Rikunov_Petr,0,0,0,0,(),0,0,0.0,0,0,0.0,0,0,0,0,0,0,0,1,0,0,0,0,0,0,1,1
6799,Fortunato,Lorenzo,Fortunato L.,12,208,0,0,0,lfortunato,19960509,0.0,0.0,0,4.0,0.0,0.0,0,0,3,0,0,0,170,59,0,0,0,68,0,76,0,77,0,74,0,58,0,59,0,60,0,59,0,71,0,74,0,73,0,74,0,75,0,78,0,0,0,0,0,0,0,0,0,0,,Fortunato_Lorenzo,0,0,0,0,(),0,0,0.0,0,0,0.0,0,0,0,0,0,0,2019,6,0,5,2,0,0,0,1,6
6802,González,Roberto Carlos,González R.C.,93,10201,0,0,0,,19940521,0.0,0.0,0,2.0,0.0,0.0,0,0,3,0,0,0,0,0,0,0,0,63,0,63,0,64,0,62,0,57,0,59,0,56,0,63,0,63,0,61,0,58,0,62,0,66,0,60,0,0,0,0,0,0,0,0,0,0,,Gonzalez_Roberto-Carlos,0,0,0,0,(),0,0,0.0,0,0,0.0,0,0,0,0,0,0,0,1,0,0,0,2,0,0,0,0
6803,Osorio,Alejandro,Osorio A.,119,1101,0,0,0,aosorio,19980528,0.0,0.0,0,4.0,0.0,0.0,0,0,3,0,0,0,181,62,0,0,0,65,0,73,0,72,0,66,0,60,0,60,0,60,0,63,0,67,0,66,0,65,0,67,0,71,0,75,0,0,0,0,0,0,0,0,2,0,,Osorio_Alejandro,0,0,0,0,(),0,0,0.0,0,0,0.0,0,0,0,0,0,0,0,2,0,0,0,0,0,0,0,0
6804,Acosta,Ruben,Acosta R.,119,1101,0,0,0,racosta,19960820,0.0,0.0,0,2.0,0.0,0.0,0,0,3,0,0,0,0,0,0,0,0,60,0,68,0,66,0,61,0,55,0,56,0,56,0,54,0,56,0,59,0,57,0,60,0,64,0,58,0,0,0,0,0,0,0,0,0,0,,Acosta_Ruben,0,0,0,0,(),0,0,0.0,0,0,0.0,0,0,0,0,0,0,0,0,0,0,0,0,0,0,0,0
6805,Lonardi,Giovanni,Lonardi G.,102,206,0,0,0,glonardi,19961109,0.0,0.0,0,4.0,0.0,0.0,0,0,3,0,0,0,180,70,0,0,0,72,0,61,0,65,0,69,0,67,0,60,0,63,0,76,0,76,0,67,0,69,0,71,0,71,0,64,0,0,0,0,0,0,0,0,0,0,,Lonardi_Giovanni,0,0,0,0,(),0,0,0.0,0,0,0.0,0,0,0,0,0,0,2019,5,0,4,0,1,0,0,0,0
6806,Côté,Pier-André,Côté P.A.,42,2201,0,0,0,pacote,19970424,0.0,0.0,0,3.5,0.0,0.0,0,0,3,0,0,0,183,0,0,0,0,74,0,61,0,66,0,64,0,64,0,70,0,65,0,68,0,73,0,69,0,68,0,66,0,70,0,67,0,0,0,0,0,0,0,0,3,0,,Cote_Pier-Andre,0,0,0,0,(),0,0,0.0,0,0,0.0,0,0,0,0,0,0,2019,3,0,0,1,1,0,0,0,0
6807,Carvalho,Andre,Carvalho A.,119,2901,0,0,0,acarvalho,19971031,0.0,0.0,0,3.5,0.0,0.0,0,0,3,0,0,0,181,66,0,0,0,69,0,60,0,65,0,69,0,66,0,63,0,63,0,66,0,68,0,65,0,64,0,65,0,69,0,64,0,0,0,0,0,0,0,0,0,0,,Carvalho_Andre,0,0,0,0,(),0,0,0.0,0,0,0.0,0,0,0,0,0,0,2019,0,0,0,1,0,2,2,0,0
6808,Holowesko,Liam,Holowesko L.,119,11901,0,0,0,,20000901,0.0,0.0,0,1.5,0.0,0.0,0,0,3,0,0,0,0,0,0,0,0,64,0,60,0,62,0,67,0,58,0,63,0,64,0,57,0,60,0,57,0,56,0,55,0,63,0,60,0,0,0,0,0,0,0,0,0,0,,Holowesko_Liam,0,0,0,0,(),0,0,0.0,0,0,0.0,0,0,0,0,0,0,0,0,0,0,0,0,0,0,0,0
6809,Quinn,Sean,Quinn S.,5,601,0,0,0,squinn,20000510,0.0,0.0,0,4.5,0.0,0.0,0,0,3,0,0,0,186,67,0,0,0,70,0,70,81,72,0,72,0,68,71,65,78,66,0,69,0,71,0,70,0,69,0,68,81,73,79,68,0,0,2,2,0,0,0,0,2,0,,Quinn_Sean,0,0,0,0,(),0,0,0.0,0,0,0.0,0,0,0,0,0,0,2019,2,1,0,2,0,0,0,0,1
6811,Vermaerke,Kevin,Vermaerke K.,16,601,0,0,0,kvermaerke,20001016,0.0,0.0,0,4.0,0.0,0.0,0,0,3,0,0,0,179,67,0,0,0,70,0,73,0,75,0,73,0,64,0,65,0,65,0,64,0,70,0,69,0,69,0,71,0,75,0,74,0,0,3,2,0,0,0,0,0,0,,Vermaerke_Kevin,0,0,0,0,(25),0,0,0.0,0,0,0.0,0,0,0,0,0,0,2019,0,2,1,1,4,2,0,5,3
6812,Chia,Luis Carlos,Chia L.C.,119,1101,0,0,0,,19970218,0.0,0.0,0,1.5,0.0,0.0,0,0,3,0,0,0,0,0,0,0,0,64,0,60,0,62,0,65,0,58,0,57,0,60,0,66,0,66,0,59,0,57,0,56,0,63,0,58,0,0,0,0,0,0,0,0,0,0,,Chia_Luis-Carlos,0,0,0,0,(),0,0,0.0,0,0,0.0,0,0,0,0,0,0,0,0,0,0,0,0,0,0,0,0
6815,Saenz,Nicolas,Saenz N.,119,1101,0,0,0,,19970807,0.0,0.0,0,2.5,0.0,0.0,0,0,3,0,0,0,0,0,0,0,0,64,0,68,0,67,0,67,0,54,0,59,0,60,0,56,0,60,0,60,0,62,0,65,0,65,0,60,0,0,0,0,0,0,0,0,0,0,,Saenz_Nicolas,0,0,0,0,(),0,0,0.0,0,0,0.0,0,0,0,0,0,0,0,0,0,0,0,0,0,0,0,0
6818,Niuman,Dominik,Niuman D.,163,3301,0,0,0,,19951023,0.0,0.0,0,2.5,0.0,0.0,0,0,3,0,0,0,181,72,0,0,0,68,0,63,0,65,0,67,0,59,0,62,0,62,0,69,0,67,0,63,0,62,0,66,0,66,0,67,0,0,0,0,0,0,0,0,0,0,,Neuman_Dominik,0,0,0,0,(),0,0,0.0,0,0,0.0,0,0,0,0,0,0,0,0,0,0,0,0,0,0,0,0
6820,Soto,Antonio Jesús,Soto A.J.,70,816,0,0,0,ajsoto,19941224,0.0,0.0,0,4.0,0.0,0.0,0,0,3,0,0,0,175,66,0,0,0,70,0,63,0,66,0,72,0,69,0,67,0,67,0,70,0,69,0,65,0,67,0,70,0,68,0,74,0,0,0,0,0,0,0,0,0,0,,Soto_Antonio-Jesus,0,0,0,0,(),0,0,0.0,0,0,0.0,0,0,0,0,0,0,2020,1,0,0,2,0,0,0,0,0
6825,Koster,Adne,Koster A.,119,501,0,0,0,,20000824,0.0,0.0,0,2.5,0.0,0.0,0,0,3,0,0,0,0,0,0,0,0,68,0,54,0,59,0,66,0,62,0,60,0,60,0,63,0,64,0,61,0,60,0,58,0,63,0,67,0,0,0,0,0,0,0,0,0,0,,Koster_Adne,0,0,0,0,(),0,0,0.0,0,0,0.0,0,0,0,0,0,0,0,0,0,0,0,0,0,0,0,0
6831,Lewis,Adam,Lewis A.,119,1801,0,0,0,alewis,19950821,0.0,0.0,0,1.5,0.0,0.0,0,0,3,0,0,0,0,0,0,0,0,68,0,59,0,62,0,66,0,64,0,63,0,64,0,64,0,65,0,61,0,60,0,62,0,64,0,68,0,0,0,0,0,0,0,0,0,0,,Lewis_Adam,0,0,0,0,(),0,0,0.0,0,0,0.0,0,0,0,0,0,0,0,0,0,0,0,0,0,0,0,0
6838,Sweeny,Harry,Sweeny H.,5,2001,0,0,0,hsweeny,19980709,0.0,0.0,0,4.0,0.0,0.0,0,0,3,0,0,0,186,75,0,0,0,74,0,69,0,74,0,68,0,70,0,72,0,71,0,64,0,66,0,70,0,68,0,69,0,74,0,75,0,0,4,3,0,0,0,0,0,0,,Sweeny_Harry,0,0,0,0,(),0,0,0.0,0,0,0.0,0,0,0,0,0,0,2021,0,2,0,2,2,2,2,3,1
6845,Conca,Filippo,Conca F.,20,204,0,0,0,fconca,19980922,0.0,0.0,0,4.0,0.0,0.0,0,0,3,0,0,0,191,77,0,0,0,66,0,69,0,70,0,68,0,58,0,60,0,61,0,59,0,64,0,63,0,65,0,67,0,71,0,70,0,0,0,0,0,0,0,0,128,0,,Conca_Filippo,0,0,0,0,(),0,0,0.0,0,0,0.0,0,0,0,0,0,0,2021,1,0,0,1,1,0,0,0,1
6852,Bregnhøj,Mathias,Bregnhøj M.,168,1001,0,0,0,mbregnhoj,19951111,0.0,0.0,0,4.0,0.0,0.0,0,0,3,0,0,0,180,63,0,0,0,72,0,70,0,72,0,70,0,67,0,65,0,66,0,60,0,60,0,68,0,68,0,69,0,73,0,66,0,0,0,0,0,0,0,0,0,0,,Bregnhoj_Mathias,0,0,0,0,(),0,0,0.0,0,0,0.0,0,0,0,0,0,0,0,0,0,0,0,0,0,0,0,0
6853,Hanssing,Jeppe,Hanssing J.,119,1001,0,0,0,jhanssing,19981120,0.0,0.0,0,0.5,0.0,0.0,0,0,3,0,0,0,0,0,0,0,0,64,0,61,0,62,0,68,0,60,0,60,0,61,0,58,0,60,0,59,0,59,0,56,0,63,0,64,0,0,0,0,0,0,0,0,0,0,,Hanssing_Jeppe,0,0,0,0,(),0,0,0.0,0,0,0.0,0,0,0,0,0,0,0,0,0,0,0,0,0,0,0,0
6854,Kaspersen,Thomas Rald,Kaspersen T.R.,119,1001,0,0,0,trkaspersen,20000704,0.0,0.0,0,1.5,0.0,0.0,0,0,3,0,0,0,0,0,0,0,0,67,0,60,0,63,0,61,0,58,0,64,0,65,0,56,0,57,0,58,0,60,0,65,0,65,0,64,0,0,0,0,0,0,0,0,0,0,,Kaspersen_Thomas-Rald,0,0,0,0,(),0,0,0.0,0,0,0.0,0,0,0,0,0,0,0,0,0,0,0,0,0,0,0,0
6855,Lisson,Christoffer,Lisson C.,119,1001,0,0,0,clisson,19951128,0.0,0.0,0,2.5,0.0,0.0,0,0,3,0,0,0,193,73,0,0,0,69,0,57,0,62,0,67,0,63,0,64,0,64,0,64,0,66,0,62,0,61,0,64,0,67,0,62,0,0,0,0,0,0,0,0,0,0,,Lisson_Christoffer,0,0,0,0,(),0,0,0.0,0,0,0.0,0,0,0,0,0,0,0,0,0,0,0,0,0,0,0,0
6857,Madsen,Martin Toft,Madsen M.T.,161,1001,0,0,0,mtmadsen,19850220,0.0,0.0,0,3.5,0.0,0.0,0,0,3,0,0,0,184,67,0,0,0,70,0,62,0,64,0,68,0,62,0,71,0,71,0,55,0,56,0,60,0,64,0,67,0,64,0,66,0,0,0,0,0,0,0,0,1,0,,Madsen_Martin-Toft,0,0,0,0,(),0,0,0.0,0,0,0.0,0,0,0,0,0,0,0,6,0,0,0,0,0,0,0,0
6858,Matz,Mathias Bundsgaard,Matz M.B.,119,1001,0,0,0,mbmatz,19980709,0.0,0.0,0,2.0,0.0,0.0,0,0,3,0,0,0,0,0,0,0,0,67,0,58,0,61,0,66,0,60,0,63,0,63,0,59,0,61,0,59,0,58,0,57,0,64,0,68,0,0,0,0,0,0,0,0,0,0,,Matz_Mathias-Bundsgaard,0,0,0,0,(),0,0,0.0,0,0,0.0,0,0,0,0,0,0,0,0,0,0,0,0,0,0,0,0
6861,Toudal,Emil,Toudal E.,119,1001,0,0,0,etoudal,19960528,0.0,0.0,0,3.5,0.0,0.0,0,0,3,0,0,0,187,72,0,0,0,72,0,63,0,67,0,70,0,64,0,62,0,64,0,63,0,65,0,65,0,66,0,69,0,70,0,62,0,0,0,0,0,0,0,0,0,0,,Toudal_Emil,0,0,0,0,(),0,0,0.0,0,0,0.0,0,0,0,0,0,0,0,1,0,0,0,0,0,0,0,0
6862,Compos,Francisco,Compos F.,38,2901,0,0,0,,19971010,0.0,0.0,0,3.5,0.0,0.0,0,0,3,0,0,0,169,60,0,0,0,68,0,61,0,63,0,69,0,63,0,59,0,60,0,70,0,70,0,64,0,64,0,68,0,68,0,64,0,0,0,0,0,0,0,0,0,0,,Campos_Francisco,0,0,0,0,(),0,0,0.0,0,0,0.0,0,0,0,0,0,0,0,0,0,0,0,0,0,0,0,0
6864,Weemaes,Sasha,Weemaes S.,119,402,0,0,0,sweemaes,19980209,0.0,0.0,0,4.0,0.0,0.0,0,0,3,0,0,0,177,73,0,0,0,69,0,55,0,61,0,68,0,68,0,63,0,64,0,70,0,70,0,64,0,65,0,66,0,65,0,60,0,0,0,0,0,0,0,0,0,0,,Weemaes_Sasha,0,0,0,0,(),0,0,0.0,0,0,0.0,0,0,0,0,0,0,2018,1,0,0,0,0,0,1,0,0
6867,Irvine,Declan,Irvine D.,123,2001,0,0,0,dirvine,19990311,0.0,0.0,0,2.0,0.0,0.0,0,0,3,0,0,0,178,75,0,0,0,65,0,58,0,63,0,67,0,58,0,56,0,57,0,59,0,55,0,62,0,63,0,62,0,65,0,68,0,0,0,0,0,0,0,0,0,0,,Irvine_Declan,0,0,0,0,(),0,0,0.0,0,0,0.0,0,0,0,0,0,0,0,0,0,0,0,0,0,0,0,0
6870,Arnes,Daniel,Arnes D.,59,3501,0,0,0,darnes,20000606,0.0,0.0,0,4.0,0.0,0.0,0,0,3,0,0,0,184,80,0,0,0,72,0,57,0,64,0,68,0,67,0,67,0,65,0,66,0,65,0,63,0,61,0,60,0,67,0,70,0,0,0,0,0,0,0,0,0,0,,Arnes_Daniel,0,0,0,0,(),0,0,0.0,0,0,0.0,0,0,0,0,0,0,0,0,0,0,0,0,0,0,0,0
6872,Wærenskjold,Søren,Wærenskjold S.,99,3501,0,0,0,swaerenskjold,20000312,0.0,0.0,0,4.5,0.0,0.0,0,0,3,0,0,0,195,80,0,0,0,77,0,58,0,67,0,73,0,76,0,76,0,78,0,77,0,74,0,77,0,76,0,66,0,75,0,64,0,0,2,4,0,0,0,0,1,0,,Waerenskjold_Soren,0,0,0,0,(),0,0,0.0,0,0,0.0,0,0,0,0,0,0,2021,18,3,0,0,1,2,4,0,0
6874,Oldani,Stefano,Oldani S.,35,204,0,0,0,soldani,19980110,0.0,0.0,0,4.0,0.0,0.0,0,0,3,0,0,0,178,64,0,0,0,70,0,64,0,71,0,70,0,69,0,67,0,67,0,72,0,75,0,70,0,70,0,68,0,74,0,59,0,0,0,0,0,0,0,0,0,0,,Oldani_Stefano,0,0,0,0,(),0,0,0.0,0,0,0.0,0,0,0,0,0,0,2020,1,0,6,0,2,0,0,0,4
6877,Viegas,Daniel,Viegas D.,119,2901,0,0,0,dviegas,19980105,0.0,0.0,0,3.0,0.0,0.0,0,0,3,0,0,0,186,70,0,0,0,68,0,61,0,63,0,72,0,64,0,63,0,63,0,61,0,66,0,63,0,61,0,61,0,65,0,70,0,0,0,0,0,0,0,0,0,0,,Viegas_Daniel,0,0,0,0,(),0,0,0.0,0,0,0.0,0,0,0,0,0,0,2021,0,0,0,0,0,0,0,0,0
6879,Kluckers,Arthur,Kluckers A.,125,1901,0,0,0,akluckers,20000315,0.0,0.0,0,4.5,0.0,0.0,0,0,3,0,0,0,191,71,0,0,0,72,0,65,0,67,0,73,0,67,0,72,0,73,0,62,0,64,0,67,0,66,0,67,0,71,0,67,0,0,0,0,0,0,0,0,129,0,,Kluckers_Arthur,0,0,0,0,(87),0,0,0.0,0,0,0.0,0,0,0,0,0,0,0,2,0,0,0,2,1,1,0,2
6880,Heiderscheid,Colin,Heiderscheid C.,119,1901,0,0,0,cheiderscheid,19980128,0.0,0.0,0,2.5,0.0,0.0,0,0,3,0,0,0,180,73,0,0,0,70,0,56,0,61,0,71,0,66,0,62,0,62,0,69,0,69,0,63,0,64,0,65,0,66,0,60,0,0,0,0,0,0,0,0,2,0,,Heiderscheid_Colin,0,0,0,0,(),0,0,0.0,0,0,0.0,0,0,0,0,0,0,0,1,0,0,0,0,0,0,0,0
6884,Bockelmann,Luca,Bockelmann L.,119,701,0,0,0,lbockelmann,20000617,0.0,0.0,0,2.5,0.0,0.0,0,0,3,0,0,0,180,67,0,0,0,68,0,57,0,59,0,62,0,60,0,59,0,59,0,60,0,65,0,59,0,59,0,58,0,61,0,56,0,0,0,0,0,0,0,0,0,0,,Bockelmann_Luca,0,0,0,0,(),0,0,0.0,0,0,0.0,0,0,0,0,0,0,0,0,0,0,0,0,0,0,0,0
6889,Werner,Franz,Werner F.,119,701,0,0,0,fwerner,20000426,0.0,0.0,0,2.5,0.0,0.0,0,0,3,0,0,0,179,71,0,0,0,66,0,58,0,61,0,64,0,60,0,58,0,58,0,56,0,64,0,60,0,55,0,57,0,64,0,56,0,0,0,0,0,0,0,0,0,0,,Werner_Franz,0,0,0,0,(),0,0,0.0,0,0,0.0,0,0,0,0,0,0,0,0,0,0,0,0,0,0,0,0
6892,Antunes,Tiago,Antunes T.,119,2901,0,0,0,tantunes,19970409,0.0,0.0,0,3.0,0.0,0.0,0,0,3,0,0,0,171,55,0,0,0,64,0,66,0,66,0,66,0,55,0,59,0,59,0,56,0,62,0,61,0,60,0,62,0,66,0,72,0,0,0,0,0,0,0,0,0,0,,Antunes_Tiago,0,0,0,0,(),0,0,0.0,0,0,0.0,0,0,0,0,0,0,0,0,0,0,0,0,0,0,0,0
6894,Rasch,Jesper,Rasch J.,119,508,0,0,0,jrasch,19980322,0.0,0.0,0,3.5,0.0,0.0,0,0,3,0,0,0,178,71,0,0,0,70,0,55,0,59,0,66,0,66,0,58,0,60,0,72,0,71,0,64,0,65,0,64,0,64,0,62,0,0,0,0,0,0,0,0,0,0,,Rasch_Jesper,0,0,0,0,(),0,0,0.0,0,0,0.0,0,0,0,0,0,0,2021,1,0,0,0,0,0,0,0,0
6895,Peák,Barnabás,Peák B.,103,4001,0,0,0,bpeak,19981129,0.0,0.0,0,3.5,0.0,0.0,0,0,3,0,0,0,183,74,0,0,0,68,0,60,0,64,0,74,0,67,0,64,0,64,0,66,0,64,0,63,0,63,0,64,0,67,0,72,0,0,0,0,0,0,0,0,1,0,,Peak_Barnabas,0,0,0,0,(),0,0,0.0,0,0,0.0,0,0,0,0,0,0,2020,4,0,1,0,0,0,1,1,0
6896,Groves,Kaden,Groves K.,37,2001,0,0,0,kgroves,19981223,0.0,0.0,0,5.0,0.0,0.0,0,0,3,0,0,0,176,76,0,0,0,74,0,64,0,68,0,73,0,71,0,64,0,72,0,80,0,79,0,73,0,73,0,75,0,74,0,62,0,0,4,2,0,0,0,0,0,0,,Groves_Kaden,0,0,0,0,(),0,0,0.0,0,0,0.0,0,0,0,0,0,0,2019,21,1,3,3,1,1,1,0,0
6897,Dainese,Alberto,Dainese A.,10,206,0,0,0,adainese,19980325,0.0,0.0,0,5.0,0.0,0.0,0,0,3,0,0,0,177,72,0,0,0,73,0,60,0,65,0,70,0,70,0,61,0,61,0,76,0,76,0,70,0,73,0,72,0,70,0,65,0,0,4,3,0,0,0,0,0,0,,Dainese_Alberto,0,0,0,0,"(135,25)",0,0,0.0,0,0,0.0,0,0,0,0,0,0,2020,7,2,3,2,0,1,1,0,0
6899,Marsman,Tim,Marsman T.,37,504,0,0,0,tmarsman,20001004,0.0,0.0,0,3.5,0.0,0.0,0,0,3,0,0,0,190,74,0,0,0,73,0,61,0,64,0,68,0,67,0,69,0,70,0,68,0,68,0,66,0,65,0,65,0,68,0,64,0,0,0,0,0,0,0,0,0,0,,Marsman_Tim,0,0,0,0,(),0,0,0.0,0,0,0.0,0,0,0,0,0,0,0,0,0,0,0,0,0,0,0,0
6900,Bialiauski,Vasili,Bialiauski V.,119,4301,0,0,0,vbialiauski,19951221,0.0,0.0,0,2.0,0.0,0.0,0,0,3,0,0,0,0,0,0,0,0,63,0,67,0,68,0,64,0,57,0,58,0,60,0,56,0,61,0,60,0,64,0,65,0,69,0,64,0,0,0,0,0,0,0,0,0,0,,Bialiauski_Vasili,0,0,0,0,(),0,0,0.0,0,0,0.0,0,0,0,0,0,0,0,0,0,0,0,0,0,0,0,0
6902,Loohuis,Lars,Loohuis L.,119,509,0,0,0,lloohuis,20001004,0.0,0.0,0,2.5,0.0,0.0,0,0,3,0,0,0,0,0,0,0,0,68,0,56,0,58,0,68,0,64,0,58,0,59,0,61,0,61,0,64,0,64,0,65,0,64,0,55,0,0,0,0,0,0,0,0,0,0,,Loohuis_Lars,0,0,0,0,(),0,0,0.0,0,0,0.0,0,0,0,0,0,0,0,0,0,0,0,0,0,0,0,0
6904,Pluimers,Rick,Pluimers R.,125,509,0,0,0,rpluimers,20001207,0.0,0.0,0,4.0,0.0,0.0,0,0,3,0,0,0,179,67,0,0,0,72,0,61,0,70,0,74,0,72,0,66,0,66,0,75,0,75,0,71,0,74,0,67,0,76,0,60,0,0,0,0,0,0,0,0,0,0,,Pluimers_Rick,0,0,0,0,(),0,0,0.0,0,0,0.0,0,0,0,0,0,0,0,1,0,1,0,3,2,0,0,0
6907,Nunes,Hugo,Nunes H.,119,2901,0,0,0,,19961117,0.0,0.0,0,1.5,0.0,0.0,0,0,3,0,0,0,171,58,0,0,0,62,0,63,0,65,0,68,0,56,0,58,0,60,0,58,0,62,0,60,0,63,0,66,0,66,0,67,0,0,0,0,0,0,0,0,0,0,,Nunes_Hugo,0,0,0,0,(),0,0,0.0,0,0,0.0,0,0,0,0,0,0,0,1,0,0,0,0,0,0,0,0
6909,Solva,Afonso,Solva A.,38,2901,0,0,0,,20000322,0.0,0.0,0,3.5,0.0,0.0,0,0,3,0,0,0,0,0,0,0,0,67,0,68,0,70,0,65,0,59,0,64,0,63,0,60,0,62,0,65,0,65,0,69,0,70,0,58,0,0,0,0,0,0,0,0,0,0,,Silva_Afonso,0,0,0,0,(),0,0,0.0,0,0,0.0,0,0,0,0,0,0,0,0,0,0,0,0,0,0,0,0
6910,Van Niekerk,Morne,Van Niekerk M.,68,3601,0,0,0,mvanniekerk,19950817,0.0,0.0,0,2.0,0.0,0.0,0,0,3,0,0,0,178,64,0,0,0,68,0,59,0,63,0,63,0,65,0,64,0,63,0,66,0,68,0,62,0,61,0,65,0,66,0,57,0,0,0,0,0,0,0,0,0,0,,Van-Niekerk_Morne,0,0,0,0,(),0,0,0.0,0,0,0.0,0,0,0,0,0,0,0,0,0,0,0,0,0,0,0,0
6912,Hjemsaeter,Olav,Hjemsaeter O.,119,3501,0,0,0,ohjemsaeter,19991226,0.0,0.0,0,2.5,0.0,0.0,0,0,3,0,0,0,0,0,0,0,0,70,0,56,0,60,0,70,0,66,0,63,0,63,0,68,0,68,0,65,0,64,0,66,0,63,0,60,0,0,0,0,0,0,0,0,0,0,,Hjemsaeter_Olav,0,0,0,0,(),0,0,0.0,0,0,0.0,0,0,0,0,0,0,0,0,0,0,0,0,0,0,0,0
6913,Heiduk,Kim,Heiduk K.,2,701,0,0,0,kheiduk,20000303,0.0,0.0,0,4.0,0.0,0.0,0,0,3,0,0,0,184,70,0,0,0,74,0,59,0,65,0,67,0,73,0,64,0,66,0,74,0,73,0,69,0,70,0,67,0,71,0,60,0,0,0,0,0,0,0,0,0,0,,Heiduk_Kim,0,0,0,0,(),0,0,0.0,0,0,0.0,0,0,0,0,0,0,2022,0,0,1,2,1,2,2,0,0
6915,Märkl,Lukas,Märkl L.,119,701,0,0,0,,20000829,0.0,0.0,0,3.0,0.0,0.0,0,0,3,0,0,0,0,0,0,0,0,61,0,58,0,60,0,64,0,54,0,57,0,58,0,58,0,62,0,54,0,57,0,57,0,61,0,59,0,0,0,0,0,0,0,0,0,0,,Markl_Lukas,0,0,0,0,(),0,0,0.0,0,0,0.0,0,0,0,0,0,0,0,0,0,0,0,0,0,0,0,0
6916,Rasmann,Frederik,Rasmann F.,119,715,0,0,0,,20000309,0.0,0.0,0,1.0,0.0,0.0,0,0,3,0,0,0,0,0,0,0,0,64,0,57,0,58,0,66,0,59,0,57,0,58,0,55,0,55,0,56,0,57,0,56,0,59,0,61,0,0,0,0,0,0,0,0,0,0,,Rasmann_Frederik,0,0,0,0,(),0,0,0.0,0,0,0.0,0,0,0,0,0,0,0,0,0,0,0,0,0,0,0,0
6919,Valvasori,Larry,Valvasori L.,119,1901,0,0,0,lvalvasori,19960530,0.0,0.0,0,1.5,0.0,0.0,0,0,3,0,0,0,0,0,0,0,0,63,0,65,0,65,0,59,0,57,0,56,0,57,0,54,0,55,0,57,0,56,0,58,0,65,0,62,0,0,0,0,0,0,0,0,0,0,,Valvasori_Larry,0,0,0,0,(),0,0,0.0,0,0,0.0,0,0,0,0,0,0,0,0,0,0,0,0,0,0,0,0
6920,Engelhardt,Felix,Engelhardt F.,20,702,0,0,0,fengelhardt,20000819,0.0,0.0,0,4.5,0.0,0.0,0,0,3,0,0,0,180,68,0,0,0,68,0,70,0,74,0,70,0,63,0,63,0,63,0,67,0,71,0,69,0,71,0,68,0,75,0,64,0,0,3,2,0,0,0,0,0,0,,Engelhardt_Felix,0,0,0,0,(),0,0,0.0,0,0,0.0,0,0,0,0,0,0,2023,3,0,1,2,1,0,0,0,0
6924,Urianstad,Martin,Urianstad M.,99,3501,0,0,0,murianstad,19990206,0.0,0.0,0,3.0,0.0,0.0,0,0,3,0,0,0,175,61,0,0,0,67,0,60,0,64,0,67,0,65,0,64,0,65,0,66,0,68,0,66,0,66,0,65,0,66,0,70,0,0,0,0,0,0,0,0,0,0,,Urianstad_Martin,0,0,0,0,(),0,0,0.0,0,0,0.0,0,0,0,0,0,0,2020,0,0,0,0,0,1,0,2,1
6926,Hvideberg,Jonas Iversby,Hvideberg J.I.,99,3501,0,0,0,jihvideberg,19990209,0.0,0.0,0,3.0,0.0,0.0,0,0,3,0,0,0,185,76,0,0,0,68,0,58,0,63,0,67,0,67,0,62,0,63,0,60,0,60,0,65,0,64,0,66,0,67,0,68,0,0,0,0,0,0,0,0,0,0,,Hvideberg_Jonas-Iversby,0,0,0,0,(4),0,0,0.0,0,0,0.0,0,0,0,0,0,0,2020,0,0,1,1,1,0,0,0,1
6934,Eyskens,Jeroen,Eyskens J.,119,402,0,0,0,,19930404,0.0,0.0,0,2.0,0.0,0.0,0,0,3,0,0,0,180,67,0,0,0,67,0,60,0,63,0,71,0,65,0,59,0,59,0,62,0,62,0,64,0,63,0,65,0,66,0,64,0,0,0,0,0,0,0,0,0,0,,Eyskens_Jeroen,0,0,0,0,(),0,0,0.0,0,0,0.0,0,0,0,0,0,0,0,0,0,0,0,0,0,0,0,0
6938,Steininger,Fabian,Steininger F.,119,3701,0,0,0,,20000912,0.0,0.0,0,1.5,0.0,0.0,0,0,3,0,0,0,176,62,0,0,0,62,0,57,0,60,0,65,0,60,0,59,0,60,0,63,0,64,0,57,0,59,0,56,0,63,0,58,0,0,0,0,0,0,0,0,0,0,,Steininger_Fabian,0,0,0,0,(),0,0,0.0,0,0,0.0,0,0,0,0,0,0,0,0,0,0,0,0,0,0,0,0
6939,Wollenberg,Tim,Wollenberg T.,119,702,0,0,0,,20000217,0.0,0.0,0,1.5,0.0,0.0,0,0,3,0,0,0,180,66,0,0,0,63,0,56,0,59,0,68,0,62,0,60,0,59,0,61,0,61,0,58,0,57,0,60,0,61,0,64,0,0,0,0,0,0,0,0,0,0,,Wollenberg_Tim,0,0,0,0,(),0,0,0.0,0,0,0.0,0,0,0,0,0,0,0,0,0,0,0,0,0,0,0,0
6955,Takeyama,Kosuke,Takeyama K.,119,2101,0,0,0,ktakeyama,19971122,0.0,0.0,0,2.0,0.0,0.0,0,0,3,0,0,0,165,58,0,0,0,64,0,59,0,61,0,64,0,56,0,56,0,57,0,67,0,68,0,61,0,59,0,61,0,62,0,58,0,0,0,0,0,0,0,0,0,0,,Takeyama_Kosuke,0,0,0,0,(),0,0,0.0,0,0,0.0,0,0,0,0,0,0,0,0,0,0,0,0,0,0,0,0
6967,Martingil,Cesar,Martingil C.,119,2901,0,0,0,,19950110,0.0,0.0,0,3.0,0.0,0.0,0,0,3,0,0,0,172,68,0,0,0,67,0,60,0,63,0,70,0,61,0,63,0,65,0,69,0,71,0,63,0,64,0,62,0,66,0,60,0,0,0,0,0,0,0,0,0,0,,Martingil_Cesar,0,0,0,0,(),0,0,0.0,0,0,0.0,0,0,0,0,0,0,0,0,0,0,0,0,0,0,0,0
6971,López,Juan Pedro,López J.P.,1,801,0,0,0,jplopez,19970731,0.0,0.0,0,4.5,0.0,0.0,0,0,3,0,0,0,170,60,0,0,0,67,0,73,0,76,0,66,0,62,0,65,0,64,0,58,0,70,0,72,0,69,0,71,0,75,0,72,0,0,0,0,0,0,0,0,0,0,,Lopez_Juan-Pedro,0,0,0,0,"(135,18)",0,0,0.0,0,0,0.0,0,0,0,0,0,0,2020,2,1,2,4,0,0,0,2,1
6972,Swift,Connor,Swift C.,2,1801,0,0,0,cswift,19951030,0.0,0.0,0,3.5,0.0,0.0,0,0,3,0,0,0,190,77,0,0,0,72,0,60,0,67,0,73,0,75,0,69,0,70,0,70,0,72,0,70,0,70,0,68,0,73,0,62,0,0,2,3,0,0,0,0,0,0,,Swift_Connor,0,0,0,0,(),0,0,0.0,0,0,0.0,0,0,0,0,0,0,2017,3,4,1,0,3,5,5,2,1
6978,Thomsen,Frederik,Thomsen F.,119,1001,0,0,0,fthomsen,20001003,0.0,0.0,0,2.5,0.0,0.0,0,0,3,0,0,0,0,0,0,0,0,63,0,62,0,64,0,66,0,59,0,61,0,63,0,64,0,67,0,61,0,61,0,58,0,65,0,62,0,0,0,0,0,0,0,0,0,0,,Thomsen_Frederik,0,0,0,0,(),0,0,0.0,0,0,0.0,0,0,0,0,0,0,0,0,0,0,0,0,0,0,0,0
6980,Clemmensen,Silas Zacharias,Clemmensen S.Z.,119,1001,0,0,0,szclemmensen,19961025,0.0,0.0,0,2.5,0.0,0.0,0,0,3,0,0,0,0,0,0,0,0,67,0,64,0,66,0,68,0,61,0,64,0,64,0,59,0,60,0,64,0,64,0,62,0,67,0,67,0,0,0,0,0,0,0,0,0,0,,Clemmensen_Silas-Zacharias,0,0,0,0,(),0,0,0.0,0,0,0.0,0,0,0,0,0,0,0,0,0,0,0,0,0,0,0,0
6984,Skot-Hansen,Aksel,Skot-Hansen A.,119,1001,0,0,0,,20000611,0.0,0.0,0,2.5,0.0,0.0,0,0,3,0,0,0,180,62,0,0,0,68,0,59,0,63,0,65,0,63,0,61,0,63,0,59,0,60,0,63,0,63,0,65,0,67,0,71,0,0,0,0,0,0,0,0,0,0,,Skot-hansen_Aksel,0,0,0,0,(),0,0,0.0,0,0,0.0,0,0,0,0,0,0,0,0,0,0,0,0,0,0,0,0
6985,Pallesen,Jeppe Aaskov,Pallesen J.A.,119,1001,0,0,0,,19970717,0.0,0.0,0,3.0,0.0,0.0,0,0,3,0,0,0,174,60,0,0,0,66,0,67,0,69,0,72,0,62,0,61,0,62,0,57,0,59,0,65,0,64,0,66,0,71,0,67,0,0,0,0,0,0,0,0,0,0,,Pallesen_Jeppe-Aaskov,0,0,0,0,(),0,0,0.0,0,0,0.0,0,0,0,0,0,0,0,0,0,0,0,0,0,0,0,0
6987,Binz,Pirmin,Binz P.,40,701,0,0,0,,20001126,0.0,0.0,0,3.0,0.0,0.0,0,0,3,0,0,0,176,68,0,0,0,67,0,63,0,66,0,69,0,65,0,60,0,64,0,62,0,66,0,64,0,63,0,64,0,68,0,63,0,0,0,0,0,0,0,0,0,0,,Benz_Pirmin,0,0,0,0,(),0,0,0.0,0,0,0.0,0,0,0,0,0,0,0,0,0,0,0,0,0,0,0,0
6988,Dik,Calvin,Dik C.,119,701,0,0,0,,20000225,0.0,0.0,0,2.0,0.0,0.0,0,0,3,0,0,0,189,77,0,0,0,64,0,54,0,57,0,65,0,61,0,62,0,62,0,66,0,67,0,57,0,57,0,59,0,59,0,60,0,0,0,0,0,0,0,0,0,0,,Dik_Calvin,0,0,0,0,(),0,0,0.0,0,0,0.0,0,0,0,0,0,0,0,0,0,0,0,0,0,0,0,0
6990,Peter,Jannis,Peter J.,107,716,0,0,0,jpeter,20001030,0.0,0.0,0,3.5,0.0,0.0,0,0,3,0,0,0,184,63,0,0,0,65,0,74,0,73,0,67,0,59,0,63,0,63,0,60,0,66,0,67,0,65,0,68,0,71,0,63,0,0,4,2,0,0,0,0,0,0,,Peter_Jannis,0,0,0,0,(),0,0,0.0,0,0,0.0,0,0,0,0,0,0,0,1,0,0,0,0,0,0,0,0
6997,Pelcers,Kristaps,Pelcers K.,119,1601,0,0,0,,19991118,0.0,0.0,0,2.5,0.0,0.0,0,0,3,0,0,0,0,0,0,0,0,63,0,59,0,61,0,67,0,60,0,60,0,60,0,58,0,64,0,59,0,58,0,59,0,63,0,74,0,0,0,0,0,0,0,0,0,0,,Pelcers_Kristaps,0,0,0,0,(),0,0,0.0,0,0,0.0,0,0,0,0,0,0,0,0,0,0,0,0,0,0,0,0
7002,Capron,Rémi,Capron R.,59,322,0,0,0,rcapron,20000618,0.0,0.0,0,3.5,0.0,0.0,0,0,3,0,0,0,174,59,0,0,0,66,0,70,0,72,0,69,0,63,0,59,0,61,0,66,0,70,0,69,0,67,0,66,0,72,0,65,0,0,0,0,0,0,0,0,0,0,,Capron_Remi,0,0,0,0,(),0,0,0.0,0,0,0.0,0,0,0,0,0,0,0,1,0,0,0,0,0,0,0,0
7010,Aniołkowski,Stanisław,Aniołkowski S.,34,3001,0,0,0,saniolkowski,19970120,0.0,0.0,0,4.0,0.0,0.0,0,0,3,0,0,0,181,68,0,0,0,73,0,58,0,63,0,70,0,74,0,62,0,66,0,76,0,75,0,71,0,71,0,70,0,67,0,60,0,0,3,4,0,0,0,0,2,0,,Aniolkowski_Stanislaw,0,0,0,0,(),0,0,0.0,0,0,0.0,0,0,0,0,0,0,2021,5,0,1,1,0,2,3,0,0
7012,Pikala,Piotr,Pikala P.,163,3001,0,0,0,,19980804,0.0,0.0,0,4.0,0.0,0.0,0,0,3,0,0,0,181,65,0,0,0,67,0,71,0,72,0,68,0,57,0,63,0,65,0,63,0,65,0,66,0,64,0,66,0,72,0,64,0,0,0,0,0,0,0,0,0,0,,Pekala_Piotr,0,0,0,0,(),0,0,0.0,0,0,0.0,0,0,0,0,0,0,0,0,0,0,0,0,0,0,0,0
7014,Valter,Attila,Valter A.,13,4001,0,0,0,avalter,19980612,0.0,0.0,0,4.5,0.0,0.0,0,0,3,0,0,0,185,65,0,0,0,72,0,70,0,73,0,75,0,70,0,66,0,70,0,66,0,72,0,70,0,71,0,70,0,74,0,70,0,0,2,3,0,0,0,0,3,0,,Valter_Attila,0,0,0,0,(),0,0,0.0,0,0,0.0,0,0,0,0,0,0,2020,7,0,4,2,2,0,0,3,5
7024,Mayrhofer,Marius,Mayrhofer M.,125,701,0,0,0,mmayrhofer,20000918,0.0,0.0,0,4.5,0.0,0.0,0,0,3,0,0,0,182,70,0,0,0,75,0,60,0,66,0,70,0,72,0,65,0,69,0,72,0,71,0,70,0,71,0,63,0,73,0,74,0,0,0,0,0,0,0,0,0,0,,Mayrhofer_Marius,0,0,0,0,(4),0,0,0.0,0,0,0.0,0,0,0,0,0,0,2022,2,1,2,0,2,2,2,0,0
7025,Naberman,Tim,Naberman T.,15,501,0,0,0,tnaberman,19990511,0.0,0.0,0,2.5,0.0,0.0,0,0,3,0,0,0,185,70,0,0,0,70,0,57,0,61,0,72,0,68,0,62,0,63,0,60,0,63,0,68,0,63,0,64,0,64,0,71,0,0,0,0,0,0,0,0,0,0,,Naberman_Tim,0,0,0,0,(4),0,0,0.0,0,0,0.0,0,0,0,0,0,0,2022,0,1,0,1,0,3,2,0,0
7026,Sinschek,Nils,Sinschek N.,119,501,0,0,0,nsinschek,19980624,0.0,0.0,0,3.0,0.0,0.0,0,0,3,0,0,0,0,0,0,0,0,68,0,67,0,67,0,67,0,66,0,64,0,63,0,61,0,64,0,65,0,64,0,66,0,67,0,64,0,0,0,0,0,0,0,0,0,0,,Sinschek_Nils,0,0,0,0,(),0,0,0.0,0,0,0.0,0,0,0,0,0,0,0,1,0,0,0,0,0,0,0,0
7030,Conter,Ken,Conter K.,119,1901,0,0,0,,19990523,0.0,0.0,0,2.0,0.0,0.0,0,0,3,0,0,0,0,0,0,0,0,63,0,60,0,61,0,60,0,60,0,59,0,59,0,56,0,59,0,56,0,58,0,54,0,62,0,66,0,0,0,0,0,0,0,0,0,0,,Conter_Ken,0,0,0,0,(),0,0,0.0,0,0,0.0,0,0,0,0,0,0,0,0,0,0,0,0,0,0,0,0
7032,Jorgenson,Matteo,Jorgenson M.,14,601,0,0,0,mjorgenson,19990701,0.0,0.0,0,5.0,0.0,0.0,0,0,3,0,0,0,190,70,0,0,0,76,0,79,0,81,0,75,0,75,0,77,0,73,0,66,0,71,0,78,0,76,0,77,0,79,0,68,0,0,4,4,0,0,0,0,0,0,,Jorgenson_Matteo,0,0,0,0,(),0,0,0.0,0,0,0.0,0,0,0,0,0,0,2020,5,4,1,1,1,3,1,2,2
7033,Lapeira,Paul,Lapeira P.,3,316,0,0,0,plapeira,20000525,0.0,0.0,0,5.0,0.0,0.0,0,0,3,0,0,0,176,64,0,0,0,74,0,63,0,68,0,70,0,66,0,68,0,71,0,71,0,73,0,74,0,75,0,69,0,78,0,75,0,0,2,5,0,0,0,0,2,0,,Lapeira_Paul,0,0,0,0,(15),0,0,0.0,0,0,0.0,0,0,0,0,0,0,2022,7,1,1,1,0,0,0,2,2
7034,Retailleau,Valentin,Retailleau V.,25,312,0,0,0,vretailleau,20000618,0.0,0.0,0,3.5,0.0,0.0,0,0,3,0,0,0,181,64,0,0,0,66,0,60,0,65,0,70,0,65,0,60,0,62,0,63,0,67,0,65,0,65,0,63,0,68,0,75,0,0,0,0,0,0,0,0,0,0,,Retailleau_Valentin,0,0,0,0,(),0,0,0.0,0,0,0.0,0,0,0,0,0,0,2023,1,0,0,0,0,0,0,1,0
7035,Schultz,Elliot,Schultz E.,119,2001,0,0,0,,20000805,0.0,0.0,0,2.5,0.0,0.0,0,0,3,0,0,0,0,0,0,0,0,66,0,61,0,64,0,65,0,61,0,63,0,64,0,60,0,62,0,60,0,62,0,63,0,67,0,68,0,0,0,0,0,0,0,0,0,0,,Schultz_Elliot,0,0,0,0,(),0,0,0.0,0,0,0.0,0,0,0,0,0,0,0,0,0,0,0,0,0,0,0,0
7037,Vermeersch,Florian,Vermeersch F.,16,402,0,0,0,fvermeersch,19990312,0.0,0.0,0,5.0,0.0,0.0,0,0,3,0,0,0,193,85,0,0,0,78,0,57,0,65,0,73,0,78,0,73,0,73,0,71,0,71,0,77,0,75,0,66,0,72,0,72,0,0,2,5,0,0,0,0,0,0,,Vermeersch_Florian,0,0,0,0,(),0,0,0.0,0,0,0.0,0,0,0,0,0,0,2020,1,2,0,1,1,5,4,1,0
7038,Vanhoof,Ward,Vanhoof W.,69,402,0,0,0,wvanhoof,19990418,0.0,0.0,0,3.5,0.0,0.0,0,0,3,0,0,0,186,74,0,0,0,70,0,59,0,64,0,70,0,71,0,64,0,65,0,63,0,64,0,66,0,67,0,63,0,69,0,72,0,0,0,0,0,0,0,0,0,0,,Vanhoof_Ward,0,0,0,0,(),0,0,0.0,0,0,0.0,0,0,0,0,0,0,2021,0,0,0,0,0,3,3,0,0
7039,Vandepitte,Nathan,Vandepitte N.,119,314,0,0,0,nvandepitte,20000330,0.0,0.0,0,2.5,0.0,0.0,0,0,3,0,0,0,192,80,0,0,0,65,0,56,0,59,0,63,0,64,0,60,0,61,0,66,0,66,0,64,0,63,0,64,0,62,0,63,0,0,0,0,0,0,0,0,0,0,,Vandepitte_Nathan,0,0,0,0,(),0,0,0.0,0,0,0.0,0,0,0,0,0,0,2023,0,0,0,0,0,0,1,0,0
7040,Rex,Laurenz,Rex L.,10,401,0,0,0,lrex,19991215,0.0,0.0,0,4.0,0.0,0.0,0,0,3,0,0,0,193,82,0,0,0,75,0,58,0,65,0,75,0,75,0,65,0,65,0,71,0,69,0,73,0,72,0,68,0,72,0,70,0,0,1,4,0,0,0,0,0,0,,Rex_Laurenz,0,0,0,0,(4),0,0,0.0,0,0,0.0,0,0,0,0,0,0,2021,1,2,1,0,1,3,4,0,0
7041,Venner,Quentin,Venner Q.,119,401,0,0,0,qvenner,19980615,0.0,0.0,0,2.0,0.0,0.0,0,0,3,0,0,0,180,66,0,0,0,62,0,63,0,63,0,64,0,58,0,56,0,58,0,56,0,62,0,58,0,56,0,56,0,62,0,72,0,0,0,0,0,0,0,0,0,0,,Venner_Quentin,0,0,0,0,(),0,0,0.0,0,0,0.0,0,0,0,0,0,0,0,0,0,0,0,0,0,0,0,0
7043,Verbeeck,Sven,Verbeeck S.,119,402,0,0,0,,19980318,0.0,0.0,0,1.5,0.0,0.0,0,0,3,0,0,0,169,54,0,0,0,61,0,64,0,65,0,64,0,59,0,56,0,56,0,57,0,60,0,56,0,56,0,57,0,65,0,60,0,0,0,0,0,0,0,0,0,0,,Verbeeck_Sven,0,0,0,0,(),0,0,0.0,0,0,0.0,0,0,0,0,0,0,0,0,0,0,0,0,0,0,0,0
7047,Grondin,Donavan,Grondin D.,119,318,0,0,0,dgrondin,20000926,0.0,0.0,0,3.5,0.0,0.0,0,0,3,0,0,14,183,78,0,0,0,72,0,59,0,63,0,68,0,67,0,65,0,66,0,70,0,71,0,64,0,66,0,63,0,67,0,62,0,0,0,0,0,0,0,0,0,0,,Grondin_Donavan,0,0,0,0,(),0,0,0.0,0,0,0.0,0,0,0,0,0,0,2020,0,0,1,0,0,1,1,0,1
7048,Jousseaume,Alan,Jousseaume A.,25,305,0,0,0,ajousseaume,19980803,0.0,0.0,0,3.5,0.0,0.0,0,0,3,0,0,0,177,60,0,0,0,66,0,66,0,69,0,70,0,60,0,58,0,60,0,58,0,63,0,66,0,64,0,65,0,68,0,69,0,0,0,0,0,0,0,0,0,0,,Jousseaume_Alan,0,0,0,0,(),0,0,0.0,0,0,0.0,0,0,0,0,0,0,2022,0,0,0,1,0,0,0,2,1
7050,Battistella,Samuele,Battistella S.,5,206,0,0,0,sbattistella,19981114,0.0,0.0,0,4.5,0.0,0.0,0,0,3,0,0,0,180,67,0,0,0,68,0,67,0,70,0,71,0,65,0,66,0,68,0,67,0,71,0,66,0,65,0,69,0,72,0,71,0,0,0,0,0,0,0,0,0,0,,Battistella_Samuele,0,0,0,0,(),0,0,0.0,0,0,0.0,0,0,0,0,0,0,2020,1,0,2,2,1,1,0,3,4
7051,Bagioli,Andrea,Bagioli A.,11,204,0,0,0,abagioli,19990323,0.0,0.0,0,4.5,0.0,0.0,0,0,3,0,0,0,176,60,0,0,0,70,0,69,0,74,0,71,0,66,0,68,0,68,0,70,0,76,0,72,0,75,0,70,0,76,0,68,0,0,2,4,0,0,0,0,0,0,,Bagioli_Andrea,0,0,0,0,(),0,0,0.0,0,0,0.0,0,0,0,0,0,0,2020,7,1,1,4,2,0,0,4,5
7052,Pronskiy,Vadim,Pronskiy V.,168,1301,0,0,0,vpronskiy,19980604,0.0,0.0,0,3.5,0.0,0.0,0,0,3,0,0,0,173,58,0,0,0,67,0,75,0,75,0,67,0,62,0,63,0,65,0,60,0,60,0,69,0,65,0,75,0,72,0,75,0,0,0,0,0,0,0,0,0,0,,Pronskiy_Vadim,0,0,0,0,(),0,0,0.0,0,0,0.0,0,0,0,0,0,0,2020,0,0,4,2,0,0,0,0,0
7053,Alba,Juan Diego,Alba J.D.,119,1101,0,0,0,jdalba,19970911,0.0,0.0,0,3.0,0.0,0.0,0,0,3,0,0,0,173,59,0,0,0,61,0,67,0,66,0,62,0,58,0,59,0,59,0,56,0,58,0,60,0,60,0,62,0,65,0,60,0,0,0,0,0,0,0,0,0,0,,Alba_Juan-Diego,0,0,0,0,(),0,0,0.0,0,0,0.0,0,0,0,0,0,0,2020,0,0,0,0,0,1,0,1,1
7054,Tejada,Harold,Tejada H.,12,1101,0,0,0,htejada,19970427,0.0,0.0,0,4.0,0.0,0.0,0,0,3,0,0,0,180,63,0,0,0,70,0,75,0,77,0,68,0,60,0,69,0,69,0,65,0,73,0,73,0,72,0,71,0,77,0,76,0,0,0,0,0,0,0,0,0,0,,Tejada_Harold,0,0,0,0,(),0,0,0.0,0,0,0.0,0,0,0,0,0,0,2020,1,4,2,3,0,0,0,0,1
7055,Ardila,Camilo,Ardila C.,119,1101,0,0,0,cardila,19990602,0.0,0.0,0,4.0,0.0,0.0,0,0,3,0,0,0,170,59,0,0,0,60,0,71,0,69,0,69,0,58,0,59,0,59,0,55,0,61,0,60,0,61,0,64,0,66,0,65,0,0,0,0,0,0,0,0,0,0,,Ardila_Camilo,0,0,0,0,(),0,0,0.0,0,0,0.0,0,0,0,0,0,0,2020,0,0,0,0,0,0,0,1,0
7056,Beadle,Hamish,Beadle H.,123,3401,0,0,0,hbeadle,19980402,0.0,0.0,0,2.0,0.0,0.0,0,0,3,0,0,0,167,64,0,0,0,66,0,58,0,60,0,63,0,59,0,60,0,62,0,66,0,65,0,62,0,61,0,60,0,61,0,64,0,0,0,0,0,0,0,0,0,0,,Beadle_Hamish,0,0,0,0,(),0,0,0.0,0,0,0.0,0,0,0,0,0,0,0,0,0,0,0,0,0,0,0,0
7060,Elosegui,Iñigo,Elosegui I.,70,816,0,0,0,ielosegui,19980306,0.0,0.0,0,3.5,0.0,0.0,0,0,3,0,0,0,188,69,0,0,0,65,0,65,0,68,0,65,0,64,0,65,0,64,0,60,0,61,0,64,0,63,0,65,0,68,0,69,0,0,0,0,0,0,0,0,0,0,,Elosegui_Inigo,0,0,0,0,(),0,0,0.0,0,0,0.0,0,0,0,0,0,0,2020,0,0,0,0,1,2,0,1,0
7062,Fiorelli,Filippo,Fiorelli F.,14,219,0,0,0,ffiorelli,19941119,0.0,0.0,0,4.0,0.0,0.0,0,0,3,0,0,0,0,0,0,0,0,74,0,66,0,73,0,74,0,69,0,66,0,70,0,70,0,73,0,69,0,70,0,70,0,75,0,75,0,0,0,0,0,0,0,0,0,0,,Fiorelli_Filippo,0,0,0,0,(),0,0,0.0,0,0,0.0,0,0,0,0,0,0,2020,1,0,6,0,4,0,0,0,3
7064,Rubio,Einer,Rubio E.,1,1101,0,0,0,erubio,19980222,0.0,0.0,0,4.5,0.0,0.0,0,0,3,0,0,0,164,56,0,0,0,66,0,77,0,76,0,73,0,59,0,65,0,64,0,60,0,72,0,74,0,71,0,75,0,75,0,73,0,0,3,2,0,0,0,0,0,0,,Rubio_Einer,0,0,0,0,(),0,0,0.0,0,0,0.0,0,0,0,0,0,0,2020,2,1,5,2,0,0,0,0,3
7065,Tulett,Ben,Tulett B.,14,1801,0,0,0,btulett,20010826,0.0,0.0,0,5.5,0.0,0.0,0,0,3,0,0,0,169,57,0,0,0,71,0,74,0,77,0,76,0,67,0,72,0,73,0,63,0,73,0,74,0,76,0,71,0,78,0,68,0,0,4,4,0,0,0,0,0,0,,Tulett_Ben,0,0,0,0,(),0,0,0.0,0,0,0.0,0,0,0,0,0,0,2020,5,0,1,1,1,0,0,4,3
7066,Vansevenant,Mauri,Vansevenant M.,10,402,0,0,0,mvansevenant,19990601,0.0,0.0,0,4.5,0.0,0.0,0,0,3,0,0,0,175,60,0,0,0,69,0,73,0,75,0,70,0,63,0,63,0,61,0,68,0,72,0,70,0,71,0,66,0,76,0,74,0,0,2,3,0,0,0,0,0,0,,Vansevenant_Mauri,0,0,0,0,"(25,12,15)",0,0,0.0,0,0,0.0,0,0,0,0,0,0,2020,3,0,2,3,0,0,0,5,3
7067,Guglielmi,Simon,Guglielmi S.,68,322,0,0,0,sguglielmi,19970701,0.0,0.0,0,3.5,0.0,0.0,0,0,3,0,0,0,180,66,0,0,0,70,0,64,0,70,0,71,0,64,0,62,0,64,0,60,0,65,0,68,0,66,0,68,0,72,0,76,0,0,0,0,0,0,0,0,0,0,,Guglielmi_Simon,0,0,0,0,(),0,0,0.0,0,0,0.0,0,0,0,0,0,0,2020,0,1,3,2,1,0,0,4,4
7069,Konychev,Alexander,Konychev A.,119,206,0,0,0,akonychev,19980725,0.0,0.0,0,3.5,0.0,0.0,0,0,3,0,0,0,185,76,0,0,0,71,0,58,0,62,0,67,0,70,0,64,0,66,0,70,0,71,0,64,0,64,0,62,0,65,0,66,0,0,0,0,0,0,0,0,0,0,,Konychev_Alexander,0,0,0,0,(),0,0,0.0,0,0,0.0,0,0,0,0,0,0,2020,0,0,1,0,3,1,0,0,0
7072,Hänninen,Jaakko,Hänninen J.,124,4701,0,0,0,jhanninen,19970416,0.0,0.0,0,3.5,0.0,0.0,0,0,3,0,0,0,177,60,0,0,0,64,0,71,0,71,0,78,0,58,0,58,0,60,0,59,0,64,0,66,0,65,0,66,0,70,0,63,0,0,0,0,0,0,0,0,0,0,,Hanninen_Jaakko,0,0,0,0,(25),0,0,0.0,0,0,0.0,0,0,0,0,0,0,2019,1,0,2,1,1,0,0,0,4
7073,Jacobs,Johan,Jacobs J.,6,1701,0,0,0,jjacobs,19970301,0.0,0.0,0,4.5,0.0,0.0,0,0,3,0,0,0,192,72,0,0,0,73,0,60,0,65,0,73,0,73,0,67,0,68,0,61,0,64,0,68,0,68,0,68,0,70,0,75,0,0,0,0,0,0,0,0,0,0,,Jacobs_Johan,0,0,0,0,(),0,0,0.0,0,0,0.0,0,0,0,0,0,0,2020,0,0,0,1,1,5,4,0,1
7076,Simmons,Quinn,Simmons Q.,11,601,0,0,0,qsimmons,20010508,0.0,0.0,0,5.0,0.0,0.0,0,0,3,0,0,0,185,72,0,0,0,80,0,67,0,72,0,73,0,72,0,64,0,65,0,69,0,71,0,76,0,74,0,71,0,76,0,81,0,0,3,4,0,0,0,0,128,0,,Simmons_Quinn,0,0,0,0,(),0,0,0.0,0,0,0.0,0,0,0,0,0,0,2020,7,3,0,1,1,1,1,0,1
7077,Bassett,Stephen,Bassett S.,119,601,0,0,0,sbassett,19950327,0.0,0.0,0,3.0,0.0,0.0,0,0,3,0,0,0,191,0,0,0,0,69,0,64,0,67,0,64,0,59,0,64,0,66,0,63,0,65,0,61,0,61,0,65,0,69,0,69,0,0,0,0,0,0,0,0,0,0,,Bassett_Stephen,0,0,0,0,(),0,0,0.0,0,0,0.0,0,0,0,0,0,0,2020,0,0,0,0,0,0,0,0,0
7078,Zukowsky,Nickolas,Zukowsky N.,97,2201,0,0,0,nzukowsky,19980603,0.0,0.0,0,3.5,0.0,0.0,0,0,3,0,0,0,185,0,0,0,0,71,0,64,0,67,0,67,0,66,0,68,0,68,0,62,0,63,0,67,0,66,0,66,0,69,0,73,0,0,0,0,0,0,0,0,2,0,,Zukowsky_Nickolas,0,0,0,0,(),0,0,0.0,0,0,0.0,0,0,0,0,0,0,2020,1,0,1,1,1,1,1,1,1
7080,Iacchi,Alessandro,Iacchi A.,93,209,0,0,0,aiacchi,19990526,0.0,0.0,0,2.5,0.0,0.0,0,0,3,0,0,0,170,59,0,0,0,63,0,55,0,58,0,67,0,58,0,56,0,57,0,60,0,61,0,62,0,62,0,65,0,63,0,72,0,0,0,0,0,0,0,0,0,0,,Iacchi_Alessandro,0,0,0,0,(),0,0,0.0,0,0,0.0,0,0,0,0,0,0,2020,0,0,1,0,0,0,0,0,1
7081,Stojnić,Veljko,Stojnić V.,167,5001,0,0,0,vstojnic,19990204,0.0,0.0,0,3.0,0.0,0.0,0,0,3,0,0,0,187,73,0,0,0,68,0,63,0,65,0,70,0,63,0,61,0,62,0,60,0,60,0,62,0,64,0,65,0,69,0,71,0,0,0,0,0,0,0,0,128,0,,Stojnic_Veljko,0,0,0,0,(),0,0,0.0,0,0,0.0,0,0,0,0,0,0,2020,3,0,1,0,0,0,0,0,0
7082,Renard,Alexis,Renard A.,34,305,0,0,0,arenard,19990601,0.0,0.0,0,4.0,0.0,0.0,0,0,3,0,0,0,186,74,0,0,0,75,0,60,0,68,0,75,0,74,0,67,0,69,0,74,0,75,0,71,0,72,0,69,0,73,0,67,0,0,0,0,0,0,0,0,0,0,,Renard_Alexis,0,0,0,0,(),0,0,0.0,0,0,0.0,0,0,0,0,0,0,2020,0,3,0,1,1,4,4,0,0
7083,Vahtra,Norman,Vahtra N.,119,1201,0,0,0,nvahtra,19961123,0.0,0.0,0,3.0,0.0,0.0,0,0,3,0,0,0,192,83,0,0,0,71,0,56,0,61,0,70,0,68,0,64,0,67,0,71,0,72,0,65,0,65,0,67,0,65,0,70,0,0,0,0,0,0,0,0,2,0,,Vahtra_Norman,0,0,0,0,(),0,0,0.0,0,0,0.0,0,0,0,0,0,0,2020,4,0,0,0,0,1,0,0,0
7085,Gaze,Samuel,Gaze S.,119,3401,0,0,0,sgaze,19951212,0.0,0.0,0,3.0,0.0,0.0,0,0,3,0,0,0,189,78,0,0,0,70,0,63,0,66,0,77,0,70,0,66,0,71,0,63,0,70,0,64,0,66,0,64,0,70,0,68,0,0,0,0,0,0,0,0,0,0,,Gaze_Samuel,0,0,0,0,(),0,0,0.0,0,0,0.0,0,0,0,0,0,0,2022,0,0,0,1,0,0,0,0,0
7087,Buitrago,Santiago,Buitrago S.,13,1101,0,0,0,sbuitrago,19990926,0.0,0.0,0,4.5,0.0,0.0,0,0,3,0,0,0,174,59,0,0,0,66,0,77,0,79,0,69,0,58,0,64,0,63,0,62,0,78,0,74,0,75,0,76,0,78,0,72,0,0,2,3,0,0,0,0,0,0,,Buitrago_Santiago,0,0,0,0,(),0,0,0.0,0,0,0.0,0,0,0,0,0,0,2020,8,2,2,4,0,0,0,4,3
7088,Wright,Fred,Wright F.,97,1801,0,0,0,fwright,19990613,0.0,0.0,0,4.5,0.0,0.0,0,0,3,0,0,0,184,75,0,0,0,76,0,61,0,68,0,73,0,74,0,72,0,72,0,72,0,74,0,74,0,73,0,72,0,75,0,74,0,0,2,4,0,0,0,0,2,0,,Wright_Fred,0,0,0,0,(4),0,0,0.0,0,0,0.0,0,0,0,0,0,0,2020,1,5,0,2,4,6,5,0,0
7089,Hayter,Ethan,Hayter E.,10,1801,0,0,0,ehayter,19980918,0.0,0.0,0,4.5,0.0,0.0,0,0,3,0,0,0,178,67,0,0,0,74,0,67,0,72,0,70,0,66,0,78,0,80,0,69,0,72,0,67,0,70,0,70,0,75,0,68,0,0,3,2,0,0,0,0,67,0,,Hayter_Ethan,0,0,0,0,"(11,39,13)",0,0,0.0,0,0,0.0,0,0,0,0,0,0,2020,24,0,1,1,1,1,0,2,1
7090,Rivera,Brandon,Rivera B.,2,1101,0,0,0,brivera,19960321,0.0,0.0,0,3.5,0.0,0.0,0,0,3,0,0,0,170,60,0,0,0,68,0,72,0,73,0,75,0,61,0,72,0,69,0,66,0,72,0,66,0,66,0,66,0,72,0,61,0,0,2,1,0,0,0,0,0,0,,Rivera_Brandon,0,0,0,0,(),0,0,0.0,0,0,0.0,0,0,0,0,0,0,2020,2,0,1,3,0,0,0,1,1
7091,Rodríguez,Carlos,Rodríguez C.,2,801,0,0,0,carodriguez,20010202,0.0,0.0,0,5.5,0.0,0.0,0,0,3,0,0,0,183,67,0,0,0,70,0,78,0,79,0,80,0,64,0,73,0,71,0,60,0,68,0,77,0,73,0,76,0,78,0,62,0,0,4,1,0,0,0,0,2,0,,Rodriguez_Carlos,0,0,0,0,(),0,0,0.0,0,0,0.0,0,0,0,0,0,0,2020,7,3,0,2,0,0,0,2,2
7092,Van Wilder,Ilan,Van Wilder I.,10,402,0,0,0,ivanwilder,20000514,0.0,0.0,0,5.0,0.0,0.0,0,0,3,0,0,0,171,63,0,0,0,72,0,76,0,78,0,70,0,63,0,76,0,75,0,65,0,73,0,73,0,73,0,73,0,78,0,70,0,0,3,2,0,0,0,0,0,0,,Van-Wilder_Ilan,0,0,0,0,(87),0,0,0.0,0,0,0.0,0,0,0,0,0,0,2020,3,2,1,2,0,0,0,4,2
7093,Covi,Alessandro,Covi A.,20,202,0,0,0,acovi,19980928,0.0,0.0,0,4.5,0.0,0.0,0,0,3,0,0,0,176,66,0,0,0,69,0,71,0,73,0,72,0,68,0,63,0,65,0,70,0,72,0,71,0,72,0,67,0,75,0,71,0,0,0,0,0,0,0,0,0,0,,Covi_Alessandro,0,0,0,0,(),0,0,0.0,0,0,0.0,0,0,0,0,0,0,2020,5,0,3,0,4,1,0,0,2
7094,Bais,Mattia,Bais M.,102,205,0,0,0,mbais,19961019,0.0,0.0,0,3.5,0.0,0.0,0,0,3,0,0,0,175,66,0,0,0,71,0,69,0,70,0,68,0,63,0,62,0,64,0,63,0,71,0,70,0,71,0,69,0,71,0,79,0,0,0,0,0,0,0,0,0,0,,Bais_Mattia,0,0,0,0,(),0,0,0.0,0,0,0.0,0,0,0,0,0,0,2020,0,0,5,0,4,0,0,0,5
7095,Cepeda,Alexander,Cepeda A.,5,9401,0,0,0,acepeda,19980616,0.0,0.0,0,4.5,0.0,0.0,0,0,3,0,0,0,164,56,0,0,0,66,0,74,0,75,0,65,0,58,0,63,0,64,0,60,0,70,0,70,0,68,0,71,0,74,0,76,0,0,2,1,0,0,0,0,0,0,,Cepeda_Alexander,0,0,0,0,(),0,0,0.0,0,0,0.0,0,0,0,0,0,0,2020,4,0,6,1,0,0,0,0,1
7097,Delacroix,Théo,Delacroix T.,68,309,0,0,0,,19990221,0.0,0.0,0,3.5,0.0,0.0,0,0,3,0,0,0,186,70,0,0,0,69,0,64,0,68,0,68,0,64,0,67,0,67,0,62,0,66,0,66,0,65,0,65,0,68,0,62,0,0,0,0,0,0,0,0,0,0,,Delacroix_Theo,0,0,0,0,(),0,0,0.0,0,0,0.0,0,0,0,0,0,0,2020,0,0,0,0,0,0,0,0,1
7098,Hermans,Quinten,Hermans Q.,97,402,0,0,0,qhermans,19950729,0.0,0.0,0,4.5,0.0,0.0,0,0,3,0,0,0,174,64,0,0,0,71,0,65,0,70,0,79,0,73,0,69,0,73,0,70,0,78,0,70,0,74,0,69,0,75,0,71,0,0,1,4,0,0,0,0,0,0,,Hermans_Quinten,0,0,0,0,(),0,0,0.0,0,0,0.0,0,0,0,0,0,0,2020,3,1,3,1,2,1,0,5,1
7100,Louvel,Matis,Louvel M.,42,317,0,0,0,mlouvel,19990719,0.0,0.0,0,5.0,0.0,0.0,0,0,3,0,0,0,187,73,0,0,0,70,0,62,0,67,0,75,0,75,0,63,0,69,0,69,0,69,0,69,0,69,0,68,0,69,0,72,0,0,0,0,0,0,0,0,0,0,,Louvel_Matis,0,0,0,0,(),0,0,0.0,0,0,0.0,0,0,0,0,0,0,2020,2,3,0,0,2,3,2,1,0
7107,Scaroni,Christian,Scaroni C.,12,204,0,0,0,cscaroni,19971016,0.0,0.0,0,4.0,0.0,0.0,0,0,3,0,0,0,175,63,0,0,0,72,0,74,0,77,0,70,0,64,0,65,0,65,0,67,0,75,0,75,0,77,0,71,0,78,0,74,0,0,3,4,0,0,0,0,0,0,,Scaroni_Christian,0,0,0,0,(),0,0,0.0,0,0,0.0,0,0,0,0,0,0,2020,7,0,3,0,1,0,0,3,4
7108,Kuzmin,Anton,Kuzmin A.,12,1301,0,0,0,akuzmin,19961120,0.0,0.0,0,2.5,0.0,0.0,0,0,3,0,0,0,186,66,0,0,0,67,0,64,0,66,0,63,0,56,0,60,0,60,0,56,0,64,0,64,0,64,0,66,0,68,0,64,0,0,0,0,0,0,0,0,0,0,,Kuzmin_Anton,0,0,0,0,(),0,0,0.0,0,0,0.0,0,0,0,0,0,0,0,1,0,1,0,0,0,0,1,1
7109,Carr,Simon,Carr S.,34,1801,0,0,0,scarr,19980829,0.0,0.0,0,4.0,0.0,0.0,0,0,3,0,0,0,182,63,0,0,0,66,0,71,0,73,0,72,0,66,0,62,0,62,0,65,0,67,0,67,0,66,0,69,0,72,0,76,0,0,0,0,0,0,0,0,0,0,,Carr_Simon,0,0,0,0,(),0,0,0.0,0,0,0.0,0,0,0,0,0,0,2020,7,0,3,2,0,0,0,2,0
7110,Girmay,Biniam,Girmay B.,42,4101,0,0,0,bgirmay,20000402,0.0,0.0,0,5.5,0.0,0.0,0,0,3,0,0,0,184,70,0,0,0,73,0,62,0,66,0,73,0,76,81,64,0,65,0,78,0,78,0,73,0,74,0,71,0,73,79,71,0,0,4,4,0,0,0,0,1,0,,Girmay_Biniam,0,0,0,0,(),0,0,0.0,0,0,0.0,0,0,0,0,0,0,2020,16,3,2,0,4,3,1,0,0
7112,Oka,Atsushi,Oka A.,119,2101,0,0,0,,19950903,0.0,0.0,0,3.0,0.0,0.0,0,0,3,0,0,0,163,57,0,0,0,68,0,60,0,65,0,71,0,62,0,65,0,68,0,69,0,72,0,63,0,63,0,64,0,67,0,64,0,0,0,0,0,0,0,0,0,0,,Oka_Atsushi,0,0,0,0,(),0,0,0.0,0,0,0.0,0,0,0,0,0,0,2020,2,0,0,0,0,0,0,0,0
7113,Aular,Orluis,Aular O.,1,4501,0,0,0,oaular,19961105,0.0,0.0,0,4.0,0.0,0.0,0,0,3,0,0,0,176,65,0,0,0,72,0,69,0,72,0,71,0,70,0,67,0,69,0,75,0,75,0,73,0,75,0,73,0,75,0,62,0,0,3,3,0,0,0,0,192,0,,Aular_Orluis,0,0,0,0,(),0,0,0.0,0,0,0.0,0,0,0,0,0,0,2020,12,0,1,2,1,1,0,0,1
7118,Cepeda,Jefferson Alveiro,Cepeda J.A.,1,9401,0,0,0,jalvcepeda,19960302,0.0,0.0,0,4.0,0.0,0.0,0,0,3,0,0,0,170,61,0,0,0,67,0,74,0,75,0,70,0,60,0,67,0,68,0,62,0,68,0,70,0,69,0,71,0,74,0,72,0,0,0,0,0,0,0,0,64,0,,Cepeda_Jefferson-Alveiro,0,0,0,0,(),0,0,0.0,0,0,0.0,0,0,0,0,0,0,2019,7,0,1,4,0,0,0,0,0
7119,Nicolau,Joel,Nicolau J.,35,809,0,0,0,jnicolau,19971223,0.0,0.0,0,3.5,0.0,0.0,0,0,3,0,0,0,176,66,0,0,0,70,0,69,0,70,0,67,0,65,0,62,0,64,0,64,0,71,0,68,0,70,0,69,0,73,0,76,0,0,0,0,0,0,0,0,0,0,,Nicolau_Joel,0,0,0,0,(),0,0,0.0,0,0,0.0,0,0,0,0,0,0,2020,0,0,0,2,0,0,0,0,0
7121,Van den Bossche,Fabio,Van den Bossche F.,10,402,0,0,0,fvandenbossche,20000921,0.0,0.0,0,3.0,0.0,0.0,0,0,3,0,0,0,176,63,0,0,0,74,0,64,0,67,0,70,0,72,0,63,0,64,0,67,0,68,0,66,0,67,0,65,0,70,0,63,0,0,3,4,0,0,0,0,0,0,,Van-Den-Bossche_Fabio,0,0,0,0,(11),0,0,0.0,0,0,0.0,0,0,0,0,0,0,2020,0,0,2,0,0,2,0,1,0
7122,Beullens,Cédric,Beullens C.,9,402,0,0,0,cbeullens,19990127,0.0,0.0,0,4.0,0.0,0.0,0,0,3,0,0,0,190,79,0,0,0,74,0,58,0,64,0,72,0,74,0,62,0,62,0,72,0,71,0,68,0,69,0,68,0,72,0,67,0,0,0,0,0,0,0,0,0,0,,Beullens_Cedric,0,0,0,0,(),0,0,0.0,0,0,0.0,0,0,0,0,0,0,2020,0,1,0,1,2,4,4,0,0
7123,De Wilde,Gilles,De Wilde G.,119,402,0,0,0,,19991012,0.0,0.0,0,3.5,0.0,0.0,0,0,3,0,0,0,183,75,0,0,0,70,0,57,0,63,0,70,0,70,0,63,0,63,0,63,0,62,0,66,0,62,0,62,0,68,0,78,0,0,0,0,0,0,0,0,0,0,,De-Wilde_Gilles,0,0,0,0,(),0,0,0.0,0,0,0.0,0,0,0,0,0,0,2020,0,0,0,0,0,2,1,1,0
7126,Frigo,Marco,Frigo M.,42,206,0,0,0,mfrigo,20000302,0.0,0.0,0,4.0,0.0,0.0,0,0,3,0,0,0,188,65,0,0,0,73,0,74,0,75,0,70,0,63,0,72,0,72,0,62,0,69,0,72,0,69,0,72,0,72,0,75,0,0,0,0,0,0,0,0,0,0,,Frigo_Marco,0,0,0,0,(),0,0,0.0,0,0,0.0,0,0,0,0,0,0,2021,1,0,3,2,1,0,0,0,1
7129,Strong,Corbin,Strong C.,42,3401,0,0,0,cstrong,20000430,0.0,0.0,0,4.5,0.0,0.0,0,0,3,0,0,0,173,63,0,0,0,72,0,66,0,70,0,74,0,69,0,64,0,70,0,75,0,78,0,75,0,78,0,74,0,78,0,64,0,0,2,4,0,0,0,0,0,0,,Strong_Corbin,0,0,0,0,(),0,0,0.0,0,0,0.0,0,0,0,0,0,0,2022,8,1,1,1,3,2,0,0,1
7130,Van Tricht,Stan,Van Tricht S.,210,402,0,0,0,svantricht,19990920,0.0,0.0,0,4.5,0.0,0.0,0,0,3,0,0,0,174,64,0,0,0,73,0,61,0,65,0,69,0,71,0,66,0,66,0,70,0,71,0,66,0,69,0,65,0,71,0,66,0,0,3,4,0,0,0,0,0,0,,Van-Tricht_Stan,0,0,0,0,(),0,0,0.0,0,0,0.0,0,0,0,0,0,0,2021,1,0,0,0,0,0,0,2,0
7131,Wood,Harrison,Wood H.,119,1801,0,0,0,hwood,20000614,0.0,0.0,0,3.5,0.0,0.0,0,0,3,0,0,0,185,64,0,0,0,65,0,69,0,70,0,66,0,60,0,64,0,63,0,62,0,62,0,64,0,66,0,64,0,72,0,63,0,0,0,0,0,0,0,0,0,0,,Wood_Harrison,0,0,0,0,(),0,0,0.0,0,0,0.0,0,0,0,0,0,0,2021,0,0,1,0,2,0,0,0,2
7132,Museeuw,Stefano,Museeuw S.,119,402,0,0,0,smuseeuw,19970601,0.0,0.0,0,2.0,0.0,0.0,0,0,3,0,0,0,175,68,0,0,0,66,0,57,0,60,0,72,0,66,0,61,0,63,0,64,0,67,0,60,0,59,0,57,0,62,0,61,0,0,0,0,0,0,0,0,0,0,,Museeuw_Stefano,0,0,0,0,(),0,0,0.0,0,0,0.0,0,0,0,0,0,0,0,0,0,0,0,0,0,0,0,0
7133,Ťoupalík,Adam,Ťoupalík A.,107,3301,0,0,0,atoupalik,19960509,0.0,0.0,0,4.0,0.0,0.0,0,0,3,0,0,0,175,65,0,0,0,69,0,65,0,67,0,76,0,69,0,66,0,68,0,65,0,68,0,66,0,67,0,69,0,69,0,68,0,0,0,0,0,0,0,0,2,0,,Toupalik_Adam,0,0,0,0,(),0,0,0.0,0,0,0.0,0,0,0,0,0,0,0,3,0,0,0,0,0,0,0,0
7134,Del Grosso,Bodi,Del Grosso B.,119,501,0,0,0,bdelgrosso,20010314,0.0,0.0,0,3.0,0.0,0.0,0,0,3,0,0,0,0,0,0,0,0,67,0,58,0,63,0,73,0,66,0,63,0,64,0,64,0,66,0,60,0,63,0,60,0,66,0,62,0,0,0,0,0,0,0,0,0,0,,Del-Grosso_Bodi,0,0,0,0,(),0,0,0.0,0,0,0.0,0,0,0,0,0,0,0,0,0,0,0,0,0,0,0,0
7136,Weulink,Meindert,Weulink M.,146,509,0,0,0,mweulink,19990515,0.0,0.0,0,3.5,0.0,0.0,0,0,3,0,0,0,175,62,0,0,0,67,0,66,0,67,0,68,0,61,0,61,0,62,0,57,0,63,0,64,0,62,0,66,0,68,0,64,0,0,0,0,0,0,0,0,0,0,,Weulink_Meindert,0,0,0,0,(),0,0,0.0,0,0,0.0,0,0,0,0,0,0,0,0,0,0,0,0,0,0,0,0
7138,Appel,Stijn,Appel S.,158,508,0,0,0,sappel,19961114,0.0,0.0,0,2.5,0.0,0.0,0,0,3,0,0,0,0,0,0,0,0,67,0,61,0,64,0,75,0,66,0,63,0,64,0,56,0,61,0,59,0,62,0,63,0,66,0,62,0,0,0,0,0,0,0,0,0,0,,Appel_Stijn,0,0,0,0,(),0,0,0.0,0,0,0.0,0,0,0,0,0,0,0,0,0,0,0,0,0,0,0,0
7147,Sander Hansen,Marcus,Sander Hansen M.,161,1001,0,0,0,msanderhansen,20000825,0.0,0.0,0,3.5,0.0,0.0,0,0,3,0,0,0,182,68,0,0,0,70,0,58,0,63,0,67,0,68,0,63,0,63,0,67,0,65,0,64,0,62,0,62,0,67,0,67,0,0,0,0,0,0,0,0,0,0,,Sander-Hansen_Marcus,0,0,0,0,(),0,0,0.0,0,0,0.0,0,0,0,0,0,0,2023,2,0,0,0,0,0,0,0,0
7148,Hertz,Benjamin,Hertz B.,119,1001,0,0,0,bhertz,20011014,0.0,0.0,0,2.0,0.0,0.0,0,0,3,0,0,0,183,70,0,0,0,66,0,62,0,63,0,64,0,62,0,61,0,61,0,60,0,66,0,57,0,55,0,60,0,64,0,59,0,0,0,0,0,0,0,0,0,0,,Hertz_Benjamin,0,0,0,0,(),0,0,0.0,0,0,0.0,0,0,0,0,0,0,0,0,0,0,0,0,0,0,0,0
7149,Gudnitz,Joshua,Gudnitz J.,147,1001,0,0,0,jgudnitz,20010819,0.0,0.0,0,4.0,0.0,0.0,0,0,3,0,0,0,177,69,0,0,0,71,0,59,0,64,0,71,0,68,0,67,0,68,0,70,0,70,0,65,0,66,0,65,0,70,0,68,0,0,0,0,0,0,0,0,0,0,,Gudnitz_Joshua,0,0,0,0,(),0,0,0.0,0,0,0.0,0,0,0,0,0,0,0,0,0,0,0,0,0,0,0,0
7151,Muff,Frederik,Muff F.,119,1001,0,0,0,,19930802,0.0,0.0,0,3.5,0.0,0.0,0,0,3,0,0,0,195,78,0,0,0,71,0,64,0,66,0,67,0,66,0,71,0,69,0,63,0,63,0,65,0,65,0,63,0,67,0,70,0,0,0,0,0,0,0,0,0,0,,Muff_Frederik,0,0,0,0,(),0,0,0.0,0,0,0.0,0,0,0,0,0,0,0,0,0,0,0,0,0,0,0,0
7152,Øritsland,Mikkel,Øritsland M.,119,1001,0,0,0,moritsland,19950725,0.0,0.0,0,2.0,0.0,0.0,0,0,3,0,0,0,179,75,0,0,0,66,0,57,0,60,0,69,0,64,0,62,0,64,0,56,0,60,0,58,0,58,0,60,0,62,0,74,0,0,0,0,0,0,0,0,0,0,,oritsland_Mikkel,0,0,0,0,(),0,0,0.0,0,0,0.0,0,0,0,0,0,0,0,0,0,0,0,0,0,0,0,0
7153,Gudmestad,Tord,Gudmestad T.,3,3501,0,0,0,tgudmestad,20010508,0.0,0.0,0,3.5,0.0,0.0,0,0,3,0,0,0,188,82,0,0,0,73,0,55,0,61,0,67,0,70,0,60,0,63,0,74,0,74,0,67,0,68,0,64,0,66,0,60,0,0,3,3,0,0,0,0,0,0,,Gudmestad_Tord,0,0,0,0,"(25,11)",0,0,0.0,0,0,0.0,0,0,0,0,0,0,2022,1,0,1,0,1,0,1,0,0
7154,Dversnes,Fredrik,Dversnes F.,99,3501,0,0,0,fdversnes,19970320,0.0,0.0,0,4.5,0.0,0.0,0,0,3,0,0,0,0,0,0,0,0,75,0,62,0,70,0,74,0,73,0,71,0,68,0,72,0,73,0,73,0,74,0,68,0,75,0,73,0,0,0,0,0,0,0,0,2,0,,Dversnes_Fredrik,0,0,0,0,(),0,0,0.0,0,0,0.0,0,0,0,0,0,0,2022,6,0,0,0,2,0,0,3,1
7156,Kolze Changizi,Sebastian,Kolze Changizi S.,125,1002,0,0,0,skolzechangizi,20001229,0.0,0.0,0,4.0,0.0,0.0,0,0,3,0,0,0,181,70,0,0,0,71,0,59,0,63,0,71,0,66,0,62,0,62,0,69,0,68,0,65,0,63,0,65,0,66,0,72,0,0,0,0,0,0,0,0,0,0,,Kolze-Changizi_Sebastian,0,0,0,0,(),0,0,0.0,0,0,0.0,0,0,0,0,0,0,0,0,0,0,0,0,1,0,0,0
7157,Wandahl,Frederik,Wandahl F.,33,1001,0,0,0,fwandahl,20010509,0.0,0.0,0,3.5,0.0,0.0,0,0,3,0,0,0,178,61,0,0,0,68,0,67,0,70,0,66,0,67,0,61,0,64,0,67,0,71,0,68,0,69,0,59,0,72,0,65,0,0,0,0,0,0,0,0,0,0,,Wandahl_Frederik,0,0,0,0,(),0,0,0.0,0,0,0.0,0,0,0,0,0,0,2021,0,0,0,0,0,0,0,1,1
7158,Blume Levy,William,Blume Levy W.,99,1001,0,0,0,wblumelevy,20010114,0.0,0.0,0,4.0,0.0,0.0,0,0,3,0,0,0,192,0,0,0,0,71,0,60,0,63,0,69,0,67,0,65,0,66,0,65,0,63,0,66,0,66,0,62,0,70,0,60,0,0,0,0,0,0,0,0,0,0,,Blume-Levy_William,0,0,0,0,(),0,0,0.0,0,0,0.0,0,0,0,0,0,0,2022,0,0,0,0,0,4,3,0,0
7160,Aidel,Andreas,Aidel A.,161,1001,0,0,0,aaidel,19960408,0.0,0.0,0,2.5,0.0,0.0,0,0,3,0,0,0,186,73,0,0,0,70,0,59,0,64,0,70,0,66,0,61,0,63,0,56,0,55,0,63,0,63,0,61,0,67,0,68,0,0,0,0,0,0,0,0,0,0,,Aidel_Andreas,0,0,0,0,(),0,0,0.0,0,0,0.0,0,0,0,0,0,0,0,0,0,0,0,0,0,0,0,0
7161,Canal,Carlos,Canal C.,1,812,0,0,0,ccanal,20010628,0.0,0.0,0,4.0,0.0,0.0,0,0,3,0,0,0,179,70,0,0,0,73,0,66,0,73,0,76,0,72,0,68,0,70,0,71,0,73,0,70,0,73,0,67,0,75,0,71,0,0,0,0,0,0,0,0,0,0,,Canal_Carlos,0,0,0,0,(),0,0,0.0,0,0,0.0,0,0,0,0,0,0,2020,0,0,0,4,2,2,0,1,1
7166,Pinazzi,Mattia,Pinazzi M.,81,204,0,0,0,mpinazzi,20010404,0.0,0.0,0,3.0,0.0,0.0,0,0,3,0,0,0,178,72,0,0,0,67,0,53,0,55,0,64,0,60,0,62,0,62,0,69,0,69,0,63,0,65,0,57,0,60,0,61,0,0,0,0,0,0,0,0,0,0,,Pinazzi_Mattia,0,0,0,0,(),0,0,0.0,0,0,0.0,0,0,0,0,0,0,0,0,0,0,0,0,0,0,0,0
7168,Lamon,Francesco,Lamon F.,119,201,0,0,0,,19940205,0.0,0.0,0,2.0,0.0,0.0,0,0,3,0,0,0,0,0,0,0,0,67,0,54,0,57,0,64,0,60,0,64,0,65,0,62,0,65,0,56,0,59,0,57,0,59,0,60,0,0,0,0,0,0,0,0,0,0,,Lamon_Francesco,0,0,0,0,(),0,0,0.0,0,0,0.0,0,0,0,0,0,0,0,0,0,0,0,0,0,0,0,0
7171,Bulleri,Michael,Bulleri M.,104,204,0,0,0,,19990513,0.0,0.0,0,2.5,0.0,0.0,0,0,3,0,0,0,183,71,0,0,0,63,0,64,0,65,0,66,0,54,0,54,0,56,0,56,0,57,0,61,0,60,0,61,0,66,0,65,0,0,0,0,0,0,0,0,0,0,,Belleri_Michael,0,0,0,0,(),0,0,0.0,0,0,0.0,0,0,0,0,0,0,0,0,0,0,0,0,0,0,0,0
7185,Covini,Peter,Covini P.,105,204,0,0,0,,19910804,0.0,0.0,0,1.0,0.0,0.0,0,0,3,0,0,0,178,63,0,0,0,62,0,62,0,63,0,63,0,58,0,56,0,59,0,53,0,55,0,59,0,56,0,60,0,64,0,67,0,0,0,0,0,0,0,0,0,0,,Cevini_Peter,0,0,0,0,(),0,0,0.0,0,0,0.0,0,0,0,0,0,0,0,0,0,0,0,0,0,0,0,0
7189,Andrade,Pedro,Andrade P.,119,2901,0,0,0,,20000531,0.0,0.0,0,4.5,0.0,0.0,0,0,3,0,0,0,0,0,0,0,0,60,0,63,0,63,0,66,0,60,0,59,0,60,0,62,0,63,0,58,0,59,0,61,0,63,0,60,0,0,0,0,0,0,0,0,0,0,,Andrade_Pedro,0,0,0,0,(),0,0,0.0,0,0,0.0,0,0,0,0,0,0,0,0,0,0,0,0,0,0,0,0
7190,Drizners,Jarrad,Drizners J.,33,2001,0,0,0,jdrizners,19990531,0.0,0.0,0,4.5,0.0,0.0,0,0,3,0,0,0,186,70,0,0,0,72,0,56,0,63,0,69,0,65,0,62,0,64,0,64,0,65,0,67,0,66,0,67,0,65,0,68,0,0,0,0,0,0,0,0,0,0,,Drizners_Jarrad,0,0,0,0,(),0,0,0.0,0,0,0.0,0,0,0,0,0,0,2022,0,2,0,2,3,0,0,2,0
7192,Skjelmose,Mattias,Skjelmose M.,11,1001,0,0,0,mskjelmose,20000926,0.0,0.0,0,5.0,0.0,0.0,0,0,3,0,0,0,179,65,0,0,0,73,0,76,0,79,0,71,0,67,0,76,0,75,0,69,0,74,0,79,0,78,0,74,0,81,0,68,0,0,4,4,0,0,0,0,3,0,,Skjelmose_Mattias,0,0,0,0,"(15,173,175)",0,0,0.0,0,0,0.0,0,0,0,0,0,0,2021,14,2,1,1,0,0,0,4,2
7193,Schmid,Mauro,Schmid M.,20,1701,0,0,0,mschmid,19991204,0.0,0.0,0,5.0,0.0,0.0,0,0,3,0,0,0,187,70,0,0,0,76,0,70,0,76,0,75,0,70,0,74,0,75,0,71,0,76,0,76,0,78,0,71,0,80,0,74,0,0,3,5,0,0,0,0,192,0,,Schmid_Mauro,0,0,0,0,"(5,135,43)",0,0,0.0,0,0,0.0,0,0,0,0,0,0,2021,9,1,2,1,1,0,0,3,2
7194,Bottendorff,Loïc,Bottendorff L.,112,1901,0,0,0,,20010428,0.0,0.0,0,3.0,0.0,0.0,0,0,3,0,0,0,188,74,0,0,0,68,0,58,0,62,0,68,0,66,0,62,0,62,0,66,0,65,0,62,0,63,0,62,0,65,0,64,0,0,0,0,0,0,0,0,0,0,,Bettendorff_Loic,0,0,0,0,(),0,0,0.0,0,0,0.0,0,0,0,0,0,0,0,0,0,0,0,0,0,0,0,0
7195,Lindgren,Emil,Lindgren E.,119,3201,0,0,0,,20000622,0.0,0.0,0,2.5,0.0,0.0,0,0,3,0,0,0,178,74,0,0,0,65,0,56,0,60,0,66,0,62,0,58,0,60,0,67,0,66,0,60,0,58,0,55,0,63,0,59,0,0,0,0,0,0,0,0,0,0,,Lindgren_Emil,0,0,0,0,(),0,0,0.0,0,0,0.0,0,0,0,0,0,0,0,0,0,0,0,0,0,0,0,0
7197,Hiidemann,Miguel,Hiidemann M.,152,711,0,0,0,,19980127,0.0,0.0,0,4.0,0.0,0.0,0,0,3,0,0,0,0,0,0,0,0,72,0,67,0,70,0,70,0,66,0,71,0,70,0,61,0,61,0,67,0,66,0,67,0,71,0,75,0,0,0,0,0,0,0,0,0,0,,Heidemann_Miguel,0,0,0,0,(),0,0,0.0,0,0,0.0,0,0,0,0,0,0,2022,0,0,0,0,0,0,0,0,0
7198,Harakhavik,Uladzimir,Harakhavik U.,119,4301,0,0,0,,19950121,0.0,0.0,0,3.0,0.0,0.0,0,0,3,0,0,0,0,0,0,0,0,69,0,57,0,61,0,70,0,64,0,60,0,62,0,70,0,68,0,62,0,64,0,68,0,64,0,68,0,0,0,0,0,0,0,0,0,0,,Harakhavik_Uladzimir,0,0,0,0,(),0,0,0.0,0,0,0.0,0,0,0,0,0,0,0,0,0,0,0,0,0,0,0,0
7199,Rostovtsev,Sergey,Rostovtsev S.,81,5701,0,0,0,srostovtsev,19970602,0.0,0.0,0,2.5,0.0,0.0,0,0,3,0,0,0,180,73,0,0,0,68,0,56,0,61,0,67,0,62,0,63,0,64,0,69,0,69,0,64,0,63,0,62,0,66,0,58,0,0,0,0,0,0,0,0,0,0,,Rostovtsev_Sergey,0,0,0,0,(),0,0,0.0,0,0,0.0,0,0,0,0,0,0,0,0,0,0,0,0,0,0,0,0
7200,Shnyrko,Alexei,Shnyrko A.,119,4301,0,0,0,ashnyrko,19940512,0.0,0.0,0,1.5,0.0,0.0,0,0,3,0,0,0,0,0,0,0,0,66,0,55,0,59,0,66,0,60,0,59,0,60,0,69,0,71,0,60,0,59,0,65,0,63,0,60,0,0,0,0,0,0,0,0,0,0,,Shnyrko_Alexei,0,0,0,0,(),0,0,0.0,0,0,0.0,0,0,0,0,0,0,0,1,0,0,0,0,0,0,0,0
7201,Beck-Gramcko,Tobias,Beck-Gramcko T.,152,709,0,0,0,,20010101,0.0,0.0,0,2.0,0.0,0.0,0,0,3,0,0,0,188,76,0,0,0,67,0,56,0,57,0,68,0,59,0,65,0,67,0,55,0,58,0,58,0,57,0,56,0,61,0,72,0,0,0,0,0,0,0,0,0,0,,Buck-Gramcko_Tobias,0,0,0,0,(),0,0,0.0,0,0,0.0,0,0,0,0,0,0,0,0,0,0,0,0,0,0,0,0
7202,Heinrich,Nicolas,Heinrich N.,119,713,0,0,0,,20011202,0.0,0.0,0,2.0,0.0,0.0,0,0,3,0,0,0,181,76,0,0,0,64,0,56,0,58,0,62,0,60,0,64,0,67,0,60,0,62,0,55,0,55,0,57,0,59,0,65,0,0,0,0,0,0,0,0,0,0,,Heinrich_Nicolas,0,0,0,0,(),0,0,0.0,0,0,0.0,0,0,0,0,0,0,0,0,0,0,0,0,0,0,0,0
7204,Rosner,Linus,Rosner L.,119,701,0,0,0,,20010330,0.0,0.0,0,2.5,0.0,0.0,0,0,3,0,0,0,0,0,0,0,0,64,0,57,0,60,0,68,0,61,0,61,0,62,0,64,0,64,0,58,0,59,0,58,0,63,0,66,0,0,0,0,0,0,0,0,0,0,,Rosner_Linus,0,0,0,0,(),0,0,0.0,0,0,0.0,0,0,0,0,0,0,0,0,0,0,0,0,0,0,0,0
7206,Uhlig,Henri,Uhlig H.,37,701,0,0,0,huhlig,20010801,0.0,0.0,0,4.0,0.0,0.0,0,0,3,0,0,0,180,69,0,0,0,71,0,63,0,67,0,70,0,69,0,64,0,67,0,74,0,74,0,69,0,69,0,66,0,71,0,70,0,0,3,3,0,0,0,0,0,0,,Uhlig_Henri,0,0,0,0,(),0,0,0.0,0,0,0.0,0,0,0,0,0,0,0,0,0,0,0,0,0,0,0,0
7207,Weispfennig,Nils,Weispfennig N.,119,701,0,0,0,,20000424,0.0,0.0,0,1.5,0.0,0.0,0,0,3,0,0,0,0,0,0,0,0,63,0,55,0,57,0,64,0,61,0,57,0,58,0,65,0,63,0,53,0,52,0,53,0,58,0,58,0,0,0,0,0,0,0,0,0,0,,Weispfennig_Nils,0,0,0,0,(),0,0,0.0,0,0,0.0,0,0,0,0,0,0,0,0,0,0,0,0,0,0,0,0
7208,Keup,Pierre-Pascal,Keup P.P.,119,713,0,0,0,,20010114,0.0,0.0,0,3.5,0.0,0.0,0,0,3,0,0,0,0,0,0,0,0,67,0,62,0,65,0,67,0,63,0,56,0,59,0,62,0,65,0,61,0,64,0,65,0,69,0,60,0,0,0,0,0,0,0,0,0,0,,Keup_Pierre-pascal,0,0,0,0,(),0,0,0.0,0,0,0.0,0,0,0,0,0,0,0,0,0,0,0,0,0,0,0,0
7209,Gathemann,Albert,Gathemann A.,119,701,0,0,0,,20011103,0.0,0.0,0,3.0,0.0,0.0,0,0,3,0,0,0,0,0,0,0,0,57,0,60,0,62,0,68,0,51,0,53,0,54,0,51,0,57,0,53,0,53,0,55,0,63,0,71,0,0,0,0,0,0,0,0,0,0,,Gathemann_Albert,0,0,0,0,(),0,0,0.0,0,0,0.0,0,0,0,0,0,0,0,0,0,0,0,0,0,0,0,0
7210,Gross,Franz,Gross Fr.,119,713,0,0,0,,20010508,0.0,0.0,0,1.5,0.0,0.0,0,0,3,0,0,0,183,72,0,0,0,66,0,53,0,55,0,62,0,55,0,56,0,57,0,65,0,63,0,54,0,54,0,56,0,57,0,67,0,0,0,0,0,0,0,0,0,0,,Gross_Franz,0,0,0,0,(),0,0,0.0,0,0,0.0,0,0,0,0,0,0,0,0,0,0,0,0,0,0,0,0
7212,Zetzsche,Theo,Zetzsche T.,119,701,0,0,0,,20010821,0.0,0.0,0,2.0,0.0,0.0,0,0,3,0,0,0,0,0,0,0,0,63,0,54,0,57,0,69,0,61,0,61,0,61,0,60,0,55,0,56,0,55,0,55,0,60,0,60,0,0,0,0,0,0,0,0,0,0,,Zetzsche_Theo,0,0,0,0,(),0,0,0.0,0,0,0.0,0,0,0,0,0,0,0,0,0,0,0,0,0,0,0,0
7215,Zurawski,Sven,Zurawski S.,119,702,0,0,0,,20010801,0.0,0.0,0,2.0,0.0,0.0,0,0,3,0,0,0,0,0,0,0,0,60,0,56,0,59,0,66,0,54,0,53,0,54,0,54,0,58,0,54,0,57,0,54,0,61,0,58,0,0,0,0,0,0,0,0,0,0,,Zurawski_Sven,0,0,0,0,(),0,0,0.0,0,0,0.0,0,0,0,0,0,0,0,0,0,0,0,0,0,0,0,0
7217,Meo,Felix,Meo F.,93,3401,0,0,0,fmeo,19970403,0.0,0.0,0,1.5,0.0,0.0,0,0,3,0,0,0,0,0,0,0,0,66,0,61,0,62,0,62,0,60,0,60,0,61,0,55,0,58,0,61,0,60,0,53,0,63,0,62,0,0,0,0,0,0,0,0,0,0,,Meo_Felix,0,0,0,0,(),0,0,0.0,0,0,0.0,0,0,0,0,0,0,0,0,0,0,0,1,0,0,0,0
7219,Holter,Ådne,Holter Å.,99,3501,0,0,0,aholter,20000708,0.0,0.0,0,4.0,0.0,0.0,0,0,3,0,0,0,184,72,0,0,0,69,0,66,0,73,0,70,0,64,0,67,0,69,0,60,0,70,0,68,0,70,0,69,0,74,0,72,0,0,0,0,0,0,0,0,0,0,,Holter_Adne,0,0,0,0,(),0,0,0.0,0,0,0.0,0,0,0,0,0,0,2022,0,0,0,0,0,0,0,2,2
7224,Lipowitz,Florian,Lipowitz F.,33,701,0,0,0,flipowitz,20000921,0.0,0.0,0,5.0,0.0,0.0,0,0,3,0,0,0,181,68,0,0,0,75,0,81,0,81,0,72,0,61,0,78,0,75,0,56,0,62,0,77,0,74,0,78,0,79,0,65,0,0,5,1,0,0,0,0,0,0,,Lipowitz_Florian,0,0,0,0,(),0,0,0.0,0,0,0.0,0,0,0,0,0,0,2023,3,1,1,1,0,0,0,0,1
7225,Lührs,Leslie,Lührs L.,119,702,0,0,0,,20010323,0.0,0.0,0,4.0,0.0,0.0,0,0,3,0,0,0,189,77,0,0,0,66,0,54,0,57,0,68,0,65,0,62,0,67,0,70,0,67,0,60,0,61,0,60,0,60,0,68,0,0,0,0,0,0,0,0,0,0,,Luhrs_Leslie,0,0,0,0,(),0,0,0.0,0,0,0.0,0,0,0,0,0,0,0,0,0,0,0,0,0,0,0,0
7226,Steinhauser,Georg,Steinhauser G.,5,701,0,0,0,gsteinhauser,20011021,0.0,0.0,0,4.5,0.0,0.0,0,0,3,0,0,0,188,65,0,0,0,74,0,74,0,75,0,73,0,62,0,70,0,70,0,59,0,63,0,76,0,70,0,74,0,73,0,77,0,0,3,2,0,0,0,0,0,0,,Steinhauser_Georg,0,0,0,0,(),0,0,0.0,0,0,0.0,0,0,0,0,0,0,2022,1,0,2,0,0,0,0,0,1
7230,Goeman,Jonas,Goeman J.,119,402,0,0,0,,19930215,0.0,0.0,0,2.5,0.0,0.0,0,0,3,0,0,0,0,0,0,0,0,70,0,55,0,58,0,64,0,66,0,58,0,58,0,67,0,66,0,64,0,63,0,61,0,60,0,56,0,0,0,0,0,0,0,0,0,0,,Goeman_Jonas,0,0,0,0,(),0,0,0.0,0,0,0.0,0,0,0,0,0,0,0,0,0,0,0,0,0,0,0,0
7234,Carvalho,Gonçalo,Carvalho G.,119,2901,0,0,0,,19971203,0.0,0.0,0,3.0,0.0,0.0,0,0,3,0,0,0,171,58,0,0,0,63,0,64,0,65,0,55,0,57,0,56,0,58,0,55,0,61,0,58,0,58,0,62,0,66,0,65,0,0,0,0,0,0,0,0,0,0,,Carvalho_Goncalo,0,0,0,0,(),0,0,0.0,0,0,0.0,0,0,0,0,0,0,0,0,0,0,0,0,0,0,0,0
7237,Silva,Pedro,Silva P.,109,2901,0,0,0,psilva,20010707,0.0,0.0,0,3.5,0.0,0.0,0,0,3,0,0,0,179,67,0,0,0,69,0,69,0,70,0,69,0,64,0,65,0,64,0,67,0,68,0,65,0,65,0,66,0,70,0,71,0,0,0,0,0,0,0,0,0,0,,Silva_Pedro,0,0,0,0,(),0,0,0.0,0,0,0.0,0,0,0,0,0,0,0,0,0,0,0,0,0,0,0,0
7239,Ochoa,Carlos Francisco,Ochoa C.F.,119,8801,0,0,0,,19940531,0.0,0.0,0,0.5,0.0,0.0,0,0,3,0,0,0,0,0,0,0,0,63,0,57,0,58,0,62,0,58,0,55,0,58,0,59,0,61,0,53,0,54,0,58,0,59,0,65,0,0,0,0,0,0,0,0,0,0,,Ochoa_Carlos-Francisco,0,0,0,0,(),0,0,0.0,0,0,0.0,0,0,0,0,0,0,0,0,0,0,0,0,0,0,0,0
7245,Sowinski,Artur,Sowinski A.,119,3001,0,0,0,,19970129,0.0,0.0,0,3.0,0.0,0.0,0,0,3,0,0,0,0,0,0,0,0,66,0,66,0,67,0,70,0,63,0,61,0,63,0,63,0,63,0,65,0,63,0,66,0,67,0,67,0,0,0,0,0,0,0,0,0,0,,Sowinski_Artur,0,0,0,0,(),0,0,0.0,0,0,0.0,0,0,0,0,0,0,0,0,0,0,0,0,0,0,0,0
7249,Fancellu,Alessandro,Fancellu A.,103,201,0,0,0,afancellu,20000424,0.0,0.0,0,4.0,0.0,0.0,0,0,3,0,0,0,172,62,0,0,0,68,0,73,0,74,0,68,0,62,0,63,0,64,0,65,0,70,0,71,0,68,0,68,0,74,0,68,0,0,0,0,0,0,0,0,0,0,,Fancellu_Alessandro,0,0,0,0,(),0,0,0.0,0,0,0.0,0,0,0,0,0,0,2021,0,0,0,0,0,0,0,0,2
7250,Fetter,Erik,Fetter E.,167,4001,0,0,0,efetter,20000405,0.0,0.0,0,4.5,0.0,0.0,0,0,3,0,0,0,190,70,0,0,0,68,0,67,0,70,0,75,0,65,0,66,0,65,0,67,0,73,0,68,0,70,0,68,0,73,0,67,0,0,0,0,0,0,0,0,1,0,,Fetter_Erik,0,0,0,0,(),0,0,0.0,0,0,0.0,0,0,0,0,0,0,2021,3,0,2,0,0,0,0,0,3
7251,Garavaglia,Giacomo,Garavaglia G.,119,201,0,0,0,,19960703,0.0,0.0,0,3.0,0.0,0.0,0,0,3,0,0,0,177,65,0,0,0,66,0,61,0,63,0,63,0,59,0,59,0,60,0,60,0,59,0,62,0,60,0,58,0,65,0,69,0,0,0,0,0,0,0,0,0,0,,Garavaglia_Giacomo,0,0,0,0,(),0,0,0.0,0,0,0.0,0,0,0,0,0,0,0,0,0,0,0,0,0,0,0,0
7255,Dina,Márton,Dina M.,103,4001,0,0,0,mdina,19960411,0.0,0.0,0,4.5,0.0,0.0,0,0,3,0,0,0,186,67,0,0,0,67,0,71,0,71,0,74,0,65,0,62,0,66,0,62,0,71,0,67,0,71,0,71,0,71,0,75,0,0,0,0,0,0,0,0,128,0,,Dina_Marton,0,0,0,0,(),0,0,0.0,0,0,0.0,0,0,0,0,0,0,2021,1,0,1,0,0,0,0,0,0
7257,Granigan,Noah,Granigan N.,119,601,0,0,0,,19960118,0.0,0.0,0,3.0,0.0,0.0,0,0,3,0,0,0,0,0,0,0,0,66,0,63,0,65,0,66,0,58,0,62,0,62,0,64,0,65,0,61,0,61,0,64,0,67,0,57,0,0,0,0,0,0,0,0,0,0,,Granigan_Noah,0,0,0,0,(),0,0,0.0,0,0,0.0,0,0,0,0,0,0,0,0,0,0,0,0,0,0,0,0
7258,Holec,Richard,Holec R.,119,3301,0,0,0,,19990123,0.0,0.0,0,2.0,0.0,0.0,0,0,3,0,0,0,0,0,0,0,0,66,0,58,0,60,0,64,0,60,0,58,0,60,0,64,0,66,0,58,0,60,0,60,0,61,0,68,0,0,0,0,0,0,0,0,0,0,,Holec_Richard,0,0,0,0,(),0,0,0.0,0,0,0.0,0,0,0,0,0,0,0,0,0,0,0,0,0,0,0,0
7262,Koyama,Tomoya,Koyama T.,92,2101,0,0,0,tkoyama,19980718,0.0,0.0,0,2.0,0.0,0.0,0,0,3,0,0,0,173,68,0,0,0,60,0,58,0,59,0,65,0,51,0,56,0,57,0,59,0,60,0,56,0,54,0,54,0,60,0,55,0,0,0,0,0,0,0,0,0,0,,Koyama_Tomoya,0,0,0,0,(),0,0,0.0,0,0,0.0,0,0,0,0,0,0,0,0,0,0,0,0,0,0,0,0
7264,Ishihara,Yuki,Ishihara Y.,119,2101,0,0,0,,19970405,0.0,0.0,0,2.5,0.0,0.0,0,0,3,0,0,0,168,53,0,0,0,67,0,64,0,65,0,68,0,61,0,63,0,65,0,62,0,68,0,60,0,62,0,64,0,66,0,73,0,0,0,0,0,0,0,0,0,0,,Ishihara_Yuki,0,0,0,0,(),0,0,0.0,0,0,0.0,0,0,0,0,0,0,0,0,0,0,0,0,0,0,0,0
7265,Hohmann,Lars,Hohmann L.,119,507,0,0,0,,20010905,0.0,0.0,0,2.5,0.0,0.0,0,0,3,0,0,0,192,71,0,0,0,68,0,57,0,60,0,65,0,65,0,63,0,65,0,63,0,66,0,60,0,60,0,59,0,63,0,61,0,0,0,0,0,0,0,0,0,0,,Hohmann_Lars,0,0,0,0,(),0,0,0.0,0,0,0.0,0,0,0,0,0,0,0,0,0,0,0,0,0,0,0,0
7270,Hjorth,Jonas,Hjorth J.,119,3501,0,0,0,,19930520,0.0,0.0,0,2.0,0.0,0.0,0,0,3,0,0,0,183,67,0,0,0,65,0,60,0,62,0,67,0,62,0,62,0,62,0,64,0,62,0,61,0,59,0,59,0,64,0,67,0,0,0,0,0,0,0,0,0,0,,Hjorth_Jonas,0,0,0,0,(),0,0,0.0,0,0,0.0,0,0,0,0,0,0,0,0,0,0,0,0,0,0,0,0
7273,Madan,Ahmed,Madan A.,213,10601,0,0,0,amadan,20000825,0.0,0.0,0,1.5,0.0,0.0,0,0,3,0,0,0,176,65,0,0,0,63,0,57,0,59,0,63,0,58,0,61,0,61,0,60,0,62,0,57,0,57,0,59,0,60,0,64,0,0,0,0,0,0,0,0,2,0,,Madan_Ahmed,0,0,0,0,(),0,0,0.0,0,0,0.0,0,0,0,0,0,0,2021,2,0,0,0,0,0,0,0,0
7274,Naser,Ahmed,Naser A.,213,10601,0,0,0,,20001114,0.0,0.0,0,1.5,0.0,0.0,0,0,3,0,0,0,0,0,0,0,0,60,0,54,0,57,0,64,0,57,0,58,0,58,0,56,0,57,0,54,0,56,0,56,0,59,0,64,0,0,0,0,0,0,0,0,0,0,,Naser_Ahmed,0,0,0,0,(),0,0,0.0,0,0,0.0,0,0,0,0,0,0,0,2,0,0,0,0,0,0,0,0
7278,Askey,Lewis,Askey L.,42,1801,0,0,0,laskey,20010504,0.0,0.0,0,4.5,0.0,0.0,0,0,3,0,0,0,187,75,0,0,0,75,0,60,0,66,0,72,0,74,0,66,0,67,0,72,0,75,0,73,0,76,0,67,0,76,0,70,0,0,2,4,0,0,0,0,0,0,,Askey_Lewis,0,0,0,0,(),0,0,0.0,0,0,0.0,0,0,0,0,0,0,2022,2,1,1,1,1,4,4,0,0
7279,Balmer,Alexandre,Balmer A.,93,1702,0,0,0,abalmer,20000504,0.0,0.0,0,4.5,0.0,0.0,0,0,3,0,0,0,192,74,0,0,0,65,0,69,0,68,0,72,0,64,0,65,0,65,0,59,0,65,0,67,0,65,0,65,0,67,0,62,0,0,0,0,0,0,0,0,0,0,,Balmer_Alexandre,0,0,0,0,(),0,0,0.0,0,0,0.0,0,0,0,0,0,0,2022,0,0,0,0,1,0,2,2,1
7280,Davy,Clément,Davy C.,124,321,0,0,0,cdavy,19980717,0.0,0.0,0,4.0,0.0,0.0,0,0,3,0,0,0,184,73,0,0,0,71,0,62,0,64,0,68,0,69,0,72,0,70,0,60,0,61,0,68,0,67,0,62,0,66,0,68,0,0,0,0,0,0,0,0,0,0,,Davy_Clement,0,0,0,0,(),0,0,0.0,0,0,0.0,0,0,0,0,0,0,2021,0,0,3,1,2,0,3,0,0
7281,Debesay,Yakob,Debesay Y.,119,4101,0,0,0,ydebesay,19990628,0.0,0.0,0,3.0,0.0,0.0,0,0,3,0,0,0,177,63,0,0,0,60,0,64,0,65,0,59,0,57,0,56,0,58,0,54,0,59,0,60,0,58,0,65,0,66,0,65,0,0,0,0,0,0,0,0,0,0,,Debesay_Yakob,0,0,0,0,(),0,0,0.0,0,0,0.0,0,0,0,0,0,0,0,1,0,0,0,0,0,0,0,0
7284,Page,Hugo,Page H.,34,318,0,0,0,hpage,20010724,0.0,0.0,0,4.5,0.0,0.0,0,0,3,0,0,0,185,71,0,0,0,73,0,62,0,67,0,70,0,73,0,66,0,68,0,74,0,76,0,70,0,73,0,71,0,72,0,68,0,0,0,0,0,0,0,0,0,0,,Page_Hugo,0,0,0,0,(),0,0,0.0,0,0,0.0,0,0,0,0,0,0,2022,1,2,0,1,0,1,1,0,0
7285,Penhoët,Paul,Penhoët P.,6,310,0,0,0,ppenhoet,20011228,0.0,0.0,0,5.0,0.0,0.0,0,0,3,0,0,0,174,64,0,0,0,72,0,58,0,62,0,69,0,70,0,58,0,60,0,76,0,74,0,69,0,72,0,65,0,73,0,62,0,0,3,4,0,0,0,0,0,0,,Penhoet_Paul,0,0,0,0,(),0,0,0.0,0,0,0.0,0,0,0,0,0,0,2022,2,1,0,0,0,0,0,0,0
7287,Stewart,Jake,Stewart J.,42,1801,0,0,0,jstewart,19991002,0.0,0.0,0,4.0,0.0,0.0,0,0,3,0,0,0,175,66,0,0,0,72,0,62,0,69,0,73,0,73,0,72,0,72,0,75,0,76,0,72,0,70,0,68,0,74,0,68,0,0,0,0,0,0,0,0,0,0,,Stewart_Jake,0,0,0,0,(),0,0,0.0,0,0,0.0,0,0,0,0,0,0,2021,4,2,1,2,2,2,2,0,0
7288,Plamondon,Robin,Plamondon R.,119,2201,0,0,0,,20000107,0.0,0.0,0,2.5,0.0,0.0,0,0,3,0,0,0,0,0,0,0,0,68,0,63,0,65,0,69,0,63,0,59,0,61,0,61,0,61,0,64,0,65,0,66,0,67,0,60,0,0,0,0,0,0,0,0,0,0,,Plamondon_Robin,0,0,0,0,(),0,0,0.0,0,0,0.0,0,0,0,0,0,0,0,0,0,0,0,0,0,0,0,0
7293,Goldstein,Edo,Goldstein E.,119,7001,0,0,0,egoldstein,20000320,0.0,0.0,0,2.5,0.0,0.0,0,0,3,0,0,0,0,0,0,0,0,66,0,59,0,61,0,67,0,63,0,61,0,61,0,62,0,60,0,58,0,59,0,63,0,63,0,68,0,0,0,0,0,0,0,0,0,0,,Goldstein_Edo,0,0,0,0,(),0,0,0.0,0,0,0.0,0,0,0,0,0,0,0,0,0,0,0,0,0,0,0,0
7296,Moles,Carson,Moles C.,105,2201,0,0,0,,20000702,0.0,0.0,0,2.5,0.0,0.0,0,0,3,0,0,0,0,0,0,0,0,66,0,63,0,67,0,67,0,60,0,64,0,64,0,62,0,58,0,62,0,62,0,65,0,69,0,58,0,0,0,0,0,0,0,0,0,0,,Miles_Carson,0,0,0,0,(),0,0,0.0,0,0,0.0,0,0,0,0,0,0,0,0,0,0,0,0,0,0,0,0
7297,Davidzon,Lahav,Davidzon L.,119,7001,0,0,0,ldavidzon,20000505,0.0,0.0,0,1.5,0.0,0.0,0,0,3,0,0,0,0,0,0,0,0,63,0,54,0,57,0,65,0,58,0,57,0,57,0,56,0,60,0,54,0,57,0,53,0,60,0,65,0,0,0,0,0,0,0,0,0,0,,Davidzon_Lahav,0,0,0,0,(),0,0,0.0,0,0,0.0,0,0,0,0,0,0,0,0,0,0,0,0,0,0,0,0
7298,Ballerstedt,Maurice,Ballerstedt M.,37,703,0,0,0,mballerstedt,20010116,0.0,0.0,0,3.5,0.0,0.0,0,0,3,0,0,0,185,76,0,0,0,71,0,58,0,62,0,71,0,67,0,66,0,66,0,70,0,70,0,64,0,66,0,67,0,66,0,71,0,0,0,0,0,0,0,0,0,0,,Ballerstedt_Maurice,0,0,0,0,(),0,0,0.0,0,0,0.0,0,0,0,0,0,0,2022,0,0,0,2,0,1,0,0,0
7300,Fisher-Black,Finn,Fisher-Black F.,33,3401,0,0,0,ffisher-black,20011221,0.0,0.0,0,5.0,0.0,0.0,0,0,3,0,0,0,189,73,0,0,0,72,0,71,0,76,0,67,0,64,0,73,0,75,0,71,0,75,0,71,0,73,0,72,0,77,0,70,0,0,3,2,0,0,0,0,64,0,,Fisher-Black_Finn,0,0,0,0,(),0,0,0.0,0,0,0.0,0,0,0,0,0,0,2022,5,0,0,2,0,0,0,1,1
7301,Geleijn,Owen,Geleijn O.,107,508,0,0,0,ogeleijn,20010114,0.0,0.0,0,3.5,0.0,0.0,0,0,3,0,0,0,186,0,0,0,0,70,0,66,0,66,0,71,0,66,0,62,0,65,0,67,0,68,0,67,0,66,0,65,0,69,0,71,0,0,0,0,0,0,0,0,0,0,,Geleijn_Owen,0,0,0,0,(),0,0,0.0,0,0,0.0,0,0,0,0,0,0,0,0,0,0,0,0,0,0,0,0
7303,Kooij,Olav,Kooij O.,3,512,0,0,0,okooij,20011017,0.0,0.0,0,5.5,0.0,0.0,0,0,3,0,0,0,184,72,0,0,0,75,0,58,0,61,0,71,0,73,0,63,0,65,0,80,0,80,0,72,0,74,0,68,0,69,0,64,0,0,4,3,0,0,0,0,0,0,,Kooij_Olav,0,0,0,0,"(25,11,13)",0,0,0.0,0,0,0.0,0,0,0,0,0,0,2021,47,0,2,0,2,0,0,0,0
7304,Leemreize,Gijs,Leemreize G.,15,504,0,0,0,gleemreize,19991023,0.0,0.0,0,4.0,0.0,0.0,0,0,3,0,0,0,190,74,0,0,0,68,0,72,0,74,0,70,0,65,0,63,0,62,0,57,0,64,0,68,0,67,0,70,0,74,0,73,0,0,2,2,0,0,0,0,0,0,,Leemreize_Gijs,0,0,0,0,(),0,0,0.0,0,0,0.0,0,0,0,0,0,0,2021,0,0,3,2,0,0,0,1,3
7305,Ryan,Archie,Ryan A.,5,3101,0,0,0,aryan,20011116,0.0,0.0,0,4.5,0.0,0.0,0,0,3,0,0,0,172,56,0,0,0,69,0,68,0,74,0,67,0,61,0,67,0,68,0,59,0,72,0,68,0,70,0,68,0,75,0,65,0,0,0,0,0,0,0,0,0,0,,Ryan_Archie,0,0,0,0,(),0,0,0.0,0,0,0.0,0,0,0,0,0,0,0,2,0,0,1,0,0,0,2,2
7306,van der Tuuk,Axel,van der Tuuk A.,100,501,0,0,0,avandertuuk,20010525,0.0,0.0,0,4.0,0.0,0.0,0,0,3,0,0,0,0,0,0,0,0,72,0,56,0,61,0,66,0,65,0,69,0,69,0,66,0,67,0,69,0,66,0,67,0,68,0,71,0,0,0,0,0,0,0,0,0,0,,Van-Der-Tuuk_Axel,0,0,0,0,(),0,0,0.0,0,0,0.0,0,0,0,0,0,0,0,0,0,0,0,0,0,0,0,0
7307,van Dijke,Mick,van Dijke M.,33,511,0,0,0,mvandijke,20000315,0.0,0.0,0,4.0,0.0,0.0,0,0,3,0,0,0,190,74,0,0,0,75,0,63,0,68,0,72,0,75,0,72,0,73,0,68,0,65,0,71,0,71,0,68,0,71,0,66,0,0,1,4,0,0,0,0,0,0,,Van-Dijke_Mick,0,0,0,0,(),0,0,0.0,0,0,0.0,0,0,0,0,0,0,2021,0,1,0,0,1,3,3,0,0
7308,van Dijke,Tim,van Dijke T.,33,511,0,0,0,tvandijke,20000315,0.0,0.0,0,5.0,0.0,0.0,0,0,3,0,0,0,189,74,0,0,0,77,0,62,0,68,0,73,0,78,0,71,0,74,0,73,0,71,0,73,0,75,0,68,0,75,0,72,0,0,2,4,0,0,0,0,0,0,,Van-Dijke_Tim,0,0,0,0,(),0,0,0.0,0,0,0.0,0,0,0,0,0,0,2022,2,0,1,1,1,3,3,0,0
7310,Bostock,Matthew,Bostock M.,119,1801,0,0,0,mbostock,19970716,0.0,0.0,0,3.0,0.0,0.0,0,0,3,0,0,0,183,69,0,0,0,71,0,57,0,63,0,68,0,69,0,66,0,71,0,69,0,67,0,65,0,65,0,66,0,68,0,68,0,0,0,0,0,0,0,0,0,0,,Bostock_Matthew,0,0,0,0,(),0,0,0.0,0,0,0.0,0,0,0,0,0,0,0,0,0,0,0,0,0,0,0,0
7313,Macleod,Callum,Macleod C.,119,1801,0,0,0,cmacleod,20000308,0.0,0.0,0,2.5,0.0,0.0,0,0,3,0,0,0,175,55,0,0,0,65,0,64,0,66,0,67,0,62,0,56,0,59,0,57,0,59,0,58,0,60,0,65,0,67,0,68,0,0,0,0,0,0,0,0,0,0,,Macleod_Callum,0,0,0,0,(),0,0,0.0,0,0,0.0,0,0,0,0,0,0,0,0,0,0,0,0,0,0,0,0
7314,Mein,Thomas,Mein T.,119,1801,0,0,0,,19990112,0.0,0.0,0,1.5,0.0,0.0,0,0,3,0,0,0,185,71,0,0,0,67,0,58,0,62,0,66,0,64,0,60,0,60,0,60,0,60,0,62,0,61,0,65,0,65,0,65,0,0,0,0,0,0,0,0,0,0,,Mein_Thomas,0,0,0,0,(),0,0,0.0,0,0,0.0,0,0,0,0,0,0,0,0,0,0,0,0,0,0,0,0
7317,Tanfield,Charlie,Tanfield C.,119,1801,0,0,0,,19961117,0.0,0.0,0,3.0,0.0,0.0,0,0,3,0,0,0,192,80,0,0,0,68,0,55,0,58,0,64,0,62,0,67,0,67,0,58,0,60,0,61,0,62,0,58,0,60,0,65,0,0,0,0,0,0,0,0,0,0,,Tanfield_Charlie,0,0,0,0,(),0,0,0.0,0,0,0.0,0,0,0,0,0,0,0,0,0,0,0,0,0,0,0,0
7318,Townsend,Rory,Townsend R.,107,3101,0,0,0,rtownsend,19950630,0.0,0.0,0,4.0,0.0,0.0,0,0,3,0,0,0,184,73,0,0,0,74,0,57,0,62,0,69,0,70,0,66,0,69,0,72,0,73,0,70,0,70,0,69,0,71,0,74,0,0,0,0,0,0,0,0,129,0,,Townsend_Rory,0,0,0,0,(),0,0,0.0,0,0,0.0,0,0,0,0,0,0,0,6,0,0,0,0,1,2,0,0
7324,Rapp,Jonas,Rapp J.,119,701,0,0,0,,19940716,0.0,0.0,0,3.5,0.0,0.0,0,0,3,0,0,0,0,0,0,0,0,64,0,71,0,71,0,68,0,59,0,64,0,65,0,57,0,59,0,64,0,65,0,68,0,70,0,68,0,0,0,0,0,0,0,0,0,0,,Rapp_Jonas,0,0,0,0,(),0,0,0.0,0,0,0.0,0,0,0,0,0,0,0,0,0,0,0,0,0,0,0,0
7327,Parma,Krzysztof,Parma K.,162,3001,0,0,0,,19870308,0.0,0.0,0,1.5,0.0,0.0,0,0,3,0,0,0,185,70,0,0,0,65,0,55,0,59,0,64,0,60,0,58,0,58,0,55,0,56,0,56,0,54,0,59,0,62,0,73,0,0,0,0,0,0,0,0,0,0,,Parma_Krzysztof,0,0,0,0,(),0,0,0.0,0,0,0.0,0,0,0,0,0,0,0,0,0,0,0,0,0,0,0,0
7329,Biguslawski,Marceli,Biguslawski M.,163,3001,0,0,0,,19970907,0.0,0.0,0,3.5,0.0,0.0,0,0,3,0,0,0,182,75,0,0,0,70,0,56,0,58,0,72,0,65,0,63,0,69,0,73,0,72,0,65,0,66,0,67,0,65,0,63,0,0,0,0,0,0,0,0,0,0,,Boguslawski_Marceli,0,0,0,0,(),0,0,0.0,0,0,0.0,0,0,0,0,0,0,0,4,0,0,0,0,0,0,0,0
7330,Budyak,Anatoliy,Budyak A.,119,3801,0,0,0,,19950929,0.0,0.0,0,3.0,0.0,0.0,0,0,3,0,0,0,0,0,0,0,0,69,0,65,0,67,0,69,0,61,0,62,0,65,0,64,0,66,0,63,0,63,0,66,0,68,0,66,0,0,0,0,0,0,0,0,64,0,,Budyak_Anatoliy,0,0,0,0,(),0,0,0.0,0,0,0.0,0,0,0,0,0,0,0,3,0,0,0,0,0,0,0,0
7331,Budziński,Marcin,Budziński M.,103,3001,0,0,0,mbudzinski,19980424,0.0,0.0,0,4.0,0.0,0.0,0,0,3,0,0,0,178,70,0,0,0,72,0,67,0,70,0,71,0,63,0,62,0,66,0,71,0,70,0,66,0,66,0,69,0,73,0,68,0,0,0,0,0,0,0,0,0,0,,Budzinski_Marcin,0,0,0,0,(),0,0,0.0,0,0,0.0,0,0,0,0,0,0,0,0,0,0,0,0,0,0,0,0
7332,Bidzinski,Tomasz,Bidzinski T.,163,3001,0,0,0,,19980424,0.0,0.0,0,2.5,0.0,0.0,0,0,3,0,0,0,177,69,0,0,0,67,0,65,0,68,0,72,0,62,0,58,0,58,0,56,0,54,0,62,0,62,0,64,0,70,0,69,0,0,0,0,0,0,0,0,0,0,,Budzinski_Tomasz,0,0,0,0,(),0,0,0.0,0,0,0.0,0,0,0,0,0,0,0,0,0,0,0,0,0,0,0,0
7334,Rudyk,Bartosz,Rudyk B.,119,3001,0,0,0,,19980918,0.0,0.0,0,2.0,0.0,0.0,0,0,3,0,0,0,189,76,0,0,0,65,0,60,0,61,0,68,0,58,0,58,0,62,0,62,0,64,0,58,0,54,0,57,0,62,0,59,0,0,0,0,0,0,0,0,0,0,,Rudyk_Bartosz,0,0,0,0,(),0,0,0.0,0,0,0.0,0,0,0,0,0,0,0,1,0,0,0,0,0,0,0,0
7336,Szostka,Pawel,Szostka P.,119,3001,0,0,0,,19980709,0.0,0.0,0,3.0,0.0,0.0,0,0,3,0,0,0,181,63,0,0,0,62,0,63,0,64,0,69,0,60,0,57,0,60,0,62,0,64,0,58,0,60,0,62,0,65,0,67,0,0,0,0,0,0,0,0,0,0,,Szostka_Pawel,0,0,0,0,(),0,0,0.0,0,0,0.0,0,0,0,0,0,0,0,0,0,0,0,0,0,0,0,0
7337,Slawek,Damian,Slawek D.,119,3001,0,0,0,,19970531,0.0,0.0,0,3.5,0.0,0.0,0,0,3,0,0,0,180,73,0,0,0,65,0,56,0,58,0,63,0,61,0,59,0,62,0,67,0,67,0,58,0,58,0,60,0,60,0,61,0,0,0,0,0,0,0,0,0,0,,Slawek_Damian,0,0,0,0,(),0,0,0.0,0,0,0.0,0,0,0,0,0,0,0,0,0,0,0,0,0,0,0,0
7338,Andersson,Andreas,Andersson A.,119,3201,0,0,0,,19991008,0.0,0.0,0,2.0,0.0,0.0,0,0,3,0,0,0,191,70,0,0,0,68,0,58,0,60,0,69,0,62,0,63,0,65,0,58,0,60,0,59,0,59,0,57,0,62,0,65,0,0,0,0,0,0,0,0,0,0,,Andersson_Andreas,0,0,0,0,(),0,0,0.0,0,0,0.0,0,0,0,0,0,0,0,0,0,0,0,0,0,0,0,0
7342,Eriksson,Christoffer,Eriksson C.,119,3201,0,0,0,,20000505,0.0,0.0,0,1.0,0.0,0.0,0,0,3,0,0,0,0,0,0,0,0,64,0,61,0,62,0,68,0,61,0,57,0,58,0,53,0,55,0,54,0,54,0,58,0,63,0,67,0,0,0,0,0,0,0,0,0,0,,Eriksson_Christoffer,0,0,0,0,(),0,0,0.0,0,0,0.0,0,0,0,0,0,0,0,0,0,0,0,0,0,0,0,0
7348,Wallinder,Willhelm,Wallinder Wi.,119,3201,0,0,0,,20010819,0.0,0.0,0,1.5,0.0,0.0,0,0,3,0,0,0,0,0,0,0,0,65,0,57,0,59,0,65,0,61,0,58,0,58,0,59,0,60,0,54,0,54,0,60,0,60,0,67,0,0,0,0,0,0,0,0,0,0,,Wallinder_Willhelm,0,0,0,0,(),0,0,0.0,0,0,0.0,0,0,0,0,0,0,0,0,0,0,0,0,0,0,0,0
7349,Wallinder,Wincent,Wallinder W.,119,3201,0,0,0,,20010819,0.0,0.0,0,3.0,0.0,0.0,0,0,3,0,0,0,0,0,0,0,0,66,0,60,0,61,0,67,0,63,0,60,0,60,0,57,0,60,0,56,0,58,0,57,0,61,0,67,0,0,0,0,0,0,0,0,0,0,,Wallinder_Wincent,0,0,0,0,(),0,0,0.0,0,0,0.0,0,0,0,0,0,0,0,0,0,0,0,0,0,0,0,0
7354,Van Poppel,Sébastien,Van Poppel S.,119,402,0,0,0,,20010407,0.0,0.0,0,3.0,0.0,0.0,0,0,3,0,0,0,0,0,0,0,0,64,0,54,0,57,0,65,0,63,0,63,0,63,0,60,0,62,0,55,0,55,0,57,0,60,0,62,0,0,0,0,0,0,0,0,0,0,,Van-Poppel_Sebastien,0,0,0,0,(),0,0,0.0,0,0,0.0,0,0,0,0,0,0,0,0,0,0,0,0,0,0,0,0
7355,Marthe,Nicolas,Marthe N.,119,401,0,0,0,,20010117,0.0,0.0,0,2.5,0.0,0.0,0,0,3,0,0,0,0,0,0,0,0,65,0,58,0,61,0,66,0,63,0,61,0,62,0,61,0,65,0,59,0,59,0,61,0,63,0,68,0,0,0,0,0,0,0,0,0,0,,Marthe_Nicolas,0,0,0,0,(),0,0,0.0,0,0,0.0,0,0,0,0,0,0,0,0,0,0,0,0,0,0,0,0
7358,Hayter,Leo,Hayter L.,60,1801,0,0,0,lhayter,20010810,0.0,0.0,0,4.0,0.0,0.0,0,0,3,0,0,0,178,63,0,0,0,68,0,68,0,70,0,68,0,64,0,69,0,69,0,63,0,67,0,67,0,67,0,66,0,70,0,65,0,0,0,0,0,0,0,0,0,0,,Hayter_Leo,0,0,0,0,(175),0,0,0.0,0,0,0.0,0,0,0,0,0,0,2023,0,0,0,0,0,0,0,0,0
7359,Luijnse,Enzo,Luijnse E.,105,508,0,0,0,,20010716,0.0,0.0,0,4.0,0.0,0.0,0,0,3,0,0,0,194,74,0,0,0,71,0,55,0,61,0,69,0,68,0,68,0,68,0,61,0,63,0,65,0,67,0,62,0,70,0,74,0,0,0,0,0,0,0,0,0,0,,Leijnse_Enzo,0,0,0,0,(),0,0,0.0,0,0,0.0,0,0,0,0,0,0,0,0,0,0,1,0,1,1,2,0
7361,van Uden,Casper,van Uden C.,15,506,0,0,0,cvanuden,20010722,0.0,0.0,0,4.5,0.0,0.0,0,0,3,0,0,0,181,72,0,0,0,73,0,58,0,61,0,70,0,72,0,65,0,65,0,76,0,76,0,69,0,71,0,67,0,67,0,66,0,0,3,3,0,0,0,0,0,0,,Van-Uden_Casper,0,0,0,0,(),0,0,0.0,0,0,0.0,0,0,0,0,0,0,2023,5,0,1,1,0,0,1,0,0
7362,Wilksch,Hannes,Wilksch H.,125,704,0,0,0,hwilksch,20011030,0.0,0.0,0,4.0,0.0,0.0,0,0,3,0,0,0,181,62,0,0,0,65,0,70,0,69,0,70,0,62,0,65,0,65,0,59,0,63,0,66,0,63,0,67,0,69,0,65,0,0,0,0,0,0,0,0,0,0,,Wilksch_Hannes,0,0,0,0,(),0,0,0.0,0,0,0.0,0,0,0,0,0,0,0,0,0,0,0,0,0,0,1,3
7363,Abreha,Negasi,Abreha N.,119,7401,0,0,0,nabreha,20000509,0.0,0.0,0,3.0,0.0,0.0,0,0,3,0,0,0,0,0,0,0,0,63,0,68,0,67,0,68,0,57,0,58,0,60,0,56,0,63,0,62,0,58,0,64,0,66,0,70,0,0,0,0,0,0,0,0,0,0,,Abreha_Negasi,0,0,0,0,(),0,0,0.0,0,0,0.0,0,0,0,0,0,0,2023,3,0,0,0,1,0,0,0,1
7366,Christensen,Drew,Christensen D.,119,3401,0,0,0,dchristensen,20010821,0.0,0.0,0,1.5,0.0,0.0,0,0,3,0,0,0,0,0,0,0,0,64,0,59,0,61,0,68,0,64,0,60,0,61,0,60,0,62,0,59,0,59,0,56,0,63,0,64,0,0,0,0,0,0,0,0,0,0,,Christensen_Drew,0,0,0,0,(),0,0,0.0,0,0,0.0,0,0,0,0,0,0,0,0,0,0,0,0,0,0,0,0
7370,Mulubrhan,Henok,Mulubrhan H.,12,4101,0,0,0,hmulubrhan,19991111,0.0,0.0,0,4.0,0.0,0.0,0,0,3,0,0,0,176,60,0,0,0,67,0,72,0,74,0,67,0,60,0,64,0,64,0,73,0,72,0,67,0,69,0,70,0,76,0,65,0,0,0,0,0,0,0,0,0,0,,Mulubrhan_Henok,0,0,0,0,(),0,0,0.0,0,0,0.0,0,0,0,0,0,0,2022,12,0,2,0,1,0,0,0,2
7371,Pritzen,Marc Oliver,Pritzen M.O.,119,3601,0,0,0,,19990811,0.0,0.0,0,3.0,0.0,0.0,0,0,3,0,0,0,0,0,0,0,0,66,0,60,0,64,0,68,0,61,0,63,0,63,0,62,0,65,0,62,0,62,0,65,0,67,0,68,0,0,0,0,0,0,0,0,2,0,,Pritzen_Marc-Oliver,0,0,0,0,(),0,0,0.0,0,0,0.0,0,0,0,0,0,0,0,1,0,0,0,0,0,0,0,0
7372,Tesfatsion,Natnael,Tesfatsion N.,1,4101,0,0,0,ntesfatsion,19990523,0.0,0.0,0,4.0,0.0,0.0,0,0,3,0,0,0,175,58,0,0,0,71,0,69,0,72,0,70,0,66,0,60,0,62,0,71,0,77,0,70,0,73,0,67,0,76,0,71,0,0,2,3,0,0,0,0,2,0,,Tesfatsion_Natnael,0,0,0,0,(),0,0,0.0,0,0,0.0,0,0,0,0,0,0,2021,6,0,3,0,0,0,0,0,2
7376,Kelemen,Petr,Kelemen P.,125,3301,0,0,0,pkelemen,20001118,0.0,0.0,0,3.5,0.0,0.0,0,0,3,0,0,0,190,70,0,0,0,71,0,60,0,63,0,70,0,67,0,67,0,69,0,65,0,64,0,66,0,67,0,64,0,69,0,70,0,0,0,0,0,0,0,0,0,0,,Kelemen_Petr,0,0,0,0,(),0,0,0.0,0,0,0.0,0,0,0,0,0,0,0,0,0,0,0,1,1,1,0,0
7378,Novikov,Savva,Novikov S.,119,1501,0,0,0,snovikov,19990727,0.0,0.0,0,3.5,0.0,0.0,0,0,3,0,0,0,177,63,0,0,0,66,0,69,0,71,0,64,0,59,0,67,0,65,0,63,0,65,0,64,0,64,0,67,0,72,0,68,0,0,0,0,0,0,0,0,0,0,,Novikov_Savva,0,0,0,0,(),0,0,0.0,0,0,0.0,0,0,0,0,0,0,2021,3,0,0,0,0,0,0,0,0
7380,Ponsaerts,Thibaut,Ponsaerts T.,119,402,0,0,0,,20000621,0.0,0.0,0,3.0,0.0,0.0,0,0,3,0,0,0,175,59,0,0,0,63,0,61,0,63,0,68,0,62,0,59,0,59,0,60,0,63,0,56,0,56,0,56,0,64,0,58,0,0,0,0,0,0,0,0,0,0,,Ponsaerts_Thibaut,0,0,0,0,(),0,0,0.0,0,0,0.0,0,0,0,0,0,0,0,0,0,0,0,0,0,0,0,0
7382,Van Eetvelt,Lennert,Van Eetvelt L.,9,402,0,0,0,lvaneetvelt,20010717,0.0,0.0,0,5.0,0.0,0.0,0,0,3,0,0,0,175,62,0,0,0,69,0,76,0,78,0,73,0,68,0,67,0,67,0,65,0,73,0,73,0,72,0,73,0,77,0,68,0,0,3,3,0,0,0,0,0,0,,Van-Eetvelt_Lennert,0,0,0,0,(),0,0,0.0,0,0,0.0,0,0,0,0,0,0,2023,6,1,0,2,0,1,0,1,2
7383,Vandenabeele,Henri,Vandenabeele H.,69,402,0,0,0,hvandenabeele,20000415,0.0,0.0,0,3.5,0.0,0.0,0,0,3,0,0,0,181,65,0,0,0,68,0,67,0,69,0,72,0,65,0,60,0,61,0,59,0,67,0,67,0,67,0,65,0,70,0,61,0,0,0,0,0,0,0,0,0,0,,Vandenabeele_Henri,0,0,0,0,"(18,49,12)",0,0,0.0,0,0,0.0,0,0,0,0,0,0,2022,0,0,0,1,0,0,0,0,2
7384,Baudin,Alex,Baudin A.,5,322,0,0,0,abaudin,20010525,0.0,0.0,0,4.5,0.0,0.0,0,0,3,0,0,0,183,66,0,0,0,70,0,74,0,77,0,73,0,65,0,66,0,67,0,66,0,70,0,73,0,75,0,71,0,78,0,70,0,0,3,4,0,0,0,0,0,0,,Baudin_Alex,0,0,0,0,"(87,15,74)",0,0,0.0,0,0,0.0,0,0,0,0,0,0,2023,2,1,2,0,0,0,0,2,1
7385,Höglund,August,Höglund A.,119,3201,0,0,0,,20011203,0.0,0.0,0,3.5,0.0,0.0,0,0,3,0,0,0,183,62,0,0,0,62,0,60,0,62,0,69,0,61,0,57,0,60,0,61,0,64,0,56,0,56,0,54,0,63,0,64,0,0,0,0,0,0,0,0,0,0,,Hoglund_August,0,0,0,0,(),0,0,0.0,0,0,0.0,0,0,0,0,0,0,0,0,0,0,0,0,0,0,0,0
7386,Paret-Peintre,Valentin,Paret-Peintre V.,10,322,0,0,0,vparet-peintre,20010114,0.0,0.0,0,4.5,0.0,0.0,0,0,3,0,0,0,176,53,0,0,0,67,0,78,0,77,0,72,0,62,0,60,0,60,0,68,0,73,0,74,0,72,0,72,0,76,0,75,0,0,3,2,0,0,0,0,0,0,,Paret-Peintre_Valentin,0,0,0,0,"(74,135)",0,0,0.0,0,0,0.0,0,0,0,0,0,0,2022,3,1,2,2,0,0,0,0,1
7388,Laverick,Joseph,Laverick J.,119,1801,0,0,0,,20001206,0.0,0.0,0,3.0,0.0,0.0,0,0,3,0,0,0,183,67,0,0,0,64,0,59,0,61,0,63,0,61,0,63,0,64,0,53,0,56,0,53,0,55,0,54,0,62,0,65,0,0,0,0,0,0,0,0,0,0,,Laverick_Joseph,0,0,0,0,(),0,0,0.0,0,0,0.0,0,0,0,0,0,0,0,0,0,0,0,0,0,0,0,0
7391,González,Abner,González A.,119,9501,0,0,0,agonzalez,20001009,0.0,0.0,0,3.5,0.0,0.0,0,0,3,0,0,0,174,60,0,0,0,66,0,69,0,71,0,64,0,56,0,60,0,62,0,59,0,64,0,66,0,65,0,65,0,72,0,68,0,0,0,0,0,0,0,0,129,0,,Gonzalez_Abner,0,0,0,0,(),0,0,0.0,0,0,0.0,0,0,0,0,0,0,2021,6,0,0,0,1,0,0,0,0
7392,Prodhomme,Nicolas,Prodhomme N.,3,316,0,0,0,nprodhomme,19970201,0.0,0.0,0,4.0,0.0,0.0,0,0,3,0,0,0,174,63,0,0,0,68,0,76,0,76,0,76,0,66,0,62,0,64,0,64,0,71,0,73,0,71,0,75,0,74,0,78,0,0,4,3,0,0,0,0,0,0,,Prodhomme_Nicolas,0,0,0,0,"(172,335)",0,0,0.0,0,0,0.0,0,0,0,0,0,0,2021,6,1,3,3,0,0,0,1,3
7393,Arroyave,Daniel,Arroyave D.,119,1101,0,0,0,darroyave,20000619,0.0,0.0,0,4.0,0.0,0.0,0,0,3,0,0,0,178,62,0,0,0,64,0,67,0,67,0,64,0,63,0,62,0,64,0,65,0,65,0,61,0,60,0,65,0,67,0,69,0,0,0,0,0,0,0,0,0,0,,Arroyave_Daniel,0,0,0,0,(),0,0,0.0,0,0,0.0,0,0,0,0,0,0,2021,0,0,0,0,0,0,0,0,1
7394,Tiberi,Antonio,Tiberi A.,13,212,0,0,0,atiberi,20010624,0.0,0.0,0,5.0,0.0,0.0,0,0,3,0,0,0,182,62,0,0,0,72,0,77,0,78,0,71,0,63,0,74,0,75,0,66,0,64,0,75,0,73,0,74,0,77,0,67,0,0,3,2,0,0,0,0,0,0,,Tiberi_Antonio,0,0,0,0,(),0,0,0.0,0,0,0.0,0,0,0,0,0,0,2021,2,0,2,4,0,0,0,1,4
7397,Romo,Javier,Romo J.,1,807,0,0,0,jromo,19990106,0.0,0.0,0,5.0,0.0,0.0,0,0,3,0,0,0,184,70,0,0,0,76,0,72,0,76,0,68,0,65,0,73,0,71,0,58,0,69,0,75,0,73,0,71,0,76,0,76,0,0,0,0,0,0,0,0,0,0,,Romo_Javier,0,0,0,0,(),0,0,0.0,0,0,0.0,0,0,0,0,0,0,2021,1,1,0,2,0,0,0,0,2
7398,Brenner,Marco,Brenner M.,125,702,0,0,0,mbrenner,20020827,0.0,0.0,0,4.5,0.0,0.0,0,0,3,0,0,0,178,60,0,0,0,71,0,67,0,73,0,79,0,63,0,67,0,69,0,61,0,65,0,70,0,71,0,67,0,76,0,73,0,0,2,3,0,0,0,0,2,0,,Brenner_Marco,0,0,0,0,(43),0,0,0.0,0,0,0.0,0,0,0,0,0,0,2021,2,0,1,1,1,0,0,1,2
7399,Ayuso,Juan,Ayuso J.,11,810,0,0,0,jayuso,20020916,0.0,0.0,0,6.0,0.0,0.0,0,0,3,0,0,0,183,65,0,0,0,71,0,80,83,80,0,73,0,63,0,78,80,77,0,68,0,74,0,77,0,76,0,78,83,78,81,64,0,0,4,3,0,0,0,0,0,0,,Ayuso_Juan,0,0,0,0,(),0,0,0.0,0,0,0.0,0,0,0,0,0,0,2021,16,1,1,3,0,0,0,0,0
7400,Aleotti,Giovanni,Aleotti G.,33,208,0,0,0,galeotti,19990525,0.0,0.0,0,4.5,0.0,0.0,0,0,3,0,0,0,180,67,0,0,0,67,0,74,0,75,0,72,0,58,0,61,0,64,0,64,0,72,0,72,0,68,0,69,0,74,0,64,0,0,0,0,0,0,0,0,0,0,,Aleotti_Giovanni,0,0,0,0,(),0,0,0.0,0,0,0.0,0,0,0,0,0,0,2021,7,0,5,2,2,0,0,3,4
7401,Walls,Matthew,Walls M.,119,1801,0,0,0,mwalls,19980420,0.0,0.0,0,4.5,0.0,0.0,0,0,3,0,0,0,177,72,0,0,0,69,0,61,0,66,0,71,0,67,0,66,0,71,0,70,0,70,0,66,0,66,0,65,0,69,0,60,0,0,0,0,0,0,0,0,0,0,,Walls_Matthew,0,0,0,0,(),0,0,0.0,0,0,0.0,0,0,0,0,0,0,2021,2,0,0,0,0,0,0,0,0
7402,Zwiehoff,Ben,Zwiehoff B.,33,710,0,0,0,bzwiehoff,19940222,0.0,0.0,0,4.0,0.0,0.0,0,0,3,0,0,0,182,61,0,0,0,66,0,72,0,72,0,76,0,63,0,69,0,69,0,60,0,66,0,69,0,67,0,70,0,72,0,62,0,0,0,0,0,0,0,0,0,0,,Zwiehoff_Ben,0,0,0,0,(),0,0,0.0,0,0,0.0,0,0,0,0,0,0,2021,0,0,1,3,0,0,0,0,0
7404,Pajur,Markus,Pajur M.,119,1201,0,0,0,mpajur,20000923,0.0,0.0,0,4.0,0.0,0.0,0,0,3,0,0,0,184,72,0,0,0,70,0,57,0,63,0,72,0,70,0,61,0,62,0,66,0,65,0,64,0,65,0,64,0,68,0,58,0,0,0,0,0,0,0,0,0,0,,Pajur_Markus,0,0,0,0,(),0,0,0.0,0,0,0.0,0,0,0,0,0,0,2021,0,0,0,0,0,1,0,0,0
7406,Milan,Jonathan,Milan J.,11,207,0,0,0,jmilan,20001001,0.0,0.0,0,5.0,0.0,0.0,0,0,3,0,0,0,194,84,0,0,0,76,0,60,0,61,0,71,0,73,0,71,0,75,0,82,0,78,0,71,0,74,0,72,0,70,0,68,0,0,4,4,0,0,0,0,0,0,,Milan_Jonathan,0,0,0,0,(4),0,0,0.0,0,0,0.0,0,0,0,0,0,0,2021,25,1,2,0,4,2,4,0,0
7408,Sheffield,Magnus,Sheffield M.,2,601,0,0,0,msheffield,20020419,0.0,0.0,0,6.0,0.0,0.0,0,0,3,0,0,0,183,74,0,0,0,79,0,71,0,76,0,78,0,76,0,78,0,78,0,66,0,72,0,72,0,71,0,73,0,77,0,71,0,0,3,4,0,0,0,0,0,0,,Sheffield_Magnus,0,0,0,0,(),0,0,0.0,0,0,0.0,0,0,0,0,0,0,2021,4,0,1,1,1,4,2,2,1
7409,Tagliani,Filippo,Tagliani F.,119,204,0,0,0,,19950814,0.0,0.0,0,2.5,0.0,0.0,0,0,3,0,0,0,180,70,0,0,0,67,0,58,0,61,0,71,0,63,0,61,0,63,0,72,0,74,0,62,0,62,0,66,0,64,0,60,0,0,0,0,0,0,0,0,0,0,,Tagliani_Filippo,0,0,0,0,(),0,0,0.0,0,0,0.0,0,0,0,0,0,0,2021,0,0,2,0,2,0,0,0,1
7410,Umba,Santiago,Umba S.,93,1101,0,0,0,sumba,20021120,0.0,0.0,0,4.5,0.0,0.0,0,0,3,0,0,0,170,58,0,0,0,64,0,71,0,72,0,66,0,59,0,60,0,59,0,63,0,68,0,67,0,66,0,66,0,72,0,63,0,0,0,0,0,0,0,0,0,0,,Umba_Santiago,0,0,0,0,(),0,0,0.0,0,0,0.0,0,0,0,0,0,0,2021,0,0,0,1,0,0,0,1,2
7412,Cañaveral,Johnatan,Cañaveral J.,119,1101,0,0,0,jcanaveral,19961102,0.0,0.0,0,2.5,0.0,0.0,0,0,3,0,0,0,0,0,0,0,0,66,0,64,0,66,0,62,0,56,0,62,0,64,0,60,0,65,0,63,0,60,0,64,0,67,0,68,0,0,0,0,0,0,0,0,0,0,,Canaveral_Johnatan,0,0,0,0,(),0,0,0.0,0,0,0.0,0,0,0,0,0,0,2021,0,0,0,0,0,0,0,0,0
7414,Zanoncello,Enrico,Zanoncello E.,81,206,0,0,0,ezanoncello,19970802,0.0,0.0,0,4.0,0.0,0.0,0,0,3,0,0,0,170,64,0,0,0,71,0,59,0,67,0,71,0,67,0,60,0,62,0,74,0,74,0,67,0,69,0,68,0,72,0,64,0,0,0,0,0,0,0,0,0,0,,Zanoncello_Enrico,0,0,0,0,(),0,0,0.0,0,0,0.0,0,0,0,0,0,0,2021,4,0,2,0,1,0,0,0,0
7415,Zoccarato,Samuele,Zoccarato S.,103,206,0,0,0,szoccarato,19980109,0.0,0.0,0,3.0,0.0,0.0,0,0,3,0,0,0,183,74,0,0,0,73,0,67,0,69,0,72,0,69,0,66,0,65,0,60,0,60,0,66,0,67,0,66,0,70,0,76,0,0,0,0,0,0,0,0,0,0,,Zoccarato_Samuele,0,0,0,0,(),0,0,0.0,0,0,0.0,0,0,0,0,0,0,2021,0,0,3,0,2,0,0,0,0
7416,Aparicio,Mario,Aparicio M.,92,808,0,0,0,maparicio,20000423,0.0,0.0,0,4.0,0.0,0.0,0,0,3,0,0,0,185,68,0,0,0,66,0,71,0,72,0,66,0,59,0,60,0,59,0,61,0,65,0,67,0,68,0,70,0,73,0,69,0,0,0,0,0,0,0,0,0,0,,Aparicio_Mario,0,0,0,0,(),0,0,0.0,0,0,0.0,0,0,0,0,0,0,2021,1,0,0,1,0,0,0,0,0
7417,Sampiyonbisiklet,Mehmet,Sampiyonbisiklet M.,119,7101,0,0,0,msampiyonbisiklet,19851204,0.0,0.0,0,1.5,0.0,0.0,0,0,3,0,0,0,188,70,0,0,0,65,0,56,0,59,0,68,0,57,0,56,0,58,0,60,0,63,0,59,0,57,0,57,0,62,0,62,0,0,0,0,0,0,0,0,0,0,,Sampiyonbisiklet_Mehmet,0,0,0,0,(),0,0,0.0,0,0,0.0,0,0,0,0,0,0,2021,0,0,0,0,0,0,0,0,0
7418,Okamika,Ander,Okamika A.,92,816,0,0,0,aokamika,19930402,0.0,0.0,0,3.0,0.0,0.0,0,0,3,0,0,0,189,66,0,0,0,69,0,68,0,69,0,69,0,59,0,63,0,62,0,59,0,61,0,66,0,64,0,67,0,69,0,75,0,0,0,0,0,0,0,0,0,0,,Okamika_Ander,0,0,0,0,(),0,0,0.0,0,0,0.0,0,0,0,0,0,0,2021,0,0,0,3,0,0,0,0,0
7419,Orts,Felipe,Orts F.,119,810,0,0,0,,19950401,0.0,0.0,0,2.5,0.0,0.0,0,0,3,0,0,0,179,70,0,0,0,66,0,61,0,63,0,77,0,69,0,66,0,68,0,60,0,63,0,59,0,62,0,60,0,65,0,59,0,0,0,0,0,0,0,0,0,0,,Orts_Felipe,0,0,0,0,(),0,0,0.0,0,0,0.0,0,0,0,0,0,0,2021,0,0,0,0,0,0,0,0,0
7420,Sánchez,Pelayo,Sánchez P.,1,803,0,0,0,psanchez,20000327,0.0,0.0,0,3.5,0.0,0.0,0,0,3,0,0,0,177,62,0,0,0,69,0,70,0,72,0,70,0,61,0,66,0,67,0,64,0,64,0,66,0,66,0,68,0,72,0,61,0,0,0,0,0,0,0,0,0,0,,Sanchez_Pelayo,0,0,0,0,(),0,0,0.0,0,0,0.0,0,0,0,0,0,0,2021,3,0,1,3,0,0,0,0,1
7421,Delettre,Alexandre,Delettre A.,25,310,0,0,0,adelettre,19971025,0.0,0.0,0,4.0,0.0,0.0,0,0,3,0,0,0,171,62,0,0,0,71,0,65,0,69,0,70,0,70,0,63,0,63,0,69,0,76,0,70,0,74,0,69,0,76,0,72,0,0,0,0,0,0,0,0,0,0,,Delettre_Alexandre,0,0,0,0,(),0,0,0.0,0,0,0.0,0,0,0,0,0,0,2021,0,1,1,0,1,0,2,0,0
7422,Berthet,Clément,Berthet C.,6,309,0,0,0,cberthet,19970802,0.0,0.0,0,4.5,0.0,0.0,0,0,3,0,0,0,184,68,0,0,0,69,0,74,0,76,0,73,0,63,0,65,0,65,0,56,0,70,0,71,0,72,0,73,0,76,0,65,0,0,4,3,0,0,0,0,0,0,,Berthet_Clement,0,0,0,0,(172),0,0,0.0,0,0,0.0,0,0,0,0,0,0,2021,0,2,0,1,0,0,0,3,5
7423,Zingle,Axel,Zingle A.,14,301,0,0,0,azingle,19981218,0.0,0.0,0,5.0,0.0,0.0,0,0,3,0,0,0,173,67,0,0,0,72,0,63,0,68,0,75,0,72,0,65,0,74,0,73,0,74,0,70,0,72,0,66,0,76,0,70,0,0,2,4,0,0,0,0,0,0,,Zingle_Axel,0,0,0,0,(),0,0,0.0,0,0,0.0,0,0,0,0,0,0,2021,6,2,0,1,2,1,0,0,0
7424,Vine,Jay,Vine J.,16,2001,0,0,0,jvine,19951116,0.0,0.0,0,5.0,0.0,0.0,0,0,3,0,0,0,184,69,0,0,0,73,0,78,0,79,0,65,0,59,0,79,0,77,0,59,0,62,0,76,0,72,0,70,0,77,0,79,0,0,3,1,0,0,0,0,1,0,,Vine_Jay,0,0,0,0,"(25,172)",0,0,0.0,0,0,0.0,0,0,0,0,0,0,2021,12,0,2,5,0,0,0,1,2
7425,Vacek,Mathias,Vacek M.,11,3301,0,0,0,mvacek,20020612,0.0,0.0,0,5.0,0.0,0.0,0,0,3,0,0,0,188,74,0,0,0,76,0,65,0,72,0,70,0,74,0,76,0,78,0,73,0,71,0,75,0,73,0,72,0,76,0,72,0,0,3,4,0,0,0,0,192,0,,Vacek_Mathias,0,0,0,0,(),0,0,0.0,0,0,0.0,0,0,0,0,0,0,2021,6,0,1,1,0,2,3,0,0
7429,Tesson,Jason,Tesson J.,25,318,0,0,0,jtesson,19980109,0.0,0.0,0,4.0,0.0,0.0,0,0,3,0,0,0,166,59,0,0,0,69,0,56,0,62,0,70,0,67,0,57,0,60,0,74,0,73,0,66,0,69,0,62,0,68,0,59,0,0,0,0,0,0,0,0,0,0,,Tesson_Jason,0,0,0,0,(),0,0,0.0,0,0,0.0,0,0,0,0,0,0,2021,9,0,0,0,0,0,0,0,0
7431,Wenzel,Mats,Wenzel M.,70,1901,0,0,0,mwenzel,20021219,0.0,0.0,0,3.5,0.0,0.0,0,0,3,0,0,0,187,68,0,0,0,70,0,68,0,71,0,71,0,65,0,65,0,66,0,68,0,70,0,68,0,67,0,66,0,72,0,63,0,0,0,0,0,0,0,0,0,0,,Wenzel_Mats,0,0,0,0,(),0,0,0.0,0,0,0.0,0,0,0,0,0,0,2021,0,0,0,0,0,0,0,0,0
7432,Camargo,Diego,Camargo D.,119,1101,0,0,0,dcamargo,19980503,0.0,0.0,0,3.5,0.0,0.0,0,0,3,0,0,0,174,59,0,0,0,65,0,69,0,69,0,66,0,58,0,65,0,64,0,60,0,63,0,66,0,65,0,66,0,68,0,68,0,0,0,0,0,0,0,0,0,0,,Camargo_Diego,0,0,0,0,(),0,0,0.0,0,0,0.0,0,0,0,0,0,0,2021,0,0,1,2,0,0,0,0,1
7433,Berbosa,Diogo,Berbosa D.,38,2901,0,0,0,,20000613,0.0,0.0,0,3.0,0.0,0.0,0,0,3,0,0,0,180,65,0,0,0,65,0,68,0,68,0,64,0,57,0,60,0,60,0,61,0,63,0,66,0,63,0,68,0,66,0,56,0,0,0,0,0,0,0,0,0,0,,Barbosa_Diogo,0,0,0,0,(),0,0,0.0,0,0,0.0,0,0,0,0,0,0,2021,0,0,0,0,0,0,0,0,0
7434,Bourgoyne,Lucas,Bourgoyne L.,119,601,0,0,0,,20010407,0.0,0.0,0,2.5,0.0,0.0,0,0,3,0,0,0,176,66,0,0,0,65,0,59,0,63,0,67,0,60,0,58,0,59,0,68,0,68,0,59,0,60,0,57,0,65,0,58,0,0,0,0,0,0,0,0,0,0,,Bourgoyne_Lucas,0,0,0,0,(),0,0,0.0,0,0,0.0,0,0,0,0,0,0,2021,0,0,0,0,0,0,0,0,0
7436,Riccitello,Matthew,Riccitello M.,3,601,0,0,0,mriccitello,20020305,0.0,0.0,0,5.0,0.0,0.0,0,0,3,0,0,0,172,55,0,0,0,68,0,78,0,79,0,68,0,61,0,67,0,65,0,60,0,68,0,76,0,73,0,77,0,76,0,69,0,0,4,1,0,0,0,0,0,0,,Riccitello_Matthew,0,0,0,0,(135),0,0,0.0,0,0,0.0,0,0,0,0,0,0,2023,2,0,1,2,0,0,0,0,0
7439,Riegler,Nikolas,Riegler N.,119,3701,0,0,0,,20010915,0.0,0.0,0,1.5,0.0,0.0,0,0,3,0,0,0,183,65,0,0,0,60,0,62,0,63,0,64,0,54,0,57,0,57,0,56,0,58,0,56,0,55,0,58,0,63,0,63,0,0,0,0,0,0,0,0,0,0,,Riegler_Nikolas,0,0,0,0,(),0,0,0.0,0,0,0.0,0,0,0,0,0,0,2021,0,0,0,0,0,0,0,0,0
7441,Teutenberg,Tim Torn,Teutenberg T.T.,11,710,0,0,0,ttteutenberg,20020619,0.0,0.0,0,4.0,0.0,0.0,0,0,3,0,0,0,183,0,0,0,0,73,0,57,0,62,0,70,0,72,0,71,0,73,0,74,0,74,0,69,0,70,0,64,0,68,0,62,0,0,0,0,0,0,0,0,0,0,,Teutenberg_Tim-Torn,0,0,0,0,(),0,0,0.0,0,0,0.0,0,0,0,0,0,0,2021,0,0,0,0,0,0,0,0,0
7442,Barrenetxea,Jon,Barrenetxea J.,1,816,0,0,0,jbarrenetxea,20000420,0.0,0.0,0,4.0,0.0,0.0,0,0,3,0,0,0,188,74,0,0,0,73,0,62,0,70,0,70,0,70,0,64,0,64,0,73,0,76,0,73,0,74,0,68,0,76,0,74,0,0,2,4,0,0,0,0,0,0,,Barrenetxea_Jon,0,0,0,0,(),0,0,0.0,0,0,0.0,0,0,0,0,0,0,2021,2,0,1,1,2,0,0,0,0
7444,Murguialday,Jokin,Murguialday J.,100,816,0,0,0,jmurguialday,20000319,0.0,0.0,0,3.5,0.0,0.0,0,0,3,0,0,0,173,58,0,0,0,65,0,68,0,70,0,71,0,61,0,63,0,63,0,60,0,65,0,65,0,65,0,65,0,70,0,67,0,0,0,0,0,0,0,0,0,0,,Murguialday_Jokin,0,0,0,0,(),0,0,0.0,0,0,0.0,0,0,0,0,0,0,2021,0,0,0,0,0,0,0,0,0
7445,Azparren,Xabier Mikel,Azparren X.M.,97,816,0,0,0,xmazparren,19990225,0.0,0.0,0,3.5,0.0,0.0,0,0,3,0,0,0,0,0,0,0,0,73,0,65,0,68,0,72,0,66,0,74,0,72,0,60,0,60,0,68,0,65,0,71,0,71,0,65,0,0,4,3,0,0,0,0,0,0,,Azparren_Xabier-Mikel,0,0,0,0,(),0,0,0.0,0,0,0.0,0,0,0,0,0,0,2021,0,0,1,3,1,0,0,1,1
7446,Bais,Davide,Bais D.,102,205,0,0,0,dbais,19980402,0.0,0.0,0,3.0,0.0,0.0,0,0,3,0,0,0,185,66,0,0,0,69,0,69,0,71,0,70,0,58,0,58,0,58,0,60,0,69,0,68,0,66,0,67,0,71,0,78,0,0,0,0,0,0,0,0,0,0,,Bais_Davide,0,0,0,0,(),0,0,0.0,0,0,0.0,0,0,0,0,0,0,2021,1,0,4,0,2,0,0,0,3
7449,Adrià,Roger,Adrià R.,1,809,0,0,0,radria,19980418,0.0,0.0,0,5.0,0.0,0.0,0,0,3,0,0,0,179,64,0,0,0,72,0,66,0,74,0,74,0,67,0,64,0,66,0,69,0,74,0,70,0,72,0,68,0,77,0,72,0,0,2,3,0,0,0,0,0,0,,Adria_Roger,0,0,0,0,(),0,0,0.0,0,0,0.0,0,0,0,0,0,0,2021,3,0,0,2,1,0,0,3,1
7450,Agirre,Jon,Agirre J.,100,816,0,0,0,jagirre,19970910,0.0,0.0,0,3.5,0.0,0.0,0,0,3,0,0,0,173,54,0,0,0,66,0,71,0,73,0,70,0,59,0,58,0,60,0,55,0,66,0,69,0,66,0,67,0,71,0,73,0,0,0,0,0,0,0,0,0,0,,Agirre_Jon,0,0,0,0,(),0,0,0.0,0,0,0.0,0,0,0,0,0,0,2021,0,0,0,0,0,0,0,0,0
7453,García Pierna,Carlos,García Pierna C.,92,814,0,0,0,cgarciapierna,19990723,0.0,0.0,0,4.0,0.0,0.0,0,0,3,0,0,0,171,54,0,0,0,61,0,67,0,66,0,67,0,56,0,66,0,63,0,57,0,59,0,63,0,61,0,68,0,65,0,75,0,0,0,0,0,0,0,0,0,0,,Garcia-Pierna_Carlos,0,0,0,0,(),0,0,0.0,0,0,0.0,0,0,0,0,0,0,2021,0,0,0,1,0,0,0,0,0
7454,García Pierna,Raúl,García Pierna R.,1,814,0,0,0,rgarciapierna,20010223,0.0,0.0,0,4.5,0.0,0.0,0,0,3,0,0,0,175,67,0,0,0,71,0,68,0,73,0,73,0,63,0,73,0,74,0,67,0,72,0,70,0,72,0,69,0,75,0,73,0,0,0,0,0,0,0,0,1,0,,Garcia-Pierna_Raul,0,0,0,0,(),0,0,0.0,0,0,0.0,0,0,0,0,0,0,2021,2,2,0,2,1,0,0,3,0
7455,Phippen,Logan,Phippen L.,119,601,0,0,0,lphippen,19920510,0.0,0.0,0,2.0,0.0,0.0,0,0,3,0,0,0,180,0,0,0,0,64,0,61,0,62,0,64,0,60,0,64,0,64,0,60,0,60,0,58,0,58,0,64,0,62,0,68,0,0,0,0,0,0,0,0,0,0,,Phippen_Logan,0,0,0,0,(),0,0,0.0,0,0,0.0,0,0,0,0,0,0,2021,0,0,0,0,0,0,0,0,0
7456,Dauge,Lucas,Dauge L.,123,321,0,0,0,ldauge,19961228,0.0,0.0,0,2.0,0.0,0.0,0,0,3,0,0,0,167,0,0,0,0,62,0,67,0,66,0,70,0,57,0,58,0,60,0,58,0,60,0,61,0,61,0,63,0,65,0,64,0,0,0,0,0,0,0,0,0,0,,Dauge_Lucas,0,0,0,0,(),0,0,0.0,0,0,0.0,0,0,0,0,0,0,2021,0,0,0,0,0,0,0,0,0
7457,Jaime,Álex,Jaime Á.,119,809,0,0,0,ajaime,19980929,0.0,0.0,0,3.0,0.0,0.0,0,0,3,0,0,0,183,68,0,0,0,66,0,64,0,66,0,70,0,63,0,63,0,63,0,66,0,70,0,64,0,65,0,66,0,68,0,70,0,0,0,0,0,0,0,0,0,0,,Jaime_alex,0,0,0,0,(),0,0,0.0,0,0,0.0,0,0,0,0,0,0,2021,0,0,0,0,0,0,0,0,0
7458,López,Jordi,López J.,100,809,0,0,0,jorlopez,19980814,0.0,0.0,0,3.5,0.0,0.0,0,0,3,0,0,0,170,59,0,0,0,68,0,65,0,70,0,69,0,61,0,58,0,62,0,67,0,71,0,68,0,69,0,62,0,72,0,60,0,0,0,0,0,0,0,0,0,0,,Lopez_Jordi,0,0,0,0,(),0,0,0.0,0,0,0.0,0,0,0,0,0,0,2021,2,0,0,0,0,0,0,1,0
7460,Mendez,Daniel,Mendez D.,119,1101,0,0,0,dmendez,20000602,0.0,0.0,0,2.5,0.0,0.0,0,0,3,0,0,0,171,57,0,0,0,64,0,67,0,68,0,67,0,59,0,63,0,63,0,57,0,70,0,63,0,63,0,67,0,69,0,69,0,0,0,0,0,0,0,0,0,0,,Mendez_Daniel,0,0,0,0,(),0,0,0.0,0,0,0.0,0,0,0,0,0,0,2021,0,0,0,0,0,0,0,0,0
7462,Parra,José Félix,Parra J.F.,35,807,0,0,0,jfparra,19970116,0.0,0.0,0,4.0,0.0,0.0,0,0,3,0,0,0,171,57,0,0,0,64,0,74,0,74,0,68,0,56,0,57,0,58,0,58,0,68,0,68,0,65,0,68,0,71,0,62,0,0,0,0,0,0,0,0,0,0,,Parra_Jose-Felix,0,0,0,0,(),0,0,0.0,0,0,0.0,0,0,0,0,0,0,2021,0,0,0,2,0,0,0,0,0
7464,Ruiz,Ibon,Ruiz I.,70,816,0,0,0,iruiz,19990130,0.0,0.0,0,3.5,0.0,0.0,0,0,3,0,0,0,178,63,0,0,0,67,0,74,0,74,0,72,0,63,0,65,0,65,0,60,0,66,0,70,0,67,0,68,0,72,0,73,0,0,0,0,0,0,0,0,0,0,,Ruiz_Ibon,0,0,0,0,(),0,0,0.0,0,0,0.0,0,0,0,0,0,0,2021,0,0,0,1,0,0,0,3,0
7465,Fedorov,Yevgeniy,Fedorov Y.,12,1301,0,0,0,yfedorov,20000216,0.0,0.0,0,4.0,0.0,0.0,0,0,3,0,0,0,193,80,0,0,0,74,0,63,0,67,0,68,0,73,0,69,0,67,0,59,0,59,0,71,0,68,0,70,0,70,0,76,0,0,0,0,0,0,0,0,194,0,,Fedorov_Yevgeniy,0,0,0,0,(),0,0,0.0,0,0,0.0,0,0,0,0,0,0,2021,9,3,0,1,2,5,5,0,0
7468,Buschek,Paul,Buschek P.,119,3701,0,0,0,,20020719,0.0,0.0,0,1.5,0.0,0.0,0,0,3,0,0,0,181,67,0,0,0,65,0,56,0,58,0,62,0,60,0,64,0,66,0,57,0,55,0,59,0,57,0,60,0,60,0,66,0,0,0,0,0,0,0,0,0,0,,Buschek_Paul,0,0,0,0,(),0,0,0.0,0,0,0.0,0,0,0,0,0,0,0,0,0,0,0,0,0,0,0,0
7469,Govekar,Matevž,Govekar M.,13,2801,0,0,0,mgovekar,20000417,0.0,0.0,0,4.0,0.0,0.0,0,0,3,0,0,0,180,73,0,0,0,71,0,56,0,61,0,69,0,65,0,66,0,71,0,72,0,72,0,68,0,70,0,68,0,69,0,63,0,0,0,0,0,0,0,0,0,0,,Govekar_MatevZ,0,0,0,0,(),0,0,0.0,0,0,0.0,0,0,0,0,0,0,2022,4,0,1,1,1,1,0,0,0
7470,Pezzo Rosola,Kevin,Pezzo Rosola K.,119,201,0,0,0,,20021130,0.0,0.0,0,3.0,0.0,0.0,0,0,3,0,0,0,0,0,0,0,0,60,0,61,0,63,0,70,0,63,0,57,0,60,0,52,0,57,0,58,0,61,0,59,0,64,0,64,0,0,0,0,0,0,0,0,0,0,,Pezzo-Rosola_Kevin,0,0,0,0,(),0,0,0.0,0,0,0.0,0,0,0,0,0,0,0,0,0,0,0,0,0,0,0,0
7471,Zungerle,Emanuel,Zungerle E.,40,3701,0,0,0,,20000924,0.0,0.0,0,2.5,0.0,0.0,0,0,3,0,0,0,0,0,0,0,0,66,0,64,0,65,0,73,0,62,0,57,0,60,0,54,0,65,0,59,0,62,0,61,0,66,0,57,0,0,0,0,0,0,0,0,0,0,,Zangerle_Emanuel,0,0,0,0,(),0,0,0.0,0,0,0.0,0,0,0,0,0,0,0,0,0,0,0,0,0,0,0,0
7473,Chzhan,Igor,Chzhan I.,119,1301,0,0,0,ichzhan,19991002,0.0,0.0,0,2.5,0.0,0.0,0,0,3,0,0,0,185,71,0,0,0,66,0,63,0,65,0,68,0,60,0,62,0,62,0,58,0,64,0,61,0,61,0,62,0,65,0,62,0,0,0,0,0,0,0,0,0,0,,Chzhan_Igor,0,0,0,0,(),0,0,0.0,0,0,0.0,0,0,0,0,0,0,2023,2,0,0,0,0,1,1,1,0
7476,Marukhin,Daniil,Marukhin D.,119,1301,0,0,0,dmarukhin,19990213,0.0,0.0,0,3.0,0.0,0.0,0,0,3,0,0,0,180,63,0,0,0,67,0,66,0,68,0,65,0,60,0,63,0,63,0,63,0,63,0,65,0,65,0,66,0,69,0,71,0,0,0,0,0,0,0,0,0,0,,Marukhin_Daniil,0,0,0,0,(),0,0,0.0,0,0,0.0,0,0,0,0,0,0,0,0,0,0,0,0,0,0,0,0
7477,Mulagaleyev,Vladimir,Mulagaleyev V.,119,1301,0,0,0,,20020417,0.0,0.0,0,1.5,0.0,0.0,0,0,3,0,0,0,0,0,0,0,0,63,0,55,0,58,0,65,0,60,0,54,0,57,0,63,0,63,0,54,0,55,0,53,0,60,0,59,0,0,0,0,0,0,0,0,0,0,,Mulagaleyev_Vladimir,0,0,0,0,(),0,0,0.0,0,0,0.0,0,0,0,0,0,0,0,0,0,0,0,0,0,0,0,0
7481,Pronskiy,Daniil,Pronskiy D.,96,1301,0,0,0,,20000604,0.0,0.0,0,3.5,0.0,0.0,0,0,3,0,0,0,0,0,0,0,0,66,0,67,0,69,0,68,0,60,0,61,0,61,0,58,0,61,0,65,0,63,0,65,0,69,0,64,0,0,0,0,0,0,0,0,0,0,,Pronskiy_Daniil,0,0,0,0,(),0,0,0.0,0,0,0.0,0,0,0,0,0,0,0,0,0,0,0,0,0,0,0,0
7482,Romanov,Igor,Romanov I.,119,1301,0,0,0,,20021030,0.0,0.0,0,2.5,0.0,0.0,0,0,3,0,0,0,0,0,0,0,0,59,0,57,0,59,0,68,0,59,0,52,0,60,0,60,0,61,0,57,0,56,0,54,0,60,0,55,0,0,0,0,0,0,0,0,0,0,,Romanov_Igor,0,0,0,0,(),0,0,0.0,0,0,0.0,0,0,0,0,0,0,0,0,0,0,0,0,0,0,0,0
7485,Shtein,Iogan,Shtein I.,119,1301,0,0,0,,19990602,0.0,0.0,0,2.5,0.0,0.0,0,0,3,0,0,0,0,0,0,0,0,66,0,58,0,61,0,68,0,60,0,60,0,61,0,65,0,67,0,60,0,62,0,65,0,64,0,60,0,0,0,0,0,0,0,0,0,0,,Shtein_Iogan,0,0,0,0,(),0,0,0.0,0,0,0.0,0,0,0,0,0,0,0,0,0,0,0,0,0,0,0,0
7494,Lund Andresen,Tobias,Lund Andresen T.,3,1004,0,0,0,tlundandresen,20020820,0.0,0.0,0,5.0,0.0,0.0,0,0,3,0,0,0,181,69,0,0,0,75,0,60,0,66,0,72,0,74,0,63,0,68,0,80,0,78,0,73,0,75,0,70,0,73,0,67,0,0,3,4,0,0,0,0,0,0,,Lund-Andresen_Tobias,0,0,0,0,(11),0,0,0.0,0,0,0.0,0,0,0,0,0,0,2023,7,1,1,0,0,0,1,0,0
7495,Bittner,Pavel,Bittner P.,15,3301,0,0,0,pbittner,20021029,0.0,0.0,0,4.0,0.0,0.0,0,0,3,0,0,0,186,73,0,0,0,73,0,59,0,64,0,74,0,72,0,62,0,68,0,78,0,78,0,73,0,73,0,67,0,69,0,55,0,0,3,4,0,0,0,0,0,0,,Bittner_Pavel,0,0,0,0,(92),0,0,0.0,0,0,0.0,0,0,0,0,0,0,2023,3,1,0,1,2,2,3,0,0
7496,Reinderink,Pepijn,Reinderink P.,10,509,0,0,0,preinderink,20020504,0.0,0.0,0,4.0,0.0,0.0,0,0,3,0,0,0,181,66,0,0,0,67,0,63,0,65,0,70,0,64,0,66,0,65,0,62,0,65,0,65,0,63,0,60,0,69,0,72,0,0,0,0,0,0,0,0,0,0,,Reinderink_Pepijn,0,0,0,0,"(87,18)",0,0,0.0,0,0,0.0,0,0,0,0,0,0,0,0,0,0,1,1,1,0,0,0
7497,Garofoli,Gianmarco,Garofoli G.,10,210,0,0,0,ggarofoli,20021006,0.0,0.0,0,4.0,0.0,0.0,0,0,3,0,0,0,180,65,0,0,0,68,0,73,0,75,0,67,0,60,0,65,0,65,0,66,0,69,0,70,0,68,0,68,0,73,0,73,0,0,0,0,0,0,0,0,0,0,,Garofoli_Gianmarco,0,0,0,0,(25),0,0,0.0,0,0,0.0,0,0,0,0,0,0,2023,0,0,1,2,0,0,0,0,3
7498,Onley,Oscar,Onley O.,2,1801,0,0,0,oonley,20021013,0.0,0.0,0,5.0,0.0,0.0,0,0,3,0,0,0,173,62,0,0,0,70,0,80,0,79,0,73,0,63,0,67,0,66,0,65,0,73,0,77,0,75,0,79,0,78,0,67,0,0,5,2,0,0,0,0,0,0,,Onley_Oscar,0,0,0,0,(87),0,0,0.0,0,0,0.0,0,0,0,0,0,0,2023,2,2,0,1,0,0,0,1,2
7499,van Belle,Loe,van Belle L.,14,512,0,0,0,lvanbelle,20020124,0.0,0.0,0,3.5,0.0,0.0,0,0,3,0,0,0,184,0,0,0,0,70,0,60,0,63,0,70,0,68,0,65,0,67,0,66,0,67,0,64,0,62,0,62,0,68,0,65,0,0,0,0,0,0,0,0,0,0,,Van-Belle_Loe,0,0,0,0,(),0,0,0.0,0,0,0.0,0,0,0,0,0,0,0,0,0,0,0,0,0,0,2,0
7500,Staune-Mittet,Johannes,Staune-Mittet J.,3,3501,0,0,0,jstaune-mittet,20020118,0.0,0.0,0,4.0,0.0,0.0,0,0,3,0,0,0,182,69,0,0,0,66,0,73,0,72,0,69,0,63,0,65,0,66,0,57,0,60,0,68,0,64,0,67,0,71,0,62,0,0,3,1,0,0,0,0,0,0,,Staune-Mittet_Johannes,0,0,0,0,(135),0,0,0.0,0,0,0.0,0,0,0,0,0,0,0,1,0,0,1,1,0,0,0,1
7501,van Bekkum,Darren,van Bekkum D.,12,510,0,0,0,dvanbekkum,20020320,0.0,0.0,0,4.0,0.0,0.0,0,0,3,0,0,0,176,62,0,0,0,66,0,72,0,73,0,67,0,62,0,62,0,63,0,60,0,64,0,67,0,65,0,67,0,69,0,68,0,0,0,0,0,0,0,0,0,0,,Van-Bekkum_Darren,0,0,0,0,(),0,0,0.0,0,0,0.0,0,0,0,0,0,0,0,0,0,0,0,0,0,0,0,0
7503,van der Gracht,Niels,van der Gracht N.,119,501,0,0,0,nvandergracht,20020104,0.0,0.0,0,1.5,0.0,0.0,0,0,3,0,0,0,0,0,0,0,0,63,0,50,0,52,0,60,0,57,0,58,0,56,0,57,0,56,0,56,0,53,0,57,0,54,0,67,0,0,0,0,0,0,0,0,0,0,,Van-Der-Gracht_Niels,0,0,0,0,(),0,0,0.0,0,0,0.0,0,0,0,0,0,0,0,0,0,0,0,0,0,0,0,0
7506,Glivar,Gal,Glivar G.,37,2801,0,0,0,gglivar,20020501,0.0,0.0,0,4.5,0.0,0.0,0,0,3,0,0,0,171,62,0,0,0,67,0,67,0,72,0,70,0,62,0,67,0,67,0,63,0,70,0,66,0,68,0,64,0,72,0,58,0,0,0,0,0,0,0,0,0,0,,Glivar_Gal,0,0,0,0,(),0,0,0.0,0,0,0.0,0,0,0,0,0,0,0,0,0,0,1,0,0,0,1,1
7508,Hesters,Jules,Hesters J.,69,402,0,0,0,jhesters,19981111,0.0,0.0,0,4.0,0.0,0.0,0,0,3,0,0,0,180,72,0,0,0,70,0,55,0,59,0,68,0,67,0,60,0,60,0,71,0,71,0,67,0,66,0,60,0,64,0,67,0,0,0,0,0,0,0,0,0,0,,Hesters_Jules,0,0,0,0,(),0,0,0.0,0,0,0.0,0,0,0,0,0,0,2022,0,0,0,0,0,2,1,0,0
7510,Toupalik,Jakub,Toupalik J.,58,3301,0,0,0,jtoupalik,20010717,0.0,0.0,0,4.0,0.0,0.0,0,0,3,0,0,0,180,64,0,0,0,70,0,61,0,62,0,75,0,65,0,63,0,66,0,65,0,67,0,63,0,64,0,65,0,67,0,73,0,0,0,0,0,0,0,0,0,0,,Toupalik_Jakub,0,0,0,0,(),0,0,0.0,0,0,0.0,0,0,0,0,0,0,0,0,0,0,0,0,0,0,0,0
7511,Lovidius,Edvin,Lovidius E.,119,3201,0,0,0,elovidius,20020302,0.0,0.0,0,1.0,0.0,0.0,0,0,3,0,0,0,0,0,0,0,0,62,0,59,0,60,0,69,0,51,0,57,0,58,0,59,0,63,0,56,0,53,0,56,0,61,0,70,0,0,0,0,0,0,0,0,0,0,,Lovidius_Edvin,0,0,0,0,(),0,0,0.0,0,0,0.0,0,0,0,0,0,0,0,0,0,0,0,0,0,0,0,0
7513,Nørtoft,Morten,Nørtoft M.,147,1001,0,0,0,mnortoft,20020905,0.0,0.0,0,3.5,0.0,0.0,0,0,3,0,0,0,0,0,0,0,0,70,0,64,0,66,0,65,0,65,0,68,0,68,0,68,0,71,0,63,0,62,0,65,0,68,0,55,0,0,0,0,0,0,0,0,0,0,,Nortoft_Morten,0,0,0,0,(),0,0,0.0,0,0,0.0,0,0,0,0,0,0,0,0,0,0,0,0,0,0,0,0
7516,Schandorff Iwersen,Emil,Schandorff Iwersen E.,161,1001,0,0,0,eschandorffiwersen,20020815,0.0,0.0,0,4.0,0.0,0.0,0,0,3,0,0,0,182,60,0,0,0,67,0,66,0,68,0,69,0,64,0,61,0,62,0,59,0,65,0,63,0,62,0,62,0,69,0,71,0,0,0,0,0,0,0,0,0,0,,Schandorff-Iwersen_Emil,0,0,0,0,(),0,0,0.0,0,0,0.0,0,0,0,0,0,0,0,0,0,0,0,0,0,0,0,0
7517,Jørgensen,Adam Holm,Jørgensen A.H.,119,1001,0,0,0,ahjorgensen,20020901,0.0,0.0,0,4.0,0.0,0.0,0,0,3,0,0,0,191,68,0,0,0,69,0,59,0,63,0,70,0,67,0,68,0,70,0,65,0,67,0,63,0,65,0,65,0,68,0,65,0,0,0,0,0,0,0,0,0,0,,Jorgensen_Adam-Holm,0,0,0,0,(),0,0,0.0,0,0,0.0,0,0,0,0,0,0,0,0,0,0,0,0,0,0,0,0
7518,Risenlund,Stian,Risenlund S.,164,1001,0,0,0,,20020404,0.0,0.0,0,3.5,0.0,0.0,0,0,3,0,0,0,190,72,0,0,0,71,0,55,0,57,0,65,0,68,0,63,0,63,0,69,0,70,0,66,0,68,0,62,0,63,0,72,0,0,0,0,0,0,0,0,0,0,,Rosenlund_Stian,0,0,0,0,(),0,0,0.0,0,0,0.0,0,0,0,0,0,0,0,0,0,0,0,0,0,0,0,0
7519,Mungel,Nikolaj,Mungel N.,164,1001,0,0,0,,20020309,0.0,0.0,0,3.5,0.0,0.0,0,0,3,0,0,0,182,65,0,0,0,68,0,67,0,67,0,68,0,63,0,65,0,66,0,60,0,62,0,64,0,63,0,63,0,67,0,74,0,0,0,0,0,0,0,0,0,0,,Mengel_Nikolaj,0,0,0,0,(),0,0,0.0,0,0,0.0,0,0,0,0,0,0,0,0,0,0,0,0,0,0,0,0
7522,De Pooter,Dries,De Pooter D.,20,402,0,0,0,ddepooter,20021108,0.0,0.0,0,4.5,0.0,0.0,0,0,3,0,0,0,182,66,0,0,0,73,0,60,0,66,0,72,0,72,0,63,0,64,0,72,0,73,0,67,0,68,0,63,0,71,0,66,0,0,0,0,0,0,0,0,0,0,,De-Pooter_Dries,0,0,0,0,(),0,0,0.0,0,0,0.0,0,0,0,0,0,0,2021,1,0,1,1,0,2,1,1,0
7523,Flynn,Sean,Flynn S.,15,1801,0,0,0,sflynn,20000302,0.0,0.0,0,4.0,0.0,0.0,0,0,3,0,0,0,177,67,0,0,0,71,0,59,0,65,0,75,0,71,0,64,0,67,0,70,0,72,0,67,0,69,0,65,0,72,0,62,0,0,0,0,0,0,0,0,0,0,,Flynn_Sean,0,0,0,0,(4),0,0,0.0,0,0,0.0,0,0,0,0,0,0,2021,0,1,0,1,1,1,1,1,0
7525,Peret,Kacper,Peret K.,119,3001,0,0,0,,20021212,0.0,0.0,0,1.0,0.0,0.0,0,0,3,0,0,0,179,64,0,0,0,58,0,59,0,60,0,58,0,56,0,56,0,56,0,53,0,55,0,53,0,54,0,57,0,59,0,60,0,0,0,0,0,0,0,0,0,0,,Peret_Kacper,0,0,0,0,(),0,0,0.0,0,0,0.0,0,0,0,0,0,0,0,0,0,0,0,0,0,0,0,0
7527,Costa,Fábio,Costa F.,109,2901,0,0,0,,19990704,0.0,0.0,0,3.5,0.0,0.0,0,0,3,0,0,0,175,62,0,0,0,67,0,62,0,67,0,68,0,63,0,65,0,66,0,67,0,70,0,63,0,64,0,65,0,69,0,68,0,0,0,0,0,0,0,0,0,0,,Costa_Fabio,0,0,0,0,(),0,0,0.0,0,0,0.0,0,0,0,0,0,0,0,0,0,0,0,0,0,0,0,0
7531,Andersen,Kasper,Andersen K.,119,1001,0,0,0,,20020701,0.0,0.0,0,4.0,0.0,0.0,0,0,3,0,0,0,0,0,0,0,0,68,0,59,0,63,0,70,0,64,0,60,0,61,0,67,0,70,0,62,0,63,0,65,0,68,0,55,0,0,0,0,0,0,0,0,0,0,,Andersen_Kasper,0,0,0,0,(),0,0,0.0,0,0,0.0,0,0,0,0,0,0,0,0,0,0,0,0,0,0,0,0
7532,Andersen,Mads,Andersen M.,119,1001,0,0,0,,20001127,0.0,0.0,0,2.5,0.0,0.0,0,0,3,0,0,0,0,0,0,0,0,69,0,59,0,61,0,65,0,64,0,58,0,61,0,68,0,70,0,64,0,65,0,64,0,65,0,69,0,0,0,0,0,0,0,0,0,0,,Andersen_Mads,0,0,0,0,(),0,0,0.0,0,0,0.0,0,0,0,0,0,0,0,0,0,0,0,0,0,0,0,0
7535,Villa,Giacomo,Villa G.,119,204,0,0,0,gvilla,20020129,0.0,0.0,0,3.5,0.0,0.0,0,0,3,0,0,0,0,0,0,0,0,66,0,64,0,68,0,69,0,61,0,57,0,57,0,68,0,69,0,63,0,64,0,59,0,70,0,65,0,0,0,0,0,0,0,0,0,0,,Villa_Giacomo,0,0,0,0,(),0,0,0.0,0,0,0.0,0,0,0,0,0,0,0,0,0,0,0,0,0,0,1,0
7536,Galli,Niccolo,Galli N.,119,201,0,0,0,,20020409,0.0,0.0,0,2.0,0.0,0.0,0,0,3,0,0,0,0,0,0,0,0,63,0,57,0,58,0,61,0,60,0,62,0,64,0,59,0,59,0,56,0,56,0,54,0,59,0,60,0,0,0,0,0,0,0,0,0,0,,Galli_Niccolo,0,0,0,0,(),0,0,0.0,0,0,0.0,0,0,0,0,0,0,0,0,0,0,0,0,0,0,0,0
7539,Uga,Ryuki,Uga R.,119,2101,0,0,0,,19991008,0.0,0.0,0,2.0,0.0,0.0,0,0,3,0,0,0,0,0,0,0,0,64,0,59,0,62,0,69,0,58,0,57,0,60,0,61,0,66,0,58,0,61,0,59,0,64,0,70,0,0,0,0,0,0,0,0,0,0,,Uga_Ryuki,0,0,0,0,(),0,0,0.0,0,0,0.0,0,0,0,0,0,0,0,0,0,0,0,0,0,0,0,0
7540,Dressler,Luca,Dressler L.,119,701,0,0,0,,20020108,0.0,0.0,0,3.0,0.0,0.0,0,0,3,0,0,0,0,0,0,0,0,66,0,58,0,61,0,58,0,63,0,60,0,62,0,63,0,64,0,60,0,62,0,62,0,64,0,71,0,0,0,0,0,0,0,0,0,0,,Dressler_Luca,0,0,0,0,(),0,0,0.0,0,0,0.0,0,0,0,0,0,0,0,0,0,0,0,0,0,0,0,0
7541,Czasa,Moritz,Czasa M.,119,707,0,0,0,,20020603,0.0,0.0,0,1.5,0.0,0.0,0,0,3,0,0,0,194,70,0,0,0,65,0,56,0,57,0,62,0,62,0,62,0,62,0,60,0,60,0,57,0,58,0,58,0,64,0,69,0,0,0,0,0,0,0,0,0,0,,Czasa_Moritz,0,0,0,0,(),0,0,0.0,0,0,0.0,0,0,0,0,0,0,0,0,0,0,0,0,0,0,0,0
7543,Duarte,Emanuel,Duarte E.,119,2901,0,0,0,,19970124,0.0,0.0,0,2.5,0.0,0.0,0,0,3,0,0,0,0,0,0,0,0,65,0,62,0,65,0,66,0,60,0,63,0,65,0,54,0,63,0,59,0,61,0,62,0,67,0,65,0,0,0,0,0,0,0,0,0,0,,Duarte_Emanuel,0,0,0,0,(),0,0,0.0,0,0,0.0,0,0,0,0,0,0,0,0,0,0,0,0,0,0,0,0
7544,Paleni,Enzo,Paleni E.,6,319,0,0,0,epaleni,20020530,0.0,0.0,0,4.0,0.0,0.0,0,0,3,0,0,0,178,65,0,0,0,72,0,65,0,68,0,68,0,65,0,69,0,68,0,63,0,65,0,69,0,67,0,70,0,71,0,72,0,0,0,0,0,0,0,0,0,0,,Paleni_Enzo,0,0,0,0,(),0,0,0.0,0,0,0.0,0,0,0,0,0,0,2023,0,0,2,0,0,0,0,0,1
7545,Ärm,Rait,Ärm R.,119,1201,0,0,0,rarm,20000331,0.0,0.0,0,3.0,0.0,0.0,0,0,3,0,0,0,184,74,0,0,0,71,0,54,0,59,0,68,0,65,0,60,0,62,0,71,0,70,0,62,0,62,0,58,0,63,0,59,0,0,0,0,0,0,0,0,0,0,,Arm_Rait,0,0,0,0,(),0,0,0.0,0,0,0.0,0,0,0,0,0,0,0,0,0,0,0,0,0,0,0,0
7546,Pidcock,Joseph,Pidcock J.,97,1801,0,0,0,jpidcock,20020320,0.0,0.0,0,3.0,0.0,0.0,0,0,3,0,0,0,170,59,0,0,0,67,0,65,0,68,0,71,0,62,0,61,0,61,0,66,0,69,0,64,0,65,0,61,0,69,0,71,0,0,0,0,0,0,0,0,0,0,,Pidcock_Joseph,0,0,0,0,(),0,0,0.0,0,0,0.0,0,0,0,0,0,0,0,0,0,0,0,0,0,1,0,0
7547,Pithie,Laurence,Pithie L.,33,3401,0,0,0,lpithie,20020717,0.0,0.0,0,5.0,0.0,0.0,0,0,3,0,0,0,187,74,0,0,0,75,0,64,0,69,0,74,0,76,0,69,0,76,0,75,0,73,0,73,0,73,0,68,0,74,0,68,0,0,2,4,0,0,0,0,0,0,,Pithie_Laurence,0,0,0,0,(),0,0,0.0,0,0,0.0,0,0,0,0,0,0,2023,2,1,1,0,2,2,2,0,0
7548,Germani,Lorenzo,Germani L.,6,212,0,0,0,lgermani,20020303,0.0,0.0,0,4.0,0.0,0.0,0,0,3,0,0,0,180,62,0,0,0,68,0,70,0,71,0,72,0,62,0,63,0,68,0,65,0,69,0,68,0,69,0,70,0,71,0,70,0,0,0,0,0,0,0,0,0,0,,Germani_Lorenzo,0,0,0,0,(),0,0,0.0,0,0,0.0,0,0,0,0,0,0,2023,0,0,2,2,1,0,0,1,2
7549,Thompson,Reuben,Thompson R.,9,3401,0,0,0,rthompson,20010215,0.0,0.0,0,4.0,0.0,0.0,0,0,3,0,0,0,184,62,0,0,0,66,0,71,0,72,0,66,0,58,0,63,0,64,0,57,0,64,0,66,0,65,0,67,0,71,0,66,0,0,3,2,0,0,0,0,0,0,,Thompson_Reuben,0,0,0,0,(),0,0,0.0,0,0,0.0,0,0,0,0,0,0,2023,0,0,0,1,0,0,0,1,1
7550,Bonaldo,Kevin,Bonaldo K.,119,206,0,0,0,kbonaldo,20000809,0.0,0.0,0,2.5,0.0,0.0,0,0,3,0,0,0,181,68,0,0,0,66,0,58,0,61,0,63,0,60,0,57,0,59,0,67,0,69,0,57,0,58,0,60,0,63,0,57,0,0,0,0,0,0,0,0,0,0,,Bonaldo_Kevin,0,0,0,0,(),0,0,0.0,0,0,0.0,0,0,0,0,0,0,0,0,0,0,0,0,0,0,0,0
7553,Birhane,Ghebrehiwet,Birhane G.,119,4101,0,0,0,,20010106,0.0,0.0,0,1.0,0.0,0.0,0,0,3,0,0,0,0,0,0,0,0,60,0,56,0,58,0,60,0,54,0,56,0,57,0,55,0,57,0,53,0,54,0,54,0,60,0,72,0,0,0,0,0,0,0,0,0,0,,Birhane_Ghebrehiwet,0,0,0,0,(),0,0,0.0,0,0,0.0,0,0,0,0,0,0,0,0,0,0,0,0,0,0,0,0
7554,Tene,Rotem,Tene R.,42,7001,0,0,0,rtene,20010330,0.0,0.0,0,3.0,0.0,0.0,0,0,3,0,0,0,0,0,0,0,0,70,0,60,0,65,0,68,0,65,0,66,0,68,0,68,0,72,0,64,0,65,0,65,0,69,0,67,0,0,0,0,0,0,0,0,0,0,,Tene_Rotem,0,0,0,0,(),0,0,0.0,0,0,0.0,0,0,0,0,0,0,0,2,0,0,0,0,0,0,0,0
7555,Mackellar,Alastair,Mackellar A.,5,2001,0,0,0,amackellar,20020120,0.0,0.0,0,4.0,0.0,0.0,0,0,3,0,0,0,184,69,0,0,0,69,0,63,0,66,0,69,0,63,0,66,0,66,0,65,0,63,0,65,0,63,0,66,0,71,0,76,0,0,0,0,0,0,0,0,0,0,,Mackellar_Alastair,0,0,0,0,(),0,0,0.0,0,0,0.0,0,0,0,0,0,0,0,0,0,0,0,1,0,0,0,0
7556,Hollyman,Mason,Hollyman M.,119,1801,0,0,0,mhollyman,20000625,0.0,0.0,0,4.0,0.0,0.0,0,0,3,0,0,0,174,59,0,0,0,64,0,69,0,69,0,70,0,62,0,63,0,63,0,62,0,66,0,63,0,65,0,65,0,69,0,64,0,0,0,0,0,0,0,0,0,0,,Hollyman_Mason,0,0,0,0,(),0,0,0.0,0,0,0.0,0,0,0,0,0,0,2023,2,0,0,0,0,0,0,0,0
7557,Boucek,Jakub,Boucek J.,119,3301,0,0,0,jboucek,20010123,0.0,0.0,0,3.0,0.0,0.0,0,0,3,0,0,0,0,0,0,0,0,63,0,59,0,61,0,71,0,62,0,64,0,64,0,62,0,61,0,57,0,57,0,60,0,63,0,60,0,0,0,0,0,0,0,0,0,0,,Boucek_Jakub,0,0,0,0,(),0,0,0.0,0,0,0.0,0,0,0,0,0,0,0,0,0,0,0,0,0,0,0,0
7558,Kogut,Oded,Kogut O.,42,7001,0,0,0,okogut,20010214,0.0,0.0,0,3.5,0.0,0.0,0,0,3,0,0,0,171,71,0,0,0,70,0,54,0,57,0,70,0,69,0,62,0,67,0,75,0,73,0,68,0,69,0,66,0,64,0,67,0,0,0,0,0,0,0,0,0,0,,Kogut_Oded,0,0,0,0,(),0,0,0.0,0,0,0.0,0,0,0,0,0,0,0,6,0,0,0,0,0,1,0,0
7560,Pickrell,Riley,Pickrell R.,60,2201,0,0,0,rpickrell,20010816,0.0,0.0,0,3.5,0.0,0.0,0,0,3,0,0,0,171,72,0,0,0,71,0,56,0,61,0,69,0,70,0,58,0,60,0,72,0,73,0,67,0,68,0,64,0,65,0,61,0,0,0,0,0,0,0,0,0,0,,Pickrell_Riley,0,0,0,0,(),0,0,0.0,0,0,0.0,0,0,0,0,0,0,0,2,0,1,0,0,1,2,0,0
7561,Ponomar,Andrii,Ponomar A.,119,3801,0,0,0,aponomar,20020905,0.0,0.0,0,3.5,0.0,0.0,0,0,3,0,0,0,183,65,0,0,0,67,0,65,0,66,0,64,0,65,0,64,0,65,0,58,0,61,0,66,0,67,0,66,0,70,0,63,0,0,0,0,0,0,0,0,2,0,,Ponomar_Andrii,0,0,0,0,(),0,0,0.0,0,0,0.0,0,0,0,0,0,0,2021,1,0,2,0,1,0,0,1,2
7562,Kolasinac,Admir,Kolasinac A.,119,5001,0,0,0,,20011208,0.0,0.0,0,1.5,0.0,0.0,0,0,3,0,0,0,0,0,0,0,0,58,0,56,0,56,0,62,0,53,0,56,0,56,0,58,0,61,0,55,0,56,0,56,0,56,0,63,0,0,0,0,0,0,0,0,0,0,,,0,0,0,0,(),0,0,0.0,0,0,0.0,0,0,0,0,0,0,0,0,0,0,0,0,0,0,0,0
7564,Divnic,Jovan,Divnic J.,119,5001,0,0,0,,20020425,0.0,0.0,0,1.5,0.0,0.0,0,0,3,0,0,0,0,0,0,0,0,60,0,56,0,57,0,60,0,54,0,61,0,58,0,57,0,56,0,55,0,56,0,57,0,58,0,74,0,0,0,0,0,0,0,0,0,0,,Divnic_Jovan,0,0,0,0,(),0,0,0.0,0,0,0.0,0,0,0,0,0,0,0,0,0,0,0,0,0,0,0,0
7566,Double,Paul,Double P.,20,1801,0,0,0,pdouble,19960625,0.0,0.0,0,4.0,0.0,0.0,0,0,3,0,0,0,171,56,0,0,0,68,0,74,0,77,0,70,0,60,0,63,0,64,0,58,0,67,0,72,0,68,0,70,0,75,0,71,0,0,4,2,0,0,0,0,0,0,,Double_Paul,0,0,0,0,(),0,0,0.0,0,0,0.0,0,0,0,0,0,0,0,5,0,1,0,0,0,0,0,0
7567,Wright,Paul,Wright P.,60,3401,0,0,0,pwright,19980203,0.0,0.0,0,3.0,0.0,0.0,0,0,3,0,0,0,0,0,0,0,0,68,0,61,0,64,0,67,0,67,0,58,0,62,0,62,0,68,0,66,0,68,0,61,0,70,0,71,0,0,0,0,0,0,0,0,128,0,,Wright_Paul,0,0,0,0,(),0,0,0.0,0,0,0.0,0,0,0,0,0,0,0,1,0,0,0,0,0,0,0,0
7569,Carollo,Francesco,Carollo F.,119,201,0,0,0,,20000817,0.0,0.0,0,2.0,0.0,0.0,0,0,3,0,0,0,0,0,0,0,0,63,0,59,0,62,0,64,0,60,0,57,0,57,0,62,0,63,0,57,0,59,0,60,0,64,0,60,0,0,0,0,0,0,0,0,0,0,,Carollo_Francesco,0,0,0,0,(),0,0,0.0,0,0,0.0,0,0,0,0,0,0,0,0,0,0,0,0,0,0,0,0
7571,Briex,Victor,Briex V.,140,508,0,0,0,,20000131,0.0,0.0,0,3.0,0.0,0.0,0,0,3,0,0,0,190,75,0,0,0,68,0,55,0,60,0,69,0,65,0,58,0,60,0,66,0,63,0,60,0,60,0,63,0,65,0,68,0,0,0,0,0,0,0,0,0,0,,Broex_Victor,0,0,0,0,(),0,0,0.0,0,0,0.0,0,0,0,0,0,0,0,0,0,0,0,0,0,0,0,0
7572,Artz,Huub,Artz H.,9,507,0,0,0,hartz,20020514,0.0,0.0,0,4.5,0.0,0.0,0,0,3,0,0,0,185,65,0,0,0,75,0,67,0,71,0,71,0,71,0,74,0,74,0,67,0,69,0,71,0,69,0,66,0,73,0,73,0,0,0,0,0,0,0,0,0,0,,Artz_Huub,0,0,0,0,(),0,0,0.0,0,0,0.0,0,0,0,0,0,0,0,0,0,0,1,0,0,0,0,0
7577,Kretschy,Moritz,Kretschy M.,42,707,0,0,0,,20020512,0.0,0.0,0,4.0,0.0,0.0,0,0,3,0,0,0,183,63,0,0,0,69,0,70,0,71,0,69,0,62,0,65,0,66,0,60,0,64,0,67,0,65,0,68,0,70,0,65,0,0,0,0,0,0,0,0,0,0,,Kretschy_Moritz,0,0,0,0,(),0,0,0.0,0,0,0.0,0,0,0,0,0,0,0,0,0,0,0,0,0,0,0,0
7578,Brown,Jim,Brown J.,119,1801,0,0,0,,20001002,0.0,0.0,0,3.0,0.0,0.0,0,0,3,0,0,0,180,68,0,0,0,70,0,56,0,58,0,69,0,67,0,62,0,63,0,70,0,69,0,62,0,62,0,64,0,60,0,67,0,0,0,0,0,0,0,0,0,0,,Brown_Jim,0,0,0,0,(),0,0,0.0,0,0,0.0,0,0,0,0,0,0,0,0,0,0,0,0,0,0,0,0
7580,Macleod,Euan,Macleod E.,119,1801,0,0,0,,20020729,0.0,0.0,0,1.5,0.0,0.0,0,0,3,0,0,0,163,49,0,0,0,58,0,63,0,64,0,67,0,54,0,55,0,55,0,54,0,64,0,53,0,56,0,53,0,65,0,71,0,0,0,0,0,0,0,0,0,0,,Macleod_Euan,0,0,0,0,(),0,0,0.0,0,0,0.0,0,0,0,0,0,0,0,0,0,0,0,0,0,0,0,0
7583,Hammerschmid,Marvin,Hammerschmid M.,119,3701,0,0,0,,19960105,0.0,0.0,0,2.0,0.0,0.0,0,0,3,0,0,0,171,62,0,0,0,63,0,60,0,62,0,68,0,58,0,56,0,56,0,59,0,57,0,60,0,60,0,62,0,63,0,65,0,0,0,0,0,0,0,0,0,0,,Hammerschmid_Marvin,0,0,0,0,(),0,0,0.0,0,0,0.0,0,0,0,0,0,0,0,0,0,0,0,0,0,0,0,0
7590,Islami,Besnik,Islami B.,119,201,0,0,0,,20020917,0.0,0.0,0,1.0,0.0,0.0,0,0,3,0,0,0,0,0,0,0,0,57,0,54,0,56,0,64,0,52,0,60,0,57,0,59,0,54,0,53,0,53,0,56,0,57,0,67,0,0,0,0,0,0,0,0,0,0,,Islami_Besnik,0,0,0,0,(),0,0,0.0,0,0,0.0,0,0,0,0,0,0,0,0,0,0,0,0,0,0,0,0
7594,Bilyi,Maksym,Bilyi M.,119,3801,0,0,0,,20010116,0.0,0.0,0,2.0,0.0,0.0,0,0,3,0,0,0,165,56,0,0,0,62,0,66,0,66,0,67,0,55,0,53,0,53,0,57,0,54,0,56,0,57,0,61,0,65,0,70,0,0,0,0,0,0,0,0,0,0,,Bilyi_Maksym,0,0,0,0,(),0,0,0.0,0,0,0.0,0,0,0,0,0,0,0,1,0,0,0,0,0,0,0,0
7595,Puwlak,Tobiasz,Puwlak T.,163,3001,0,0,0,,19951124,0.0,0.0,0,2.0,0.0,0.0,0,0,3,0,0,0,189,79,0,0,0,70,0,56,0,59,0,67,0,64,0,63,0,67,0,71,0,70,0,64,0,65,0,65,0,64,0,68,0,0,0,0,0,0,0,0,0,0,,Pawlak_Tobiasz,0,0,0,0,(),0,0,0.0,0,0,0.0,0,0,0,0,0,0,0,0,0,0,0,0,0,0,0,0
7596,Prokopyszyn,Filip,Prokopyszyn F.,119,3001,0,0,0,,20000810,0.0,0.0,0,2.5,0.0,0.0,0,0,3,0,0,0,180,68,0,0,0,67,0,58,0,60,0,66,0,63,0,57,0,58,0,69,0,69,0,60,0,61,0,60,0,63,0,69,0,0,0,0,0,0,0,0,0,0,,Prokopyszyn_Filip,0,0,0,0,(),0,0,0.0,0,0,0.0,0,0,0,0,0,0,0,0,0,0,0,0,0,0,0,0
7599,Braet,Vito,Braet V.,9,402,0,0,0,vbraet,20001102,0.0,0.0,0,4.0,0.0,0.0,0,0,3,0,0,0,184,70,0,0,0,71,0,60,0,69,0,68,0,72,0,65,0,65,0,75,0,74,0,69,0,72,0,67,0,75,0,71,0,0,0,0,0,0,0,0,0,0,,Braet_Vito,0,0,0,0,(),0,0,0.0,0,0,0.0,0,0,0,0,0,0,2022,0,1,0,1,0,3,1,2,1
7600,De Lie,Arnaud,De Lie A.,9,401,0,0,0,adelie,20020316,0.0,0.0,0,5.5,0.0,0.0,0,0,3,0,0,0,182,77,0,0,0,75,0,59,0,65,0,80,0,76,0,64,0,67,0,78,0,76,0,74,0,79,0,68,0,75,0,62,0,0,2,4,0,0,0,0,2,0,,De-Lie_Arnaud,0,0,0,0,"(405,4,11)",0,0,0.0,0,0,0.0,0,0,0,0,0,0,2022,33,2,0,0,1,0,1,0,0
7601,Debruyne,Ramses,Debruyne R.,37,402,0,0,0,rdebruyne,20020831,0.0,0.0,0,3.5,0.0,0.0,0,0,3,0,0,0,179,66,0,0,0,70,0,72,0,72,0,67,0,64,0,64,0,67,0,65,0,65,0,69,0,67,0,69,0,73,0,70,0,0,0,0,0,0,0,0,0,0,,Debruyne_Ramses,0,0,0,0,(),0,0,0.0,0,0,0.0,0,0,0,0,0,0,0,0,0,0,1,0,0,0,1,1
7602,Fretin,Milan,Fretin M.,34,402,0,0,0,mfretin,20010319,0.0,0.0,0,4.5,0.0,0.0,0,0,3,0,0,0,182,70,0,0,0,72,0,57,0,63,0,70,0,71,0,63,0,66,0,77,0,78,0,72,0,73,0,67,0,70,0,62,0,0,0,0,0,0,0,0,0,0,,Fretin_Milan,0,0,0,0,(),0,0,0.0,0,0,0.0,0,0,0,0,0,0,2022,5,0,1,0,0,0,2,0,0
7603,Slock,Liam,Slock L.,9,402,0,0,0,lslock,20000918,0.0,0.0,0,3.5,0.0,0.0,0,0,3,0,0,0,188,73,0,0,0,72,0,60,0,65,0,70,0,71,0,63,0,63,0,62,0,65,0,69,0,69,0,62,0,70,0,74,0,0,0,0,0,0,0,0,0,0,,Slock_Liam,0,0,0,0,(),0,0,0.0,0,0,0.0,0,0,0,0,0,0,2023,0,0,0,1,0,1,2,1,0
7604,Van Boven,Luca,Van Boven L.,9,402,0,0,0,lvanboven,20000106,0.0,0.0,0,3.5,0.0,0.0,0,0,3,0,0,0,179,68,0,0,0,72,0,62,0,66,0,71,0,70,0,63,0,64,0,69,0,70,0,69,0,69,0,65,0,74,0,71,0,0,0,0,0,0,0,0,0,0,,Van-Boven_Luca,0,0,0,0,(),0,0,0.0,0,0,0.0,0,0,0,0,0,0,2023,0,0,0,1,1,2,0,2,0
7605,Van der Beken,Aaron,Van der Beken A.,119,402,0,0,0,avanderbeken,20001113,0.0,0.0,0,4.0,0.0,0.0,0,0,3,0,0,0,185,66,0,0,0,64,0,66,0,68,0,65,0,60,0,57,0,57,0,60,0,66,0,64,0,63,0,68,0,68,0,65,0,0,0,0,0,0,0,0,0,0,,Van-Der-Beken_Aaron,0,0,0,0,(),0,0,0.0,0,0,0.0,0,0,0,0,0,0,2023,0,0,0,0,0,1,1,1,0
7608,Chaussinand,Joris,Chaussinand J.,126,322,0,0,0,jchaussinand,20020226,0.0,0.0,0,3.0,0.0,0.0,0,0,3,0,0,0,0,0,0,0,0,65,0,67,0,67,0,71,0,59,0,57,0,57,0,58,0,62,0,63,0,61,0,65,0,65,0,64,0,0,0,0,0,0,0,0,0,0,,Chaussinand_Joris,0,0,0,0,(),0,0,0.0,0,0,0.0,0,0,0,0,0,0,0,0,0,0,0,0,0,0,0,0
7609,Labrosse,Jordan,Labrosse J.,3,322,0,0,0,jlabrosse,20020915,0.0,0.0,0,4.0,0.0,0.0,0,0,3,0,0,0,178,65,0,0,0,73,0,61,0,66,0,75,0,71,0,68,0,72,0,67,0,68,0,68,0,70,0,65,0,75,0,72,0,0,0,0,0,0,0,0,0,0,,Labrosse_Jordan,0,0,0,0,(92),0,0,0.0,0,0,0.0,0,0,0,0,0,0,0,0,0,0,1,0,0,1,1,0
7611,Lawton,Henry,Lawton H.,119,1801,0,0,0,,20010118,0.0,0.0,0,2.0,0.0,0.0,0,0,3,0,0,0,0,0,0,0,0,61,0,61,0,62,0,69,0,55,0,58,0,57,0,52,0,59,0,57,0,56,0,60,0,62,0,70,0,0,0,0,0,0,0,0,0,0,,Lawton_Henry,0,0,0,0,(),0,0,0.0,0,0,0.0,0,0,0,0,0,0,0,0,0,0,0,0,0,0,0,0
7612,Blouwe,Louis,Blouwe L.,119,402,0,0,0,lblouwe,19991119,0.0,0.0,0,3.5,0.0,0.0,0,0,3,0,0,0,182,71,0,0,0,70,0,61,0,66,0,68,0,68,0,60,0,63,0,69,0,71,0,66,0,68,0,66,0,71,0,60,0,0,0,0,0,0,0,0,0,0,,Blouwe_Louis,0,0,0,0,(),0,0,0.0,0,0,0.0,0,0,0,0,0,0,2022,0,0,0,0,0,0,1,0,0
7615,Fastres,Noah,Fastres N.,119,401,0,0,0,,20020216,0.0,0.0,0,1.5,0.0,0.0,0,0,3,0,0,0,0,0,0,0,0,64,0,55,0,58,0,68,0,62,0,59,0,56,0,60,0,58,0,56,0,55,0,57,0,60,0,72,0,0,0,0,0,0,0,0,0,0,,Fastres_Noah,0,0,0,0,(),0,0,0.0,0,0,0.0,0,0,0,0,0,0,0,0,0,0,0,0,0,0,0,0
7616,Gelders,Gil,Gelders G.,10,402,0,0,0,ggelders,20021216,0.0,0.0,0,4.5,0.0,0.0,0,0,3,0,0,0,179,66,0,0,0,73,0,64,0,67,0,69,0,71,0,66,0,63,0,62,0,65,0,68,0,69,0,67,0,69,0,74,0,0,0,0,0,0,0,0,0,0,,Gelders_Gil,0,0,0,0,"(173,11)",0,0,0.0,0,0,0.0,0,0,0,0,0,0,0,0,0,0,0,0,0,0,2,1
7617,Boniface,Lucas,Boniface L.,119,312,0,0,0,lboniface,20001024,0.0,0.0,0,2.5,0.0,0.0,0,0,3,0,0,0,189,0,0,0,0,66,0,55,0,58,0,70,0,65,0,63,0,64,0,64,0,65,0,60,0,62,0,60,0,63,0,59,0,0,0,0,0,0,0,0,0,0,,Boniface_Lucas,0,0,0,0,(),0,0,0.0,0,0,0.0,0,0,0,0,0,0,0,0,0,0,0,0,0,1,0,0
7619,Dujardin,Sandy,Dujardin S.,25,322,0,0,0,sdujardin,19970529,0.0,0.0,0,4.0,0.0,0.0,0,0,3,0,0,0,178,0,0,0,0,72,0,63,0,69,0,74,0,72,0,63,0,66,0,74,0,75,0,71,0,73,0,68,0,75,0,65,0,0,0,0,0,0,0,0,0,0,,Dujardin_Sandy,0,0,0,0,"(77,290,92)",0,0,0.0,0,0,0.0,0,0,0,0,0,0,2022,2,1,0,0,1,2,2,0,0
7621,Marais,Benjamin,Marais B.,119,318,0,0,0,,20020911,0.0,0.0,0,2.0,0.0,0.0,0,0,3,0,0,0,0,0,0,0,0,65,0,56,0,60,0,65,0,57,0,63,0,62,0,57,0,60,0,61,0,60,0,57,0,65,0,59,0,0,0,0,0,0,0,0,0,0,,Marais_Benjamin,0,0,0,0,(),0,0,0.0,0,0,0.0,0,0,0,0,0,0,0,0,0,0,0,0,0,0,0,0
7622,Marcerou,Nicola,Marcerou N.,25,311,0,0,0,nmarcerou,20020923,0.0,0.0,0,2.5,0.0,0.0,0,0,3,0,0,0,175,0,0,0,0,68,0,57,0,59,0,65,0,66,0,59,0,59,0,66,0,68,0,62,0,62,0,61,0,63,0,58,0,0,0,0,0,0,0,0,0,0,,Marcerou_Nicola,0,0,0,0,(),0,0,0.0,0,0,0.0,0,0,0,0,0,0,0,0,0,0,0,0,0,0,0,0
7624,Vadic,Baptiste,Vadic B.,25,312,0,0,0,bvadic,20020415,0.0,0.0,0,3.0,0.0,0.0,0,0,3,0,0,0,0,0,0,0,0,68,0,58,0,64,0,71,0,66,0,58,0,67,0,63,0,67,0,64,0,64,0,60,0,67,0,67,0,0,0,0,0,0,0,0,0,0,,Vadic_Baptiste,0,0,0,0,(),0,0,0.0,0,0,0.0,0,0,0,0,0,0,0,0,0,0,0,0,0,0,1,0
7626,Vernon,Ethan,Vernon E.,42,1801,0,0,0,evernon,20000826,0.0,0.0,0,5.0,0.0,0.0,0,0,3,0,0,0,188,74,0,0,0,74,0,64,0,69,0,71,0,70,0,73,0,79,0,77,0,77,0,71,0,73,0,66,0,73,0,60,0,0,0,0,0,0,0,0,0,0,,Vernon_Ethan,0,0,0,0,(),0,0,0.0,0,0,0.0,0,0,0,0,0,0,2022,12,0,1,1,1,0,0,0,0
7627,Svrček,Martin,Svrček M.,10,2701,0,0,0,msvrcek,20030217,0.0,0.0,0,4.5,0.0,0.0,0,0,3,0,0,0,175,66,0,0,0,69,0,65,0,66,0,67,0,63,0,62,0,62,0,63,0,66,0,65,0,65,0,60,0,69,0,65,0,0,0,0,0,0,0,0,0,0,,Svrcek_Martin,0,0,0,0,(4),0,0,0.0,0,0,0.0,0,0,0,0,0,0,2022,0,0,0,0,1,0,0,0,0
7629,Uijtdebroeks,Cian,Uijtdebroeks C.,1,402,0,0,0,cuijtdebroeks,20030228,0.0,0.0,0,5.0,0.0,0.0,0,0,3,0,0,0,183,65,0,0,0,69,0,78,0,78,0,72,0,61,0,68,0,65,0,57,0,67,0,75,0,72,0,73,0,75,0,67,0,0,4,1,0,0,0,0,0,0,,Uijtdebroeks_Cian,0,0,0,0,(),0,0,0.0,0,0,0.0,0,0,0,0,0,0,2022,2,0,1,2,0,0,0,0,1
7630,Baroncini,Filippo,Baroncini F.,16,204,0,0,0,fbaroncini,20000826,0.0,0.0,0,4.0,0.0,0.0,0,0,3,0,0,0,188,74,0,0,0,74,0,63,0,69,0,72,0,73,0,75,0,76,0,67,0,71,0,71,0,71,0,71,0,74,0,68,0,0,3,2,0,0,0,0,0,0,,Baroncini_Filippo,0,0,0,0,(),0,0,0.0,0,0,0.0,0,0,0,0,0,0,2022,2,0,1,1,0,0,0,0,0
7631,Brustenga,Marc,Brustenga M.,70,809,0,0,0,mbrustenga,19990904,0.0,0.0,0,3.5,0.0,0.0,0,0,3,0,0,0,190,80,0,0,0,71,0,57,0,62,0,72,0,68,0,64,0,65,0,72,0,70,0,65,0,67,0,64,0,69,0,71,0,0,0,0,0,0,0,0,0,0,,Brustenga_Marc,0,0,0,0,(),0,0,0.0,0,0,0.0,0,0,0,0,0,0,2022,0,0,0,0,0,0,0,1,0
7632,Hellemose,Asbjørn,Hellemose A.,20,1002,0,0,0,ahellemose,19990115,0.0,0.0,0,3.5,0.0,0.0,0,0,3,0,0,0,192,66,0,0,0,68,0,70,0,70,0,69,0,63,0,66,0,65,0,58,0,62,0,68,0,65,0,66,0,68,0,74,0,0,0,0,0,0,0,0,0,0,,Hellemose_Asbjorn,0,0,0,0,(),0,0,0.0,0,0,0.0,0,0,0,0,0,0,2022,0,0,0,0,0,0,0,0,2
7633,Welsford,Sam,Welsford S.,2,2001,0,0,0,swelsford,19960119,0.0,0.0,0,5.0,0.0,0.0,0,0,3,0,0,0,182,79,0,0,0,71,0,55,0,59,0,71,0,70,0,66,0,71,0,78,0,76,0,68,0,69,0,64,0,64,0,70,0,0,2,2,0,0,0,0,0,0,,Welsford_Sam,0,0,0,0,(4),0,0,0.0,0,0,0.0,0,0,0,0,0,0,2022,12,1,0,0,0,0,2,0,0
7634,Peña,Jesús David,Peña J.D.,119,1101,0,0,0,jdpena,20000508,0.0,0.0,0,3.0,0.0,0.0,0,0,3,0,0,0,170,56,0,0,0,65,0,74,0,75,0,68,0,54,0,62,0,63,0,56,0,67,0,68,0,67,0,67,0,73,0,63,0,0,0,0,0,0,0,0,0,0,,Pena_Jesus-David,0,0,0,0,(),0,0,0.0,0,0,0.0,0,0,0,0,0,0,2022,1,0,0,0,0,0,0,0,1
7635,O'Brien,Kelland,O'Brien K.,20,2001,0,0,0,kobrien,19980522,0.0,0.0,0,4.0,0.0,0.0,0,0,3,0,0,0,192,79,0,0,0,73,0,62,0,68,0,68,0,71,0,71,0,72,0,65,0,61,0,68,0,69,0,65,0,72,0,72,0,0,0,0,0,0,0,0,0,0,,Obrien_Kelland,0,0,0,0,(),0,0,0.0,0,0,0.0,0,0,0,0,0,0,2021,0,0,0,2,0,4,2,0,0
7636,Turner,Ben,Turner B.,2,1801,0,0,0,bturner,19990528,0.0,0.0,0,5.5,0.0,0.0,0,0,3,0,0,0,194,74,0,0,0,77,0,63,0,68,0,77,0,76,0,70,0,73,0,75,0,73,0,72,0,75,0,68,0,74,0,69,0,0,3,3,0,0,0,0,0,0,,Turner_Ben,0,0,0,0,(),0,0,0.0,0,0,0.0,0,0,0,0,0,0,2022,3,2,1,2,1,4,3,0,2
7637,Plapp,Luke,Plapp L.,20,2001,0,0,0,lplapp,20001225,0.0,0.0,0,5.5,0.0,0.0,0,0,3,0,0,0,181,72,0,0,0,76,0,73,0,77,0,72,0,64,0,77,0,75,0,60,0,66,0,73,0,72,0,71,0,77,0,62,0,0,2,3,0,0,0,0,67,0,,Plapp_Luke,0,0,0,0,(),0,0,0.0,0,0,0.0,0,0,0,0,0,0,2022,8,1,2,1,1,0,0,0,0
7638,Zambanini,Edoardo,Zambanini E.,13,205,0,0,0,ezambanini,20010421,0.0,0.0,0,4.5,0.0,0.0,0,0,3,0,0,0,180,62,0,0,0,70,0,69,0,73,0,72,0,67,0,64,0,66,0,72,0,76,0,72,0,74,0,74,0,76,0,68,0,0,2,3,0,0,0,0,0,0,,Zambanini_Edoardo,0,0,0,0,"(135,325,172)",0,0,0.0,0,0,0.0,0,0,0,0,0,0,2022,0,0,3,1,1,0,0,1,4
7639,Vader,Milan,Vader M.,97,511,0,0,0,mvader,19960218,0.0,0.0,0,4.0,0.0,0.0,0,0,3,0,0,0,173,63,0,0,0,65,0,70,0,72,0,78,0,65,0,59,0,63,0,57,0,70,0,66,0,68,0,66,0,73,0,55,0,0,0,0,0,0,0,0,0,0,,Vader_Milan,0,0,0,0,(),0,0,0.0,0,0,0.0,0,0,0,0,0,0,2022,2,0,1,0,1,0,0,2,1
7640,Merchan,Didier,Merchan D.,119,1101,0,0,0,,19990726,0.0,0.0,0,4.0,0.0,0.0,0,0,3,0,0,0,167,57,0,0,0,64,0,69,0,68,0,66,0,58,0,57,0,57,0,56,0,65,0,62,0,62,0,66,0,67,0,68,0,0,0,0,0,0,0,0,0,0,,Merchan_Didier,0,0,0,0,(),0,0,0.0,0,0,0.0,0,0,0,0,0,0,2022,0,0,0,0,1,0,0,0,0
7641,Holther,Trym,Holther T.,119,3501,0,0,0,,20030709,0.0,0.0,0,3.0,0.0,0.0,0,0,3,0,0,0,182,68,0,0,0,65,0,57,0,61,0,66,0,63,0,63,0,63,0,58,0,56,0,55,0,56,0,56,0,65,0,60,0,0,0,0,0,0,0,0,0,0,,Holther_Trym,0,0,0,0,(),0,0,0.0,0,0,0.0,0,0,0,0,0,0,2022,0,0,0,0,0,0,0,0,0
7643,Rojas,Brandon,Rojas B.,119,1101,0,0,0,,20020702,0.0,0.0,0,3.5,0.0,0.0,0,0,3,0,0,0,178,64,0,0,0,60,0,65,0,65,0,69,0,56,0,54,0,56,0,56,0,62,0,60,0,58,0,60,0,65,0,62,0,0,0,0,0,0,0,0,0,0,,Rojas_Brandon,0,0,0,0,(),0,0,0.0,0,0,0.0,0,0,0,0,0,0,2022,0,0,0,0,0,0,0,0,0
7645,Leitão,Iúri,Leitão I.,35,2901,0,0,0,ileitao,19980703,0.0,0.0,0,4.0,0.0,0.0,0,0,3,0,0,0,175,65,0,0,0,72,0,58,0,62,0,69,0,64,0,64,0,66,0,73,0,74,0,67,0,69,0,68,0,70,0,60,0,0,0,0,0,0,0,0,0,0,,Leitao_Iuri,0,0,0,0,(),0,0,0.0,0,0,0.0,0,0,0,0,0,0,2022,5,0,0,0,0,0,0,0,0
7646,Johnston,Calum,Johnston C.,119,1801,0,0,0,cjohnston,19981101,0.0,0.0,0,2.5,0.0,0.0,0,0,3,0,0,0,173,55,0,0,0,65,0,68,0,67,0,68,0,58,0,56,0,57,0,58,0,60,0,64,0,63,0,65,0,67,0,69,0,0,0,0,0,0,0,0,0,0,,Johnston_Calum,0,0,0,0,(),0,0,0.0,0,0,0.0,0,0,0,0,0,0,2022,0,0,0,0,0,0,0,0,0
7647,Pira,Yesid,Pira Y.,119,1101,0,0,0,ypira,19990628,0.0,0.0,0,3.0,0.0,0.0,0,0,3,0,0,0,172,59,0,0,0,61,0,64,0,63,0,69,0,54,0,57,0,58,0,56,0,62,0,62,0,61,0,63,0,62,0,68,0,0,0,0,0,0,0,0,0,0,,Pira_Yesid,0,0,0,0,(),0,0,0.0,0,0,0.0,0,0,0,0,0,0,2022,0,0,0,0,0,0,0,0,0
7648,Meens,Johan,Meens J.,119,401,0,0,0,jmeens,19990707,0.0,0.0,0,3.0,0.0,0.0,0,0,3,0,0,0,174,62,0,0,0,67,0,65,0,70,0,67,0,61,0,60,0,60,0,67,0,68,0,66,0,66,0,64,0,71,0,72,0,0,0,0,0,0,0,0,0,0,,Meens_Johan,0,0,0,0,(),0,0,0.0,0,0,0.0,0,0,0,0,0,0,2022,0,0,0,0,0,1,0,4,0
7649,Lauk,Karl Patrick,Lauk K.P.,119,1201,0,0,0,kplauk,19970109,0.0,0.0,0,2.5,0.0,0.0,0,0,3,0,0,0,173,69,0,0,0,71,0,57,0,62,0,65,0,66,0,58,0,60,0,72,0,71,0,67,0,68,0,63,0,67,0,62,0,0,0,0,0,0,0,0,2,0,,Lauk_Karl-Patrick,0,0,0,0,(),0,0,0.0,0,0,0.0,0,0,0,0,0,0,2022,6,0,0,0,0,1,2,0,0
7650,Sánchez,Eugenio,Sánchez E.,119,807,0,0,0,esanchez,19990310,0.0,0.0,0,3.0,0.0,0.0,0,0,3,0,0,0,179,60,0,0,0,61,0,63,0,65,0,70,0,57,0,59,0,60,0,59,0,61,0,62,0,62,0,63,0,66,0,63,0,0,0,0,0,0,0,0,0,0,,Sanchez_Eugenio,0,0,0,0,(),0,0,0.0,0,0,0.0,0,0,0,0,0,0,2022,0,0,0,0,0,0,0,1,0
7651,Arrieta,Igor,Arrieta I.,16,815,0,0,0,iarrieta,20021208,0.0,0.0,0,5.0,0.0,0.0,0,0,3,0,0,0,182,64,0,0,0,71,0,73,0,75,0,75,0,62,0,67,0,67,0,65,0,70,0,73,0,72,0,69,0,75,0,72,0,0,2,1,0,0,0,0,0,0,,Arrieta_Igor,0,0,0,0,(),0,0,0.0,0,0,0.0,0,0,0,0,0,0,2022,1,0,1,0,0,0,0,0,0
7652,Cobo,Iván,Cobo I.,70,806,0,0,0,icobo,20000102,0.0,0.0,0,3.5,0.0,0.0,0,0,3,0,0,0,186,63,0,0,0,68,0,68,0,70,0,69,0,60,0,61,0,62,0,62,0,68,0,67,0,69,0,65,0,73,0,74,0,0,0,0,0,0,0,0,0,0,,Cobo_Ivan,0,0,0,0,(),0,0,0.0,0,0,0.0,0,0,0,0,0,0,2022,0,0,0,0,0,0,0,1,0
7653,Miquel,Pau,Miquel P.,13,809,0,0,0,pmiquel,20000820,0.0,0.0,0,4.5,0.0,0.0,0,0,3,0,0,0,180,65,0,0,0,73,0,65,0,70,0,71,0,71,0,64,0,64,0,72,0,73,0,70,0,72,0,67,0,75,0,65,0,0,0,0,0,0,0,0,0,0,,Miquel_Pau,0,0,0,0,(),0,0,0.0,0,0,0.0,0,0,0,0,0,0,2022,0,0,0,2,0,0,0,2,0
7654,Isasa,Xabier,Isasa X.,100,816,0,0,0,xisasa,20010824,0.0,0.0,0,3.0,0.0,0.0,0,0,3,0,0,0,185,0,0,0,0,68,0,63,0,67,0,77,0,65,0,64,0,63,0,66,0,68,0,65,0,63,0,70,0,70,0,73,0,0,0,0,0,0,0,0,0,0,,Isasa_Xabier,0,0,0,0,(),0,0,0.0,0,0,0.0,0,0,0,0,0,0,2022,0,0,0,1,0,0,0,0,0
7655,Etxeberria,Asier,Etxeberria A.,119,815,0,0,0,aetxeberria,19980719,0.0,0.0,0,3.0,0.0,0.0,0,0,3,0,0,0,0,0,0,0,0,66,0,68,0,69,0,67,0,56,0,64,0,64,0,55,0,60,0,65,0,64,0,66,0,69,0,77,0,0,0,0,0,0,0,0,0,0,,Etxeberria_Asier,0,0,0,0,(),0,0,0.0,0,0,0.0,0,0,0,0,0,0,2022,0,0,0,0,0,0,0,0,0
7656,Iribar,Unai,Iribar U.,70,816,0,0,0,uiribar,19990612,0.0,0.0,0,3.5,0.0,0.0,0,0,3,0,0,0,183,64,0,0,0,67,0,68,0,70,0,71,0,63,0,64,0,63,0,60,0,63,0,68,0,68,0,67,0,73,0,68,0,0,0,0,0,0,0,0,0,0,,Iribar_Unai,0,0,0,0,(),0,0,0.0,0,0,0.0,0,0,0,0,0,0,2022,0,0,0,1,0,0,0,0,0
7657,Vauquelin,Kévin,Vauquelin K.,2,316,0,0,0,kvauquelin,20010426,0.0,0.0,0,5.0,0.0,0.0,0,0,3,0,0,0,176,69,0,0,0,74,0,76,0,79,0,70,0,69,0,78,0,77,0,65,0,75,0,75,0,76,0,77,0,80,0,66,0,0,5,3,0,0,0,0,0,0,,Vauquelin_Kevin,0,0,0,0,(),0,0,0.0,0,0,0.0,0,0,0,0,0,0,2022,10,2,0,1,1,0,0,2,2
7658,Verre,Alessandro,Verre A.,103,216,0,0,0,averre,20011117,0.0,0.0,0,3.5,0.0,0.0,0,0,3,0,0,0,170,58,0,0,0,65,0,72,0,72,0,74,0,61,0,63,0,64,0,57,0,64,0,69,0,65,0,70,0,71,0,76,0,0,0,0,0,0,0,0,0,0,,Verre_Alessandro,0,0,0,0,(),0,0,0.0,0,0,0.0,0,0,0,0,0,0,2022,0,0,3,1,2,0,0,0,2
7659,Johannessen,Tobias,Johannessen T.,99,3501,0,0,0,tjohannessen,19990823,0.0,0.0,0,5.0,0.0,0.0,0,0,3,0,0,0,176,62,0,0,0,72,0,79,0,79,0,76,0,69,0,70,0,69,0,69,0,74,0,75,0,74,0,76,0,77,0,72,0,0,5,3,0,0,0,0,0,0,,Johannessen_Tobias,0,0,0,0,(),0,0,0.0,0,0,0.0,0,0,0,0,0,0,2022,4,3,0,0,1,1,0,3,1
7660,Johannessen,Anders,Johannessen A.,99,3501,0,0,0,ajohannessen,19990823,0.0,0.0,0,3.0,0.0,0.0,0,0,3,0,0,0,176,0,0,0,0,68,0,73,0,74,0,76,0,64,0,60,0,61,0,60,0,68,0,71,0,69,0,71,0,72,0,72,0,0,3,2,0,0,0,0,0,0,,Johannessen_Anders,0,0,0,0,(),0,0,0.0,0,0,0.0,0,0,0,0,0,0,2022,1,1,0,0,1,0,0,3,1
7661,Bonneu,Kamiel,Bonneu K.,93,402,0,0,0,kbonneu,19990801,0.0,0.0,0,4.0,0.0,0.0,0,0,3,0,0,0,178,62,0,0,0,70,0,72,0,74,0,70,0,62,0,56,0,57,0,57,0,71,0,69,0,69,0,66,0,73,0,63,0,0,0,0,0,0,0,0,0,0,,Bonneu_Kamiel,0,0,0,0,(),0,0,0.0,0,0,0.0,0,0,0,0,0,0,2022,3,0,0,1,0,0,0,4,0
7662,Berckmoes,Jenno,Berckmoes J.,9,402,0,0,0,jberckmoes,20010204,0.0,0.0,0,4.5,0.0,0.0,0,0,3,0,0,0,177,61,0,0,0,74,0,68,0,73,0,73,0,74,0,69,0,70,0,69,0,72,0,72,0,74,0,75,0,76,0,69,0,0,2,4,0,0,0,0,0,0,,Berckmoes_Jenno,0,0,0,0,(),0,0,0.0,0,0,0.0,0,0,0,0,0,0,2022,3,1,0,0,1,3,0,2,0
7663,Dens,Tuur,Dens T.,69,402,0,0,0,tdens,20000626,0.0,0.0,0,2.0,0.0,0.0,0,0,3,0,0,0,184,81,0,0,0,66,0,55,0,57,0,69,0,66,0,63,0,63,0,64,0,62,0,60,0,60,0,60,0,62,0,68,0,0,0,0,0,0,0,0,0,0,,Dens_Tuur,0,0,0,0,(),0,0,0.0,0,0,0.0,0,0,0,0,0,0,2022,0,0,0,0,0,0,0,0,0
7664,Martin,Alex,Martin A.,119,809,0,0,0,amartin,20000125,0.0,0.0,0,4.0,0.0,0.0,0,0,3,0,0,0,174,60,0,0,0,66,0,71,0,72,0,72,0,60,0,61,0,61,0,58,0,64,0,67,0,66,0,69,0,71,0,62,0,0,0,0,0,0,0,0,0,0,,Martin_Alex,0,0,0,0,(),0,0,0.0,0,0,0.0,0,0,0,0,0,0,2022,0,0,0,0,0,0,0,0,0
7668,Kopecký,Matyáš,Kopecký M.,107,3301,0,0,0,mkopecky,20030119,0.0,0.0,0,4.5,0.0,0.0,0,0,3,0,0,0,0,0,0,0,0,73,0,59,0,65,0,73,0,73,0,62,0,63,0,73,0,73,0,70,0,72,0,68,0,74,0,60,0,0,0,0,0,0,0,0,0,0,,Kopecky_Matyas,0,0,0,0,(),0,0,0.0,0,0,0.0,0,0,0,0,0,0,0,0,0,0,0,0,0,0,0,0
7669,Ridolfo,Filippo,Ridolfo F.,123,207,0,0,0,fridolfo,20011108,0.0,0.0,0,3.0,0.0,0.0,0,0,3,0,0,0,187,0,0,0,0,68,0,60,0,62,0,68,0,60,0,58,0,59,0,63,0,55,0,64,0,63,0,63,0,66,0,65,0,0,0,0,0,0,0,0,0,0,,Ridolfo_Filippo,0,0,0,0,(),0,0,0.0,0,0,0.0,0,0,0,0,0,0,0,0,0,0,0,0,0,0,0,0
7670,Graat,Tijmen,Graat T.,14,501,0,0,0,tgraat,20030110,0.0,0.0,0,5.0,0.0,0.0,0,0,3,0,0,0,176,0,0,0,0,69,0,73,0,73,0,69,0,64,0,64,0,66,0,63,0,68,0,68,0,66,0,69,0,71,0,68,0,0,0,0,0,0,0,0,0,0,,Graat_Tijmen,0,0,0,0,(),0,0,0.0,0,0,0.0,0,0,0,0,0,0,0,0,0,0,0,0,0,0,1,1
7671,Hagenes,Per Strand,Hagenes P.S.,14,3501,0,0,0,pshagenes,20030710,0.0,0.0,0,5.0,0.0,0.0,0,0,3,0,0,0,185,75,0,0,0,76,0,60,0,67,0,71,0,75,0,69,83,66,0,66,74,72,0,72,0,74,0,70,0,73,0,70,0,0,1,3,0,0,0,0,0,0,,Hagenes_Per-Strand,0,0,0,0,(),0,0,0.0,0,0,0.0,0,0,0,0,0,0,0,3,0,0,0,0,2,2,0,0
7672,Kramer,Jesse,Kramer J.,158,501,0,0,0,jkramer,20031019,0.0,0.0,0,4.0,0.0,0.0,0,0,3,0,0,0,190,74,0,0,0,70,0,61,0,65,0,70,0,69,0,64,0,64,0,67,0,68,0,65,0,65,0,65,0,69,0,62,0,0,0,0,0,0,0,0,0,0,,Kramer_Jesse,0,0,0,0,(),0,0,0.0,0,0,0.0,0,0,0,0,0,0,0,0,0,0,0,0,0,0,0,0
7673,Simmons,Colby,Simmons C.,5,601,0,0,0,csimmons,20031016,0.0,0.0,0,4.0,0.0,0.0,0,0,3,0,0,0,185,68,0,0,0,68,0,57,0,62,0,69,0,65,0,58,0,61,0,70,0,70,0,61,0,62,0,62,0,66,0,69,0,0,0,0,0,0,0,0,0,0,,Simmons_Colby,0,0,0,0,(),0,0,0.0,0,0,0.0,0,0,0,0,0,0,0,0,0,0,0,0,1,1,0,0
7674,Berhe,Hagos Welay,Berhe H.W.,119,7401,0,0,0,hwberhe,20011022,0.0,0.0,0,3.5,0.0,0.0,0,0,3,0,0,0,170,58,0,0,0,65,0,72,0,74,0,67,0,59,0,60,0,60,0,66,0,72,0,67,0,68,0,66,0,73,0,65,0,0,0,0,0,0,0,0,0,0,,Berhe_Hagos-Welay,0,0,0,0,(),0,0,0.0,0,0,0.0,0,0,0,0,0,0,2023,0,0,0,2,0,0,0,0,0
7676,Brennsæter,Trym,Brennsæter T.,119,3501,0,0,0,tbrennsæter,20030526,0.0,0.0,0,3.5,0.0,0.0,0,0,3,0,0,0,183,66,0,0,0,66,0,61,0,63,0,67,0,64,0,64,0,65,0,58,0,60,0,64,0,62,0,61,0,67,0,66,0,0,0,0,0,0,0,0,0,0,,Brennsaeter_Trym,0,0,0,0,(),0,0,0.0,0,0,0.0,0,0,0,0,0,0,0,0,0,0,0,0,0,0,0,0
7677,Christen,Fabio,Christen F.,97,1701,0,0,0,fchristen,20020629,0.0,0.0,0,4.5,0.0,0.0,0,0,3,0,0,0,184,0,0,0,0,74,0,64,0,71,0,70,0,71,0,65,0,65,0,70,0,73,0,73,0,75,0,71,0,76,0,59,0,0,0,0,0,0,0,0,0,0,,Christen_Fabio,0,0,0,0,(),0,0,0.0,0,0,0.0,0,0,0,0,0,0,2023,2,0,0,1,1,2,1,0,0
7679,Jonni,Luca,Jonni L.,113,1701,0,0,0,,20020506,0.0,0.0,0,3.0,0.0,0.0,0,0,3,0,0,0,0,0,0,0,0,62,0,61,0,62,0,67,0,60,0,57,0,58,0,60,0,63,0,57,0,59,0,59,0,63,0,65,0,0,0,0,0,0,0,0,0,0,,Jenni_Luca,0,0,0,0,(),0,0,0.0,0,0,0.0,0,0,0,0,0,0,0,0,0,0,0,0,0,0,0,0
7681,Oda,Hijiri,Oda H.,119,2101,0,0,0,,19981123,0.0,0.0,0,2.5,0.0,0.0,0,0,3,0,0,0,0,0,0,0,0,64,0,62,0,64,0,70,0,62,0,56,0,60,0,60,0,65,0,60,0,59,0,63,0,65,0,56,0,0,0,0,0,0,0,0,0,0,,Oda_Hijiri,0,0,0,0,(),0,0,0.0,0,0,0.0,0,0,0,0,0,0,0,0,0,0,0,0,0,0,0,0
7682,Stehli,Félix,Stehli F.,119,1701,0,0,0,,20001018,0.0,0.0,0,3.0,0.0,0.0,0,0,3,0,0,0,0,0,0,0,0,69,0,60,0,66,0,70,0,68,0,60,0,60,0,68,0,70,0,64,0,64,0,63,0,69,0,61,0,0,0,0,0,0,0,0,0,0,,Stehli_Felix,0,0,0,0,(),0,0,0.0,0,0,0.0,0,0,0,0,0,0,0,0,0,0,0,0,0,0,0,0
7685,Abt,Cedric,Abt C.,119,701,0,0,0,,20030801,0.0,0.0,0,3.5,0.0,0.0,0,0,3,0,0,0,0,0,0,0,0,63,0,55,0,59,0,65,0,60,0,58,0,59,0,62,0,61,0,55,0,58,0,58,0,62,0,73,0,0,0,0,0,0,0,0,0,0,,Abt_Cedric,0,0,0,0,(),0,0,0.0,0,0,0.0,0,0,0,0,0,0,0,0,0,0,0,0,0,0,0,0
7686,Bauer,Dominik,Bauer D.,119,710,0,0,0,,19971204,0.0,0.0,0,3.0,0.0,0.0,0,0,3,0,0,0,180,67,0,0,0,68,0,60,0,63,0,66,0,60,0,60,0,65,0,66,0,68,0,61,0,59,0,60,0,66,0,65,0,0,0,0,0,0,0,0,0,0,,Bauer_Dominik,0,0,0,0,(),0,0,0.0,0,0,0.0,0,0,0,0,0,0,0,0,0,0,0,0,0,0,0,0
7687,Schrag,Daniel,Schrag D.,119,702,0,0,0,,20030403,0.0,0.0,0,3.0,0.0,0.0,0,0,3,0,0,0,0,0,0,0,0,63,0,61,0,63,0,67,0,63,0,56,0,59,0,60,0,62,0,56,0,58,0,58,0,65,0,56,0,0,0,0,0,0,0,0,0,0,,Schrag_Daniel,0,0,0,0,(),0,0,0.0,0,0,0.0,0,0,0,0,0,0,0,0,0,0,0,0,0,0,0,0
7688,Thuiler,Ole,Thuiler O.,152,710,0,0,0,,20021008,0.0,0.0,0,3.5,0.0,0.0,0,0,3,0,0,0,185,70,0,0,0,69,0,64,0,67,0,71,0,66,0,66,0,66,0,59,0,61,0,63,0,65,0,65,0,68,0,74,0,0,0,0,0,0,0,0,0,0,,Theiler_Ole,0,0,0,0,(),0,0,0.0,0,0,0.0,0,0,0,0,0,0,0,0,0,0,0,0,0,0,0,0
7689,Brunkman,Joost,Brunkman J.,116,505,0,0,0,,20030824,0.0,0.0,0,5.0,0.0,0.0,0,0,3,0,0,0,0,0,0,0,0,63,0,60,0,62,0,73,0,63,0,60,0,61,0,62,0,68,0,58,0,60,0,60,0,63,0,68,0,0,0,0,0,0,0,0,0,0,,Brinkman_Joost,0,0,0,0,(),0,0,0.0,0,0,0.0,0,0,0,0,0,0,0,0,0,0,0,0,0,0,0,0
7690,Eddy,Patrick,Eddy P.,119,2001,0,0,0,peddy,20021017,0.0,0.0,0,3.5,0.0,0.0,0,0,3,0,0,0,188,79,0,0,0,69,0,56,0,61,0,71,0,65,0,66,0,68,0,66,0,64,0,62,0,63,0,60,0,63,0,65,0,0,0,0,0,0,0,0,0,0,,Eddy_Patrick,0,0,0,0,(),0,0,0.0,0,0,0.0,0,0,0,0,0,0,0,1,0,0,1,0,2,2,0,0
7693,Milesi,Lorenzo,Milesi L.,1,204,0,0,0,lmilesi,20020319,0.0,0.0,0,5.0,0.0,0.0,0,0,3,0,0,0,180,70,0,0,0,74,0,65,0,68,0,68,0,71,0,75,0,73,0,60,0,68,0,72,0,72,0,66,0,73,0,74,0,0,0,0,0,0,0,0,0,0,,Milesi_Lorenzo,0,0,0,0,(87),0,0,0.0,0,0,0.0,0,0,0,0,0,0,2023,0,0,2,1,2,1,0,0,1
7694,Poole,Max,Poole M.,15,1801,0,0,0,mpoole,20030301,0.0,0.0,0,5.0,0.0,0.0,0,0,3,0,0,0,185,68,0,0,0,70,0,76,0,76,0,72,0,64,0,70,0,70,0,67,0,70,0,71,0,69,0,72,0,74,0,73,0,0,3,1,0,0,0,0,0,0,,Poole_Max,0,0,0,0,(4),0,0,0.0,0,0,0.0,0,0,0,0,0,0,2023,2,0,1,2,0,0,0,0,0
7695,Reinderink,Joris,Reinderink J.,119,504,0,0,0,jreinderink,20031011,0.0,0.0,0,3.5,0.0,0.0,0,0,3,0,0,0,177,59,0,0,0,66,0,64,0,65,0,66,0,60,0,60,0,62,0,63,0,65,0,63,0,65,0,62,0,67,0,69,0,0,0,0,0,0,0,0,0,0,,Reinderink_Joris,0,0,0,0,(),0,0,0.0,0,0,0.0,0,0,0,0,0,0,0,0,0,0,0,0,0,0,0,0
7696,Ursella,Lorenzo,Ursella L.,119,207,0,0,0,lursella,20030120,0.0,0.0,0,3.5,0.0,0.0,0,0,3,0,0,0,0,0,0,0,0,64,0,55,0,58,0,65,0,58,0,59,0,60,0,67,0,69,0,53,0,55,0,55,0,60,0,60,0,0,0,0,0,0,0,0,0,0,,Ursella_Lorenzo,0,0,0,0,(),0,0,0.0,0,0,0.0,0,0,0,0,0,0,0,0,0,0,0,0,0,0,0,0
7697,Healy,Ben,Healy B.,5,3101,0,0,0,bhealy,20000911,0.0,0.0,0,5.0,0.0,0.0,0,0,3,0,0,0,175,65,0,0,0,75,0,75,0,76,0,73,0,67,0,74,0,74,0,63,0,77,0,81,0,77,0,76,0,79,0,81,0,0,4,5,0,0,0,0,1,0,,Healy_Ben,0,0,0,0,(),0,0,0.0,0,0,0.0,0,0,0,0,0,0,2022,10,2,1,0,0,0,0,4,3
7698,Rangel,Vinicius,Rangel V.,119,5601,0,0,0,vrangel,20010526,0.0,0.0,0,3.0,0.0,0.0,0,0,3,0,0,0,178,64,0,0,0,70,0,61,0,65,0,64,0,65,0,61,0,61,0,66,0,65,0,62,0,62,0,61,0,68,0,70,0,0,0,0,0,0,0,0,0,0,,Rangel_Vinicius,0,0,0,0,(),0,0,0.0,0,0,0.0,0,0,0,0,0,0,2022,1,0,0,0,0,0,1,0,0
7699,De Maeght,Dorian,De Maeght D.,119,401,0,0,0,ddemaeght,19970813,0.0,0.0,0,1.0,0.0,0.0,0,0,3,0,0,0,181,79,0,0,0,66,0,55,0,58,0,60,0,62,0,58,0,59,0,63,0,61,0,64,0,62,0,60,0,60,0,59,0,0,0,0,0,0,0,0,0,0,,De-Maeght_Dorian,0,0,0,0,(),0,0,0.0,0,0,0.0,0,0,0,0,0,0,2022,0,0,0,0,0,0,1,0,0
7700,Desal,Ceriel,Desal C.,210,402,0,0,0,cdesal,19991020,0.0,0.0,0,3.5,0.0,0.0,0,0,3,0,0,0,187,72,0,0,0,73,0,55,0,57,0,66,0,71,0,62,0,63,0,67,0,68,0,68,0,69,0,63,0,64,0,77,0,0,0,0,0,0,0,0,0,0,,Desal_Ceriel,0,0,0,0,(),0,0,0.0,0,0,0.0,0,0,0,0,0,0,2022,0,0,0,0,0,1,2,1,0
7701,Bonillo,Iker,Bonillo I.,109,810,0,0,0,ibonillo,20030709,0.0,0.0,0,2.5,0.0,0.0,0,0,3,0,0,0,0,0,0,0,0,69,0,60,0,64,0,68,0,62,0,60,0,62,0,68,0,68,0,62,0,62,0,63,0,66,0,63,0,0,0,0,0,0,0,0,0,0,,Bonillo_Iker,0,0,0,0,(),0,0,0.0,0,0,0.0,0,0,0,0,0,0,2022,0,0,0,0,0,0,0,0,0
7702,Martinelli,Alessio,Martinelli A.,81,204,0,0,0,amartinelli,20010426,0.0,0.0,0,4.0,0.0,0.0,0,0,3,0,0,0,170,59,0,0,0,64,0,65,0,67,0,70,0,60,0,60,0,61,0,61,0,64,0,63,0,61,0,64,0,70,0,68,0,0,0,0,0,0,0,0,0,0,,Martinelli_Alessio,0,0,0,0,(),0,0,0.0,0,0,0.0,0,0,0,0,0,0,2022,0,0,1,0,2,0,0,0,1
7704,Marcellusi,Martin,Marcellusi M.,81,212,0,0,0,mmarcellusi,20000405,0.0,0.0,0,4.0,0.0,0.0,0,0,3,0,0,0,172,62,0,0,0,72,0,70,0,73,0,67,0,64,0,62,0,62,0,66,0,69,0,70,0,68,0,69,0,73,0,80,0,0,0,0,0,0,0,0,0,0,,Marcellusi_Martin,0,0,0,0,(),0,0,0.0,0,0,0.0,0,0,0,0,0,0,2022,0,0,3,0,2,0,0,0,1
7706,Tolio,Alex,Tolio A.,81,206,0,0,0,atolio,20000330,0.0,0.0,0,4.0,0.0,0.0,0,0,3,0,0,0,0,0,0,0,0,69,0,72,0,73,0,70,0,58,0,63,0,63,0,57,0,65,0,68,0,67,0,69,0,71,0,59,0,0,0,0,0,0,0,0,0,0,,Tolio_Alex,0,0,0,0,(),0,0,0.0,0,0,0.0,0,0,0,0,0,0,2022,0,0,0,0,0,0,0,0,3
7708,Tarozzi,Manuele,Tarozzi M.,81,208,0,0,0,mtarozzi,19980620,0.0,0.0,0,3.0,0.0,0.0,0,0,3,0,0,0,0,0,0,0,0,69,0,71,0,71,0,70,0,60,0,64,0,64,0,59,0,68,0,67,0,67,0,71,0,69,0,77,0,0,0,0,0,0,0,0,0,0,,Tarozzi_Manuele,0,0,0,0,(),0,0,0.0,0,0,0.0,0,0,0,0,0,0,2022,3,0,2,0,2,0,0,0,1
7709,Pinarello,Alessandro,Pinarello A.,42,206,0,0,0,apinarello,20030712,0.0,0.0,0,4.0,0.0,0.0,0,0,3,0,0,0,0,0,0,0,0,68,0,68,0,74,0,67,0,62,0,61,0,61,0,64,0,70,0,70,0,70,0,68,0,75,0,60,0,0,0,0,0,0,0,0,0,0,,Pinarello_Alessandro,0,0,0,0,(),0,0,0.0,0,0,0.0,0,0,0,0,0,0,2022,0,0,1,0,0,0,0,0,2
7710,Pellizzari,Giulio,Pellizzari G.,33,211,0,0,0,gpellizzari,20031121,0.0,0.0,0,5.0,0.0,0.0,0,0,3,0,0,0,183,66,0,0,0,69,0,79,0,78,0,70,0,60,0,65,0,65,0,65,0,70,0,76,0,72,0,79,0,76,0,74,0,0,5,2,0,0,0,0,0,0,,Pellizzari_Giulio,0,0,0,0,(),0,0,0.0,0,0,0.0,0,0,0,0,0,0,2022,1,0,2,1,0,0,0,1,2
7711,Jarnet,Maxime,Jarnet M.,59,322,0,0,0,mjarnet,19980906,0.0,0.0,0,4.0,0.0,0.0,0,0,3,0,0,0,177,64,0,0,0,72,0,69,0,72,0,73,0,68,0,63,0,63,0,66,0,68,0,70,0,70,0,68,0,74,0,61,0,0,0,0,0,0,0,0,0,0,,Jarnet_Maxime,0,0,0,0,(),0,0,0.0,0,0,0.0,0,0,0,0,0,0,0,0,0,0,0,0,0,0,0,0
7712,Mainguenaud,Tom,Mainguenaud T.,124,320,0,0,0,tmainguenaud,20000813,0.0,0.0,0,2.0,0.0,0.0,0,0,3,0,0,0,176,64,0,0,0,67,0,65,0,66,0,69,0,61,0,55,0,57,0,63,0,64,0,63,0,65,0,64,0,68,0,62,0,0,0,0,0,0,0,0,0,0,,Mainguenaud_Tom,0,0,0,0,(),0,0,0.0,0,0,0.0,0,0,0,0,0,0,0,0,0,0,0,0,0,0,0,0
7713,Durnbauer,Josef,Durnbauer J.,112,3701,0,0,0,,19980627,0.0,0.0,0,2.0,0.0,0.0,0,0,3,0,0,0,173,67,0,0,0,61,0,61,0,61,0,65,0,54,0,56,0,59,0,57,0,59,0,56,0,56,0,56,0,60,0,67,0,0,0,0,0,0,0,0,0,0,,Dirnbauer_Josef,0,0,0,0,(),0,0,0.0,0,0,0.0,0,0,0,0,0,0,0,0,0,0,0,0,0,0,0,0
7716,Garcia,Guillermo,Garcia G.,119,812,0,0,0,,19991224,0.0,0.0,0,2.5,0.0,0.0,0,0,3,0,0,0,0,0,0,0,0,61,0,65,0,65,0,65,0,57,0,62,0,62,0,54,0,55,0,59,0,57,0,62,0,64,0,63,0,0,0,0,0,0,0,0,0,0,,Garcia_Guillermo,0,0,0,0,(),0,0,0.0,0,0,0.0,0,0,0,0,0,0,0,0,0,0,0,0,0,0,0,0
7717,Eulálio,Afonso,Eulálio A.,13,2901,0,0,0,aeulalio,20010930,0.0,0.0,0,4.5,0.0,0.0,0,0,3,0,0,0,174,62,0,0,0,69,0,77,0,78,0,74,0,62,0,62,0,62,0,63,0,75,0,75,0,71,0,74,0,79,0,73,0,0,2,2,0,0,0,0,0,0,,Eulalio_Afonso,0,0,0,0,(),0,0,0.0,0,0,0.0,0,0,0,0,0,0,0,0,0,1,0,0,0,0,0,1
7718,Bernard,Thibaut,Bernard T.,209,401,0,0,0,,20030115,0.0,0.0,0,3.5,0.0,0.0,0,0,3,0,0,0,0,0,0,0,0,70,0,55,0,58,0,67,0,63,0,65,0,68,0,65,0,67,0,60,0,61,0,58,0,62,0,64,0,0,0,0,0,0,0,0,0,0,,Bernard_Thibaut,0,0,0,0,(),0,0,0.0,0,0,0.0,0,0,0,0,0,0,0,0,0,0,0,0,0,0,0,0
7719,D'Hollander,Luca,D'Hollander L.,119,402,0,0,0,,20031125,0.0,0.0,0,3.0,0.0,0.0,0,0,3,0,0,0,0,0,0,0,0,62,0,53,0,55,0,68,0,62,0,62,0,62,0,61,0,64,0,53,0,55,0,54,0,56,0,67,0,0,0,0,0,0,0,0,0,0,,DHollander_Luca,0,0,0,0,(),0,0,0.0,0,0,0.0,0,0,0,0,0,0,0,0,0,0,0,0,0,0,0,0
7721,Jacques,Lucas,Jacques L.,119,401,0,0,0,,20030528,0.0,0.0,0,3.5,0.0,0.0,0,0,3,0,0,0,180,67,0,0,0,64,0,64,0,65,0,67,0,62,0,59,0,60,0,60,0,64,0,63,0,62,0,62,0,66,0,61,0,0,0,0,0,0,0,0,0,0,,Jacques_Lucas,0,0,0,0,(),0,0,0.0,0,0,0.0,0,0,0,0,0,0,0,0,0,0,0,0,0,0,0,0
7722,Lambrecht,Michiel,Lambrecht M.,69,402,0,0,0,mlambrecht,20030210,0.0,0.0,0,4.0,0.0,0.0,0,0,3,0,0,0,191,75,0,0,0,70,0,62,0,65,0,70,0,67,0,62,0,64,0,68,0,69,0,66,0,67,0,66,0,70,0,65,0,0,0,0,0,0,0,0,0,0,,Lambrecht_Michiel,0,0,0,0,(),0,0,0.0,0,0,0.0,0,0,0,0,0,0,0,0,0,0,0,0,1,0,0,0
7723,Lowie,Théo,Lowie T.,119,401,0,0,0,,20031006,0.0,0.0,0,2.0,0.0,0.0,0,0,3,0,0,0,0,0,0,0,0,63,0,54,0,57,0,58,0,64,0,58,0,58,0,60,0,62,0,56,0,57,0,55,0,59,0,60,0,0,0,0,0,0,0,0,0,0,,Lowie_Theo,0,0,0,0,(),0,0,0.0,0,0,0.0,0,0,0,0,0,0,0,0,0,0,0,0,0,0,0,0
7724,Van Hautegem,Leander,Van Hautegem L.,69,401,0,0,0,lvanhautegem,20030309,0.0,0.0,0,4.5,0.0,0.0,0,0,3,0,0,0,186,64,0,0,0,68,0,65,0,66,0,69,0,61,0,60,0,60,0,65,0,68,0,67,0,65,0,64,0,69,0,71,0,0,0,0,0,0,0,0,0,0,,Van-Hautegem_Leander,0,0,0,0,(),0,0,0.0,0,0,0.0,0,0,0,0,0,0,0,0,0,0,0,0,0,0,1,0
7725,Verleyen,Gaëtan,Verleyen G.,119,401,0,0,0,,20030519,0.0,0.0,0,3.5,0.0,0.0,0,0,3,0,0,0,0,0,0,0,0,65,0,60,0,62,0,66,0,63,0,59,0,59,0,64,0,65,0,61,0,63,0,60,0,63,0,70,0,0,0,0,0,0,0,0,0,0,,Verleyen_Gaetan,0,0,0,0,(),0,0,0.0,0,0,0.0,0,0,0,0,0,0,0,0,0,0,0,0,0,0,0,0
7728,Tuscano,Alessandro,Tuscano A.,119,401,0,0,0,,20000108,0.0,0.0,0,2.0,0.0,0.0,0,0,3,0,0,0,0,0,0,0,0,65,0,54,0,56,0,68,0,62,0,59,0,59,0,68,0,66,0,59,0,61,0,60,0,58,0,72,0,0,0,0,0,0,0,0,0,0,,Tuscano_Alessandro,0,0,0,0,(),0,0,0.0,0,0,0.0,0,0,0,0,0,0,0,0,0,0,0,0,0,0,0,0
7731,Laurance,Axel,Laurance A.,2,305,0,0,0,alaurance,20010413,0.0,0.0,0,4.5,0.0,0.0,0,0,3,0,0,0,179,66,0,0,0,73,0,66,0,71,0,71,0,68,0,66,0,67,0,73,0,79,0,72,0,75,0,72,0,77,0,75,0,0,2,4,0,0,0,0,0,0,,Laurance_Axel,0,0,0,0,(),0,0,0.0,0,0,0.0,0,0,0,0,0,0,2022,5,2,0,0,2,1,0,2,1
7733,Bogna,Alex,Bogna A.,119,2001,0,0,0,abogna,20020111,0.0,0.0,0,3.5,0.0,0.0,0,0,3,0,0,0,183,66,0,0,0,64,0,63,0,62,0,66,0,57,0,57,0,60,0,62,0,65,0,61,0,58,0,62,0,64,0,64,0,0,0,0,0,0,0,0,0,0,,Bogna_Alex,0,0,0,0,(),0,0,0.0,0,0,0.0,0,0,0,0,0,0,0,0,0,0,0,0,0,0,0,0
7734,Vosgerau,Søren,Vosgerau S.,119,1001,0,0,0,svosgerau,20000316,0.0,0.0,0,2.0,0.0,0.0,0,0,3,0,0,0,180,69,0,0,0,68,0,56,0,58,0,63,0,62,0,59,0,59,0,58,0,58,0,54,0,56,0,56,0,60,0,56,0,0,0,0,0,0,0,0,0,0,,Vosgerau_Soren,0,0,0,0,(),0,0,0.0,0,0,0.0,0,0,0,0,0,0,0,0,0,0,0,0,0,0,0,0
7735,Søgaard,Kasper Viberg,Søgaard K.V.,119,1001,0,0,0,kvsogaard,20010912,0.0,0.0,0,2.5,0.0,0.0,0,0,3,0,0,0,0,0,0,0,0,65,0,59,0,62,0,65,0,60,0,57,0,56,0,58,0,64,0,58,0,58,0,60,0,65,0,67,0,0,0,0,0,0,0,0,0,0,,Sogaard_Kasper-Viberg,0,0,0,0,(),0,0,0.0,0,0,0.0,0,0,0,0,0,0,0,0,0,0,0,0,0,0,0,0
7739,Janssen,Lucas,Janssen L.,119,501,0,0,0,ljanssen,20030106,0.0,0.0,0,3.0,0.0,0.0,0,0,3,0,0,0,0,0,0,0,0,68,0,58,0,62,0,72,0,68,0,58,0,61,0,64,0,67,0,62,0,61,0,59,0,65,0,69,0,0,0,0,0,0,0,0,0,0,,Janssen_Lucas,0,0,0,0,(),0,0,0.0,0,0,0.0,0,0,0,0,0,0,0,0,0,0,0,0,0,0,0,0
7740,Kerckhaert,Jochem,Kerckhaert J.,158,501,0,0,0,jkerckhaert,20001029,0.0,0.0,0,3.5,0.0,0.0,0,0,3,0,0,0,172,55,0,0,0,69,0,63,0,66,0,67,0,65,0,59,0,63,0,63,0,65,0,64,0,65,0,64,0,70,0,61,0,0,0,0,0,0,0,0,0,0,,Kerckhaert_Jochem,0,0,0,0,(),0,0,0.0,0,0,0.0,0,0,0,0,0,0,0,0,0,0,0,0,0,0,0,0
7742,Dissel,Bram,Dissel B.,158,501,0,0,0,bdissel,19980712,0.0,0.0,0,3.5,0.0,0.0,0,0,3,0,0,0,192,79,0,0,0,71,0,54,0,58,0,67,0,66,0,59,0,59,0,68,0,72,0,64,0,66,0,65,0,66,0,75,0,0,0,0,0,0,0,0,0,0,,Dissel_Bram,0,0,0,0,(),0,0,0.0,0,0,0.0,0,0,0,0,0,0,0,0,0,0,0,0,0,0,0,0
7743,Buos,Benjamin,Buos B.,152,701,0,0,0,,20030807,0.0,0.0,0,3.0,0.0,0.0,0,0,3,0,0,0,0,0,0,0,0,69,0,54,0,57,0,66,0,61,0,62,0,65,0,68,0,67,0,62,0,64,0,63,0,62,0,68,0,0,0,0,0,0,0,0,0,0,,Boos_Benjamin,0,0,0,0,(),0,0,0.0,0,0,0.0,0,0,0,0,0,0,0,0,0,0,0,0,0,0,0,0
7744,Hodapp,Johannes,Hodapp J.,119,710,0,0,0,jhodapp,19990909,0.0,0.0,0,2.0,0.0,0.0,0,0,3,0,0,0,0,0,0,0,0,66,0,60,0,63,0,68,0,60,0,54,0,58,0,66,0,69,0,60,0,58,0,60,0,65,0,57,0,0,0,0,0,0,0,0,0,0,,Hodapp_Johannes,0,0,0,0,(),0,0,0.0,0,0,0.0,0,0,0,0,0,0,0,0,0,0,0,0,0,0,0,0
7745,Maris,Elias,Maris E.,69,402,0,0,0,emaris,19991005,0.0,0.0,0,3.5,0.0,0.0,0,0,3,0,0,0,177,64,0,0,0,67,0,62,0,66,0,69,0,65,0,58,0,58,0,65,0,67,0,66,0,68,0,65,0,70,0,67,0,0,0,0,0,0,0,0,0,0,,Maris_Elias,0,0,0,0,(),0,0,0.0,0,0,0.0,0,0,0,0,0,0,2023,0,0,0,0,0,0,0,2,0
7747,Stieger,Adrian,Stieger A.,119,3701,0,0,0,,20030713,0.0,0.0,0,2.5,0.0,0.0,0,0,3,0,0,0,173,68,0,0,0,65,0,58,0,62,0,71,0,63,0,58,0,59,0,60,0,63,0,56,0,58,0,54,0,63,0,65,0,0,0,0,0,0,0,0,0,0,,Stieger_Adrian,0,0,0,0,(),0,0,0.0,0,0,0.0,0,0,0,0,0,0,0,0,0,0,0,0,0,0,0,0
7748,Prumozic,Jaka,Prumozic J.,112,2801,0,0,0,,19981208,0.0,0.0,0,3.5,0.0,0.0,0,0,3,0,0,0,179,60,0,0,0,69,0,67,0,70,0,68,0,60,0,61,0,61,0,66,0,68,0,65,0,67,0,67,0,71,0,70,0,0,0,0,0,0,0,0,0,0,,Primozic_Jaka,0,0,0,0,(),0,0,0.0,0,0,0.0,0,0,0,0,0,0,0,0,0,0,0,0,0,0,0,0
7749,Kepplinger,Rainer,Kepplinger R.,13,3701,0,0,0,rkepplinger,19970819,0.0,0.0,0,4.5,0.0,0.0,0,0,3,0,0,0,179,70,0,0,0,67,0,72,0,72,0,69,0,60,0,75,0,75,0,60,0,65,0,67,0,68,0,69,0,73,0,71,0,0,0,0,0,0,0,0,0,0,,Kepplinger_Rainer,0,0,0,0,(),0,0,0.0,0,0,0.0,0,0,0,0,0,0,2023,0,0,1,1,0,0,0,0,1
7753,Puumann,David,Puumann D.,112,3701,0,0,0,,20031119,0.0,0.0,0,2.5,0.0,0.0,0,0,3,0,0,0,0,0,0,0,0,67,0,61,0,63,0,67,0,61,0,59,0,58,0,63,0,65,0,62,0,64,0,64,0,65,0,63,0,0,0,0,0,0,0,0,0,0,,Paumann_David,0,0,0,0,(),0,0,0.0,0,0,0.0,0,0,0,0,0,0,0,0,0,0,0,0,0,0,0,0
7754,Wafler,Tim,Wafler T.,119,3701,0,0,0,,20020128,0.0,0.0,0,2.0,0.0,0.0,0,0,3,0,0,0,0,0,0,0,0,65,0,57,0,59,0,65,0,61,0,59,0,63,0,65,0,65,0,63,0,56,0,57,0,60,0,62,0,0,0,0,0,0,0,0,128,0,,Wafler_Tim,0,0,0,0,(),0,0,0.0,0,0,0.0,0,0,0,0,0,0,0,1,0,0,0,0,0,0,0,0
7755,Kostanski,Mateusz,Kostanski M.,119,3001,0,0,0,,19990503,0.0,0.0,0,2.0,0.0,0.0,0,0,3,0,0,0,190,78,0,0,0,66,0,63,0,65,0,64,0,62,0,62,0,62,0,65,0,61,0,65,0,64,0,65,0,64,0,69,0,0,0,0,0,0,0,0,0,0,,Kostanski_Mateusz,0,0,0,0,(),0,0,0.0,0,0,0.0,0,0,0,0,0,0,0,0,0,0,0,0,0,0,0,0
7756,Gejdulewicz,Mateusz,Gejdulewicz M.,163,3001,0,0,0,,20031222,0.0,0.0,0,3.5,0.0,0.0,0,0,3,0,0,0,185,64,0,0,0,65,0,59,0,64,0,67,0,60,0,63,0,64,0,60,0,60,0,62,0,61,0,62,0,66,0,60,0,0,0,0,0,0,0,0,0,0,,Gajdulewicz_Mateusz,0,0,0,0,(),0,0,0.0,0,0,0.0,0,0,0,0,0,0,0,0,0,0,0,0,0,0,0,0
7760,Pumorski,Michal,Pumorski M.,163,3001,0,0,0,,20030804,0.0,0.0,0,2.5,0.0,0.0,0,0,3,0,0,0,187,71,0,0,0,65,0,54,0,57,0,63,0,60,0,60,0,60,0,59,0,57,0,57,0,57,0,56,0,60,0,65,0,0,0,0,0,0,0,0,0,0,,Pomorski_Michal,0,0,0,0,(),0,0,0.0,0,0,0.0,0,0,0,0,0,0,0,0,0,0,0,0,0,0,0,0
7761,Redosz,Maksymilian,Redosz M.,106,3001,0,0,0,,20030925,0.0,0.0,0,1.5,0.0,0.0,0,0,3,0,0,0,182,69,0,0,0,60,0,60,0,61,0,60,0,53,0,57,0,57,0,55,0,63,0,56,0,55,0,53,0,62,0,70,0,0,0,0,0,0,0,0,0,0,,Radosz_Maksymilian,0,0,0,0,(),0,0,0.0,0,0,0.0,0,0,0,0,0,0,0,0,0,0,0,0,0,0,0,0
7762,Debeaumarché,Nicolas,Debeaumarché N.,34,304,0,0,0,ndebeaumarche,19980224,0.0,0.0,0,3.0,0.0,0.0,0,0,3,0,0,0,188,75,0,0,0,70,0,65,0,68,0,70,0,65,0,62,0,61,0,60,0,63,0,64,0,64,0,67,0,69,0,75,0,0,0,0,0,0,0,0,0,0,,Debeaumarche_Nicolas,0,0,0,0,(),0,0,0.0,0,0,0.0,0,0,0,0,0,0,0,0,0,2,0,1,1,0,0,0
7763,Delbove,Joris,Delbove J.,25,307,0,0,0,jdelbove,20000715,0.0,0.0,0,3.5,0.0,0.0,0,0,3,0,0,0,0,0,0,0,0,71,0,68,0,70,0,74,0,67,0,61,0,61,0,60,0,71,0,70,0,72,0,66,0,75,0,72,0,0,0,0,0,0,0,0,0,0,,Delbove_Joris,0,0,0,0,(),0,0,0.0,0,0,0.0,0,0,0,0,0,0,0,3,0,0,0,0,0,0,0,0
7764,Drage,Jack,Drage J.,119,3401,0,0,0,,20021111,0.0,0.0,0,3.0,0.0,0.0,0,0,3,0,0,0,178,55,0,0,0,62,0,65,0,64,0,69,0,55,0,54,0,55,0,59,0,64,0,60,0,59,0,61,0,65,0,71,0,0,0,0,0,0,0,0,0,0,,Drage_Jack,0,0,0,0,(),0,0,0.0,0,0,0.0,0,0,0,0,0,0,0,0,0,0,0,0,0,0,0,0
7765,Perry,Toby,Perry T.,119,1801,0,0,0,,20000310,0.0,0.0,0,1.5,0.0,0.0,0,0,3,0,0,0,0,0,0,0,0,63,0,58,0,60,0,68,0,60,0,59,0,59,0,56,0,59,0,54,0,53,0,57,0,61,0,70,0,0,0,0,0,0,0,0,0,0,,Perry_Toby,0,0,0,0,(),0,0,0.0,0,0,0.0,0,0,0,0,0,0,0,0,0,0,0,0,0,0,0,0
7766,Rafferty,Darren,Rafferty D.,5,3101,0,0,0,drafferty,20030701,0.0,0.0,0,5.0,0.0,0.0,0,0,3,0,0,0,176,65,0,0,0,70,0,69,0,71,0,69,0,63,0,72,0,73,0,59,0,67,0,68,0,68,0,66,0,73,0,70,0,0,0,0,0,0,0,0,2,0,,Rafferty_Darren,0,0,0,0,(),0,0,0.0,0,0,0.0,0,0,0,0,0,0,0,1,0,1,1,0,0,0,0,0
7767,Romeo,Iván,Romeo I.,1,808,0,0,0,iromeo,20030816,0.0,0.0,0,5.0,0.0,0.0,0,0,3,0,0,0,193,75,0,0,0,78,0,73,0,75,0,72,0,66,0,76,0,76,0,63,0,66,0,76,0,73,0,71,0,76,0,76,0,0,2,3,0,0,0,0,128,0,,Romeo_Ivan,0,0,0,0,(),0,0,0.0,0,0,0.0,0,0,0,0,0,0,2023,3,1,0,0,0,1,1,1,0
7768,Pedersen,Rasmus Søjberg,Pedersen R.S.,3,1001,0,0,0,rspedersen,20020709,0.0,0.0,0,4.5,0.0,0.0,0,0,3,0,0,0,182,73,0,0,0,73,0,59,0,64,0,70,0,72,0,65,0,64,0,72,0,73,0,67,0,69,0,66,0,70,0,65,0,0,0,0,0,0,0,0,2,0,,Pedersen_Rasmus-Sojberg,0,0,0,0,(4),0,0,0.0,0,0,0.0,0,0,0,0,0,0,0,1,0,0,0,0,1,1,0,0
7769,Ryttersgaard,Sebastian,Ryttersgaard S.,119,1001,0,0,0,sryttersgaard,19991222,0.0,0.0,0,2.5,0.0,0.0,0,0,3,0,0,0,0,0,0,0,0,68,0,56,0,60,0,65,0,65,0,62,0,62,0,58,0,65,0,61,0,61,0,60,0,63,0,73,0,0,0,0,0,0,0,0,0,0,,Ryttersgaard_Sebastian,0,0,0,0,(),0,0,0.0,0,0,0.0,0,0,0,0,0,0,0,0,0,0,0,0,0,0,0,0
7770,Wang,Gustav,Wang G.,212,1004,0,0,0,gwang,20030313,0.0,0.0,0,3.5,0.0,0.0,0,0,3,0,0,0,0,0,0,0,0,69,0,56,0,61,0,71,0,65,0,64,0,65,0,61,0,63,0,60,0,63,0,65,0,66,0,67,0,0,0,0,0,0,0,0,0,0,,Wang_Gustav,0,0,0,0,(),0,0,0.0,0,0,0.0,0,0,0,0,0,0,0,0,0,0,0,0,0,0,0,0
7772,Finkšt,Tilen,Finkšt T.,93,2801,0,0,0,tfinkst,19970706,0.0,0.0,0,3.5,0.0,0.0,0,0,3,0,0,0,176,68,0,0,0,70,0,59,0,64,0,68,0,64,0,63,0,67,0,71,0,70,0,65,0,66,0,66,0,69,0,63,0,0,0,0,0,0,0,0,0,0,,Finkst_Tilen,0,0,0,0,(),0,0,0.0,0,0,0.0,0,0,0,0,0,0,0,0,0,0,0,0,0,0,0,0
7773,Filutás,Viktor,Filutás V.,119,4001,0,0,0,vfilutas,19960928,0.0,0.0,0,1.5,0.0,0.0,0,0,3,0,0,0,179,68,0,0,0,64,0,59,0,62,0,66,0,58,0,57,0,59,0,58,0,64,0,60,0,62,0,60,0,65,0,61,0,0,0,0,0,0,0,0,2,0,,Filutas_Viktor,0,0,0,0,(),0,0,0.0,0,0,0.0,0,0,0,0,0,0,0,2,0,0,0,0,0,0,0,0
7774,Spoljar,Jaka,Spoljar J.,50,2801,0,0,0,jspoljar,20030304,0.0,0.0,0,2.5,0.0,0.0,0,0,3,0,0,0,186,73,0,0,0,65,0,59,0,60,0,63,0,62,0,62,0,62,0,64,0,64,0,58,0,57,0,58,0,60,0,64,0,0,0,0,0,0,0,0,0,0,,Spoljar_Jaka,0,0,0,0,(),0,0,0.0,0,0,0.0,0,0,0,0,0,0,0,0,0,0,0,0,0,0,0,0
7776,Feldmann,Karsten Larsen,Feldmann K.L.,107,3501,0,0,0,klfeldmann,20030328,0.0,0.0,0,4.0,0.0,0.0,0,0,3,0,0,0,0,0,0,0,0,72,0,56,0,59,0,68,0,67,0,57,0,57,0,71,0,71,0,66,0,68,0,64,0,66,0,66,0,0,0,0,0,0,0,0,0,0,,Feldmann_Karsten-Larsen,0,0,0,0,(),0,0,0.0,0,0,0.0,0,0,0,0,0,0,0,0,0,0,0,0,0,0,0,0
7778,Ravnøy,Johan,Ravnøy J.,119,3501,0,0,0,jravnoy,20031123,0.0,0.0,0,3.5,0.0,0.0,0,0,3,0,0,0,184,78,0,0,0,68,0,59,0,62,0,71,0,65,0,65,0,66,0,60,0,61,0,61,0,62,0,60,0,65,0,69,0,0,0,0,0,0,0,0,0,0,,Ravnoy_Johan,0,0,0,0,(),0,0,0.0,0,0,0.0,0,0,0,0,0,0,0,0,0,0,0,0,0,0,0,0
7779,Svestad-Bårdseng,Embret,Svestad-Bårdseng E.,2,3501,0,0,0,esvestad-bardseng,20020901,0.0,0.0,0,4.0,0.0,0.0,0,0,3,0,0,0,185,0,0,0,0,69,0,73,0,74,0,68,0,67,0,64,0,65,0,63,0,65,0,69,0,67,0,69,0,72,0,71,0,0,4,2,0,0,0,0,0,0,,Svestad-Bardseng_Embret,0,0,0,0,(),0,0,0.0,0,0,0.0,0,0,0,0,0,0,0,0,0,1,0,0,0,0,0,1
7780,Lund Sørensen,Lukas,Lund Sørensen L.,119,1001,0,0,0,,20030219,0.0,0.0,0,2.5,0.0,0.0,0,0,3,0,0,0,0,0,0,0,0,61,0,59,0,60,0,66,0,58,0,57,0,56,0,60,0,57,0,54,0,57,0,53,0,61,0,74,0,0,0,0,0,0,0,0,0,0,,Lund-Sorensen_Lukas,0,0,0,0,(),0,0,0.0,0,0,0.0,0,0,0,0,0,0,0,0,0,0,0,0,0,0,0,0
7781,Bak,Simon,Bak S.,119,1003,0,0,0,,20001202,0.0,0.0,0,2.5,0.0,0.0,0,0,3,0,0,0,0,0,0,0,0,68,0,57,0,57,0,70,0,64,0,62,0,64,0,58,0,64,0,60,0,62,0,60,0,63,0,74,0,0,0,0,0,0,0,0,0,0,,Bak_Simon,0,0,0,0,(),0,0,0.0,0,0,0.0,0,0,0,0,0,0,0,0,0,0,0,0,0,0,0,0
7782,Malmberg,Matias,Malmberg M.,119,1001,0,0,0,,20000831,0.0,0.0,0,1.5,0.0,0.0,0,0,3,0,0,0,0,0,0,0,0,63,0,56,0,59,0,63,0,59,0,57,0,59,0,60,0,62,0,57,0,55,0,58,0,61,0,73,0,0,0,0,0,0,0,0,0,0,,Malmberg_Matias,0,0,0,0,(),0,0,0.0,0,0,0.0,0,0,0,0,0,0,0,0,0,0,0,0,0,0,0,0
7783,Søndergaard,Oliver,Søndergaard O.,119,1002,0,0,0,,20030619,0.0,0.0,0,3.0,0.0,0.0,0,0,3,0,0,0,0,0,0,0,0,66,0,55,0,58,0,68,0,62,0,57,0,59,0,67,0,67,0,61,0,62,0,62,0,60,0,55,0,0,0,0,0,0,0,0,0,0,,Sondergaard_Oliver,0,0,0,0,(),0,0,0.0,0,0,0.0,0,0,0,0,0,0,0,0,0,0,0,0,0,0,0,0
7784,Søronsen,Frederik Bjørn,Søronsen F.B.,164,1002,0,0,0,,20030518,0.0,0.0,0,2.0,0.0,0.0,0,0,3,0,0,0,0,0,0,0,0,64,0,54,0,57,0,69,0,60,0,58,0,56,0,59,0,65,0,56,0,54,0,56,0,59,0,65,0,0,0,0,0,0,0,0,0,0,,Sorensen_Frederik-Bjorn,0,0,0,0,(),0,0,0.0,0,0,0.0,0,0,0,0,0,0,0,0,0,0,0,0,0,0,0,0
7785,Gebhardt,Philipp,Gebhardt P.,119,716,0,0,0,,20030715,0.0,0.0,0,2.5,0.0,0.0,0,0,3,0,0,0,189,75,0,0,0,65,0,57,0,59,0,65,0,60,0,60,0,60,0,60,0,65,0,57,0,57,0,60,0,61,0,75,0,0,0,0,0,0,0,0,0,0,,Gebhardt_Philipp,0,0,0,0,(),0,0,0.0,0,0,0.0,0,0,0,0,0,0,0,0,0,0,0,0,0,0,0,0
7786,Heinemann,Leon,Heinemann L.,119,701,0,0,0,,20030824,0.0,0.0,0,1.5,0.0,0.0,0,0,3,0,0,0,175,70,0,0,0,62,0,54,0,56,0,66,0,59,0,54,0,58,0,65,0,67,0,52,0,53,0,55,0,57,0,58,0,0,0,0,0,0,0,0,0,0,,Heinemann_Leon,0,0,0,0,(),0,0,0.0,0,0,0.0,0,0,0,0,0,0,0,0,0,0,0,0,0,0,0,0
7787,Latocha,Adrian,Latocha A.,119,704,0,0,0,,20030404,0.0,0.0,0,2.0,0.0,0.0,0,0,3,0,0,0,170,55,0,0,0,57,0,65,0,65,0,70,0,60,0,56,0,53,0,59,0,63,0,55,0,55,0,56,0,64,0,56,0,0,0,0,0,0,0,0,0,0,,Latocha_Adrian,0,0,0,0,(),0,0,0.0,0,0,0.0,0,0,0,0,0,0,0,0,0,0,0,0,0,0,0,0
7788,Redmann,Sven,Redmann S.,119,701,0,0,0,,20010526,0.0,0.0,0,3.5,0.0,0.0,0,0,3,0,0,0,191,77,0,0,0,67,0,60,0,62,0,67,0,63,0,61,0,61,0,59,0,60,0,61,0,60,0,65,0,64,0,62,0,0,0,0,0,0,0,0,0,0,,Redmann_Sven,0,0,0,0,(),0,0,0.0,0,0,0.0,0,0,0,0,0,0,0,0,0,0,0,0,0,0,0,0
7793,Couanon,Jonathan,Couanon J.,119,321,0,0,0,jcouanon,19970408,0.0,0.0,0,2.0,0.0,0.0,0,0,3,0,0,0,0,0,0,0,0,66,0,62,0,65,0,72,0,60,0,57,0,59,0,67,0,69,0,60,0,63,0,64,0,67,0,73,0,0,0,0,0,0,0,0,0,0,,Couanon_Jonathan,0,0,0,0,(),0,0,0.0,0,0,0.0,0,0,0,0,0,0,0,0,0,0,0,0,0,0,0,0
7796,Hennequin,Paul,Hennequin P.,100,302,0,0,0,phennequin,20021209,0.0,0.0,0,3.5,0.0,0.0,0,0,3,0,0,0,175,59,0,0,0,70,0,60,0,64,0,69,0,65,0,60,0,62,0,71,0,71,0,65,0,67,0,67,0,69,0,60,0,0,0,0,0,0,0,0,0,0,,Hennequin_Paul,0,0,0,0,(),0,0,0.0,0,0,0.0,0,0,0,0,0,0,0,1,0,0,0,0,0,0,0,0
7797,Mifsud,Andrea,Mifsud A.,102,12101,0,0,0,amifsud,19990528,0.0,0.0,0,3.5,0.0,0.0,0,0,3,0,0,0,172,58,0,0,0,66,0,67,0,70,0,73,0,62,0,63,0,63,0,58,0,71,0,67,0,65,0,67,0,70,0,74,0,0,0,0,0,0,0,0,0,0,,Mifsud_Andrea,0,0,0,0,(),0,0,0.0,0,0,0.0,0,0,0,0,0,0,0,0,0,0,0,0,0,0,0,0
7798,Bloem,Joren,Bloem J.,107,504,0,0,0,jbloem,19991221,0.0,0.0,0,3.5,0.0,0.0,0,0,3,0,0,0,0,0,0,0,0,71,0,55,0,61,0,71,0,69,0,63,0,68,0,67,0,69,0,65,0,65,0,66,0,67,0,70,0,0,0,0,0,0,0,0,0,0,,Bloem_Joren,0,0,0,0,(),0,0,0.0,0,0,0.0,0,0,0,0,0,0,0,0,0,0,0,0,0,1,0,0
7800,Kopecký,Tomáš,Kopecký T.,107,3301,0,0,0,tkopecky,20000408,0.0,0.0,0,3.0,0.0,0.0,0,0,3,0,0,0,191,73,0,0,0,72,0,62,0,65,0,69,0,70,0,68,0,70,0,66,0,65,0,68,0,67,0,64,0,69,0,60,0,0,0,0,0,0,0,0,0,0,,Kopecky_Tomas,0,0,0,0,(),0,0,0.0,0,0,0.0,0,0,0,0,0,0,0,0,0,0,0,0,0,1,0,0
7801,Juntunen,Antti-Jussi,Juntunen A.J.,119,4701,0,0,0,ajjuntunen,19990406,0.0,0.0,0,2.5,0.0,0.0,0,0,3,0,0,0,0,0,0,0,0,67,0,57,0,61,0,66,0,62,0,58,0,60,0,69,0,68,0,60,0,59,0,62,0,65,0,59,0,0,0,0,0,0,0,0,0,0,,,0,0,0,0,(),0,0,0.0,0,0,0.0,0,0,0,0,0,0,0,0,0,0,0,0,0,0,0,0
7802,Verburg,Luke,Verburg L.,146,512,0,0,0,lverburg,20010512,0.0,0.0,0,3.0,0.0,0.0,0,0,3,0,0,0,0,0,0,0,0,69,0,59,0,61,0,73,0,69,0,60,0,66,0,67,0,69,0,64,0,65,0,63,0,65,0,71,0,0,0,0,0,0,0,0,0,0,,Verburg_Luke,0,0,0,0,(),0,0,0.0,0,0,0.0,0,0,0,0,0,0,0,0,0,0,0,0,0,0,0,0
7803,Babor,Daniel,Babor D.,119,3301,0,0,0,dbabor,19991022,0.0,0.0,0,3.0,0.0,0.0,0,0,3,0,0,0,179,78,0,0,0,70,0,55,0,58,0,71,0,65,0,58,0,60,0,73,0,72,0,64,0,65,0,66,0,65,0,56,0,0,0,0,0,0,0,0,0,0,,Babor_Daniel,0,0,0,0,(),0,0,0.0,0,0,0.0,0,0,0,0,0,0,2022,5,0,0,0,0,0,0,0,0
7804,Boros,Michael,Boros M.,58,3301,0,0,0,mboros,19920809,0.0,0.0,0,4.0,0.0,0.0,0,0,3,0,0,0,179,66,0,0,0,70,0,65,0,67,0,74,0,67,0,60,0,62,0,62,0,65,0,63,0,65,0,63,0,70,0,67,0,0,0,0,0,0,0,0,0,0,,Boros_Michael,0,0,0,0,(),0,0,0.0,0,0,0.0,0,0,0,0,0,0,0,0,0,0,0,0,0,0,0,0
7805,Obdrzalek,Tomas,Obdrzalek T.,119,3301,0,0,0,tobdrzalek,20030327,0.0,0.0,0,2.0,0.0,0.0,0,0,3,0,0,0,0,0,0,0,0,60,0,56,0,58,0,61,0,61,0,53,0,61,0,52,0,58,0,56,0,56,0,54,0,60,0,61,0,0,0,0,0,0,0,0,0,0,,Obdrzalek_Tomas,0,0,0,0,(),0,0,0.0,0,0,0.0,0,0,0,0,0,0,0,0,0,0,0,0,0,0,0,0
7806,Roha,Filip,Roha F.,163,3301,0,0,0,,20010312,0.0,0.0,0,2.5,0.0,0.0,0,0,3,0,0,0,0,0,0,0,0,64,0,60,0,62,0,65,0,57,0,55,0,56,0,57,0,57,0,62,0,60,0,61,0,67,0,69,0,0,0,0,0,0,0,0,0,0,,Reha_Filip,0,0,0,0,(),0,0,0.0,0,0,0.0,0,0,0,0,0,0,0,0,0,0,0,0,0,0,0,0
7807,Jordens,Jarno,Jordens J.,119,402,0,0,0,,20000510,0.0,0.0,0,2.0,0.0,0.0,0,0,3,0,0,0,0,0,0,0,0,65,0,60,0,63,0,72,0,64,0,60,0,62,0,65,0,66,0,58,0,59,0,57,0,65,0,55,0,0,0,0,0,0,0,0,0,0,,Jordens_Jarno,0,0,0,0,(),0,0,0.0,0,0,0.0,0,0,0,0,0,0,0,0,0,0,0,0,0,0,0,0
7809,Lemmens,Sander,Lemmens S.,119,402,0,0,0,,19991208,0.0,0.0,0,1.5,0.0,0.0,0,0,3,0,0,0,0,0,0,0,0,65,0,60,0,63,0,70,0,64,0,59,0,62,0,64,0,69,0,60,0,62,0,64,0,65,0,66,0,0,0,0,0,0,0,0,0,0,,Lemmens_Sander,0,0,0,0,(),0,0,0.0,0,0,0.0,0,0,0,0,0,0,0,0,0,0,0,0,0,0,0,0
7812,Brun,Nils,Brun N.,119,1701,0,0,0,nbrun,20000614,0.0,0.0,0,3.0,0.0,0.0,0,0,3,0,0,0,174,64,0,0,0,63,0,66,0,68,0,75,0,64,0,60,0,63,0,60,0,67,0,64,0,65,0,63,0,69,0,70,0,0,0,0,0,0,0,0,0,0,,Brun_Nils,0,0,0,0,(),0,0,0.0,0,0,0.0,0,0,0,0,0,0,0,0,0,0,0,0,0,0,0,1
7815,Donzé,Robin,Donzé R.,125,1702,0,0,0,rdonze,20031106,0.0,0.0,0,4.0,0.0,0.0,0,0,3,0,0,0,176,57,0,0,0,64,0,70,0,70,0,67,0,57,0,59,0,58,0,60,0,64,0,64,0,61,0,66,0,68,0,57,0,0,0,0,0,0,0,0,0,0,,Donze_Robin,0,0,0,0,(),0,0,0.0,0,0,0.0,0,0,0,0,0,0,0,0,0,0,0,0,0,0,0,0
7818,Rinaldi,Lorenzo,Rinaldi L.,119,202,0,0,0,,20030901,0.0,0.0,0,2.5,0.0,0.0,0,0,3,0,0,0,0,0,0,0,0,56,0,63,0,62,0,64,0,53,0,55,0,54,0,56,0,60,0,55,0,53,0,57,0,60,0,62,0,0,0,0,0,0,0,0,0,0,,Rinaldi_Lorenzo,0,0,0,0,(),0,0,0.0,0,0,0.0,0,0,0,0,0,0,0,0,0,0,0,0,0,0,0,0
7819,Tendon,Arnaud,Tendon A.,59,1701,0,0,0,,20021106,0.0,0.0,0,3.5,0.0,0.0,0,0,3,0,0,0,0,0,0,0,0,70,0,63,0,65,0,70,0,64,0,62,0,62,0,66,0,68,0,70,0,69,0,63,0,70,0,77,0,0,0,0,0,0,0,0,0,0,,Tendon_Arnaud,0,0,0,0,(),0,0,0.0,0,0,0.0,0,0,0,0,0,0,0,0,0,0,0,0,0,0,0,0
7821,Vogel,Alex,Vogel A.,119,1701,0,0,0,,19990730,0.0,0.0,0,2.5,0.0,0.0,0,0,3,0,0,0,0,0,0,0,0,67,0,56,0,60,0,63,0,61,0,64,0,67,0,64,0,64,0,56,0,60,0,56,0,63,0,66,0,0,0,0,0,0,0,0,0,0,,Vogel_Alex,0,0,0,0,(),0,0,0.0,0,0,0.0,0,0,0,0,0,0,0,0,0,0,0,0,0,0,0,0
7822,Weiss,Fabian,Weiss F.,125,1701,0,0,0,fweiss,20020411,0.0,0.0,0,4.0,0.0,0.0,0,0,3,0,0,0,181,0,0,0,0,69,0,61,0,66,0,72,0,65,0,70,0,68,0,59,0,62,0,67,0,65,0,65,0,69,0,65,0,0,0,0,0,0,0,0,0,0,,Weiss_Fabian,0,0,0,0,(),0,0,0.0,0,0,0.0,0,0,0,0,0,0,0,0,0,0,0,0,0,0,1,0
7823,Barnes,Toby,Barnes T.,119,1801,0,0,0,,20001221,0.0,0.0,0,2.0,0.0,0.0,0,0,3,0,0,0,0,0,0,0,0,61,0,59,0,61,0,71,0,61,0,56,0,56,0,55,0,65,0,57,0,57,0,55,0,63,0,72,0,0,0,0,0,0,0,0,0,0,,Barnes_Toby,0,0,0,0,(),0,0,0.0,0,0,0.0,0,0,0,0,0,0,0,0,0,0,0,0,0,0,0,0
7825,Whitehead,Josh,Whitehead J.,119,1801,0,0,0,,20000601,0.0,0.0,0,1.5,0.0,0.0,0,0,3,0,0,0,184,74,0,0,0,65,0,53,0,56,0,67,0,61,0,62,0,62,0,58,0,64,0,55,0,56,0,56,0,59,0,62,0,0,0,0,0,0,0,0,0,0,,Whitehead_Josh,0,0,0,0,(),0,0,0.0,0,0,0.0,0,0,0,0,0,0,0,0,0,0,0,0,0,0,0,0
7827,Parisini,Nicolò,Parisini N.,97,204,0,0,0,nparisini,20000425,0.0,0.0,0,4.0,0.0,0.0,0,0,3,0,0,0,183,65,0,0,0,71,0,62,0,68,0,69,0,68,0,60,0,62,0,70,0,71,0,67,0,69,0,65,0,72,0,70,0,0,2,4,0,0,0,0,0,0,,Parisini_Nicolo,0,0,0,0,(),0,0,0.0,0,0,0.0,0,0,0,0,0,0,2023,1,0,0,0,0,2,0,0,0
7828,Stedman,Travis,Stedman T.,119,3601,0,0,0,,20020515,0.0,0.0,0,2.0,0.0,0.0,0,0,3,0,0,0,0,0,0,0,0,62,0,55,0,57,0,62,0,60,0,62,0,62,0,55,0,53,0,55,0,57,0,54,0,59,0,57,0,0,0,0,0,0,0,0,1,0,,Stedman_Travis,0,0,0,0,(),0,0,0.0,0,0,0.0,0,0,0,0,0,0,0,1,0,0,0,0,0,0,0,0
7831,Grégoire,Romain,Grégoire R.,6,309,0,0,0,rgregoire,20030121,0.0,0.0,0,5.5,0.0,0.0,0,0,3,0,0,0,177,64,0,0,0,72,0,67,0,72,0,78,0,70,0,71,0,70,0,71,0,77,0,76,0,77,0,71,0,80,0,68,0,0,2,4,0,0,0,0,0,0,,Gregoire_Romain,0,0,0,0,(),0,0,0.0,0,0,0.0,0,0,0,0,0,0,2023,12,2,0,1,1,0,0,2,3
7832,Le Huitouze,Eddy,Le Huitouze E.,119,305,0,0,0,elehuitouze,20030403,0.0,0.0,0,3.5,0.0,0.0,0,0,3,0,0,0,184,71,0,0,0,68,0,58,0,61,0,67,0,69,0,67,0,66,0,58,0,60,0,62,0,63,0,60,0,63,0,71,0,0,0,0,0,0,0,0,0,0,,Le-Huitouze_Eddy,0,0,0,0,(),0,0,0.0,0,0,0.0,0,0,0,0,0,0,0,0,0,0,0,0,1,1,0,0
7833,Martinez,Lenny,Martinez L.,13,321,0,0,0,lmartinez,20030711,0.0,0.0,0,5.5,0.0,0.0,0,0,3,0,0,0,167,52,0,0,0,68,0,80,0,80,0,74,0,62,0,71,0,70,0,65,0,78,0,76,0,75,0,70,0,79,0,75,0,0,2,3,0,0,0,0,0,0,,Martinez_Lenny,0,0,0,0,(),0,0,0.0,0,0,0.0,0,0,0,0,0,0,2023,10,2,0,1,0,0,0,0,2
7834,Pickering,Finlay,Pickering F.,20,1801,0,0,0,fpickering,20030127,0.0,0.0,0,4.0,0.0,0.0,0,0,3,0,0,0,174,55,0,0,0,65,0,76,0,75,0,68,0,56,0,58,0,58,0,60,0,66,0,66,0,65,0,69,0,73,0,76,0,0,2,3,0,0,0,0,0,0,,Pickering_Finlay,0,0,0,0,(),0,0,0.0,0,0,0.0,0,0,0,0,0,0,0,0,0,0,1,0,0,0,0,0
7835,Plowright,Jensen,Plowright J.,37,2001,0,0,0,jplowright,20000515,0.0,0.0,0,3.5,0.0,0.0,0,0,3,0,0,0,176,76,0,0,0,72,0,58,0,64,0,72,0,68,0,65,0,70,0,72,0,72,0,71,0,67,0,65,0,68,0,70,0,0,1,3,0,0,0,0,0,0,,Plowright_Jensen,0,0,0,0,(),0,0,0.0,0,0,0.0,0,0,0,0,0,0,2023,2,0,1,0,0,0,0,0,0
7836,Watson,Samuel,Watson S.,2,1801,0,0,0,swatson,20010924,0.0,0.0,0,4.5,0.0,0.0,0,0,3,0,0,0,188,68,0,0,0,75,0,59,0,66,0,72,0,73,0,74,0,82,0,73,0,74,0,71,0,71,0,66,0,74,0,70,0,0,3,2,0,0,0,0,128,0,,Watson_Samuel,0,0,0,0,(),0,0,0.0,0,0,0.0,0,0,0,0,0,0,2023,5,1,0,1,1,2,2,0,0
7837,Gee-West,Derek,Gee-West D.,11,2201,0,0,0,dgeewest,19970803,0.0,0.0,0,5.0,0.0,0.0,0,0,3,0,0,0,189,76,0,0,0,73,0,79,0,78,0,72,0,68,0,76,0,74,0,63,0,65,0,75,0,73,0,80,0,75,0,75,0,0,4,1,0,0,0,0,129,0,,Gee_Derek,0,0,0,0,(),0,0,0.0,0,0,0.0,0,0,0,0,0,0,2023,6,1,2,0,1,0,1,1,0
7839,Kessler,Cole,Kessler C.,60,601,0,0,0,ckessler,20030520,0.0,0.0,0,3.5,0.0,0.0,0,0,3,0,0,0,195,70,0,0,0,65,0,62,0,64,0,62,0,60,0,64,0,65,0,56,0,56,0,62,0,62,0,60,0,66,0,56,0,0,0,0,0,0,0,0,0,0,,Kessler_Cole,0,0,0,0,(),0,0,0.0,0,0,0.0,0,0,0,0,0,0,0,0,0,0,0,0,0,0,0,0
7840,Peretz,Aviv,Peretz A.,119,7001,0,0,0,aperetz,20030226,0.0,0.0,0,2.0,0.0,0.0,0,0,3,0,0,0,0,0,0,0,0,58,0,60,0,59,0,60,0,53,0,53,0,59,0,57,0,54,0,55,0,55,0,56,0,57,0,65,0,0,0,0,0,0,0,0,0,0,,Peretz_Aviv,0,0,0,0,(),0,0,0.0,0,0,0.0,0,0,0,0,0,0,0,0,0,0,0,0,0,0,0,0
7841,Raisberg,Nadav,Raisberg N.,42,7001,0,0,0,nraisberg,20010329,0.0,0.0,0,4.0,0.0,0.0,0,0,3,0,0,0,178,67,0,0,0,68,0,67,0,70,0,66,0,66,0,62,0,63,0,64,0,67,0,66,0,67,0,64,0,71,0,68,0,0,0,0,0,0,0,0,0,0,,Raisberg_Nadav,0,0,0,0,(),0,0,0.0,0,0,0.0,0,0,0,0,0,0,0,1,0,1,2,0,0,1,0,0
7842,Weinberg,Roi,Weinberg R.,119,7001,0,0,0,rweinberg,20001120,0.0,0.0,0,2.5,0.0,0.0,0,0,3,0,0,0,0,0,0,0,0,60,0,56,0,59,0,67,0,59,0,57,0,57,0,63,0,63,0,56,0,56,0,58,0,62,0,59,0,0,0,0,0,0,0,0,0,0,,Weinberg_Roi,0,0,0,0,(),0,0,0.0,0,0,0.0,0,0,0,0,0,0,0,0,0,0,0,0,0,0,0,0
7844,Mohamed,Husain,Mohamed H.,119,10601,0,0,0,,19951218,0.0,0.0,0,1.0,0.0,0.0,0,0,3,0,0,0,0,0,0,0,0,57,0,53,0,54,0,63,0,58,0,54,0,57,0,59,0,52,0,53,0,54,0,57,0,55,0,74,0,0,0,0,0,0,0,0,0,0,,Mohamed_Husain,0,0,0,0,(),0,0,0.0,0,0,0.0,0,0,0,0,0,0,0,0,0,0,0,0,0,0,0,0
7845,Husain,Jasim,Husain J.,119,10601,0,0,0,,20020418,0.0,0.0,0,2.0,0.0,0.0,0,0,3,0,0,0,0,0,0,0,0,55,0,55,0,56,0,63,0,60,0,53,0,60,0,61,0,54,0,53,0,54,0,56,0,56,0,65,0,0,0,0,0,0,0,0,0,0,,Husain_Jasim,0,0,0,0,(),0,0,0.0,0,0,0.0,0,0,0,0,0,0,0,0,0,0,0,0,0,0,0,0
7847,Ven Petegem,Axandre,Ven Petegem A.,110,402,0,0,0,,20020113,0.0,0.0,0,2.5,0.0,0.0,0,0,3,0,0,0,184,67,0,0,0,63,0,54,0,57,0,67,0,63,0,62,0,62,0,58,0,63,0,54,0,54,0,54,0,59,0,59,0,0,0,0,0,0,0,0,0,0,,Van-Petegem_Axandre,0,0,0,0,(),0,0,0.0,0,0,0.0,0,0,0,0,0,0,0,0,0,0,0,0,0,0,0,0
7848,Foldager,Anders,Foldager A.,20,1002,0,0,0,afoldager,20010727,0.0,0.0,0,3.5,0.0,0.0,0,0,3,0,0,0,181,69,0,0,0,72,0,61,0,65,0,73,0,65,0,63,0,65,0,73,0,74,0,70,0,73,0,64,0,75,0,69,0,0,0,0,0,0,0,0,0,0,,Foldager_Anders,0,0,0,0,(),0,0,0.0,0,0,0.0,0,0,0,0,0,0,0,1,0,0,1,0,0,1,1,0
7849,Nordal,Mattias,Nordal M.,119,1005,0,0,0,,20011226,0.0,0.0,0,3.0,0.0,0.0,0,0,3,0,0,0,0,0,0,0,0,60,0,63,0,63,0,69,0,60,0,57,0,59,0,60,0,57,0,59,0,57,0,60,0,63,0,69,0,0,0,0,0,0,0,0,0,0,,Nordal_Mattias,0,0,0,0,(),0,0,0.0,0,0,0.0,0,0,0,0,0,0,0,0,0,0,0,0,0,0,0,0
7853,Del Grosso,Tibor,Del Grosso T.,37,501,0,0,0,tdelgrosso,20030727,0.0,0.0,0,5.0,0.0,0.0,0,0,3,0,0,0,190,70,0,0,0,75,0,60,0,65,0,79,0,75,0,65,0,67,0,73,0,73,0,72,0,72,0,66,0,74,0,65,0,0,2,4,0,0,0,0,0,0,,Del-Grosso_Tibor,0,0,0,0,(),0,0,0.0,0,0,0.0,0,0,0,0,0,0,0,1,0,0,0,0,0,0,0,0
7854,Habets,Jordan,Habets J.,119,506,0,0,0,,20011115,0.0,0.0,0,3.0,0.0,0.0,0,0,3,0,0,0,0,0,0,0,0,70,0,63,0,66,0,68,0,66,0,62,0,62,0,65,0,67,0,65,0,64,0,65,0,70,0,67,0,0,0,0,0,0,0,0,0,0,,Habets_Jordan,0,0,0,0,(),0,0,0.0,0,0,0.0,0,0,0,0,0,0,0,0,0,0,0,0,0,0,0,0
7855,Kenings,Roan,Kenings R.,140,501,0,0,0,,20030404,0.0,0.0,0,3.5,0.0,0.0,0,0,3,0,0,0,0,0,0,0,0,68,0,55,0,55,0,65,0,64,0,59,0,59,0,67,0,67,0,62,0,63,0,62,0,60,0,55,0,0,0,0,0,0,0,0,0,0,,Konings_Roan,0,0,0,0,(),0,0,0.0,0,0,0.0,0,0,0,0,0,0,0,0,0,0,0,0,0,0,0,0
7856,Roelen,Jaap,Roelen J.,119,501,0,0,0,,20020101,0.0,0.0,0,3.0,0.0,0.0,0,0,3,0,0,0,0,0,0,0,0,60,0,59,0,61,0,64,0,59,0,59,0,59,0,59,0,62,0,55,0,56,0,54,0,63,0,67,0,0,0,0,0,0,0,0,0,0,,Roelen_Jaap,0,0,0,0,(),0,0,0.0,0,0,0.0,0,0,0,0,0,0,0,0,0,0,0,0,0,0,0,0
7857,Barré,Louis,Barré L.,14,318,0,0,0,lbarre,20000406,0.0,0.0,0,4.5,0.0,0.0,0,0,3,0,0,0,184,68,0,0,0,72,0,70,0,74,0,68,0,65,0,66,0,65,0,66,0,72,0,71,0,71,0,65,0,76,0,70,0,0,2,4,0,0,0,0,0,0,,Barre_Louis,0,0,0,0,(),0,0,0.0,0,0,0.0,0,0,0,0,0,0,2022,0,1,1,0,0,0,0,3,2
7858,Guégan,Maël,Guégan M.,126,318,0,0,0,mguegan,19980119,0.0,0.0,0,3.0,0.0,0.0,0,0,3,0,0,0,187,71,0,0,0,71,0,61,0,66,0,68,0,67,0,62,0,62,0,63,0,60,0,67,0,65,0,65,0,69,0,75,0,0,0,0,0,0,0,0,0,0,,Guegan_Mael,0,0,0,0,(),0,0,0.0,0,0,0.0,0,0,0,0,0,0,0,0,0,0,0,0,0,0,0,0
7859,Jegat,Jordan,Jegat J.,25,305,0,0,0,jjegat,19990607,0.0,0.0,0,4.5,0.0,0.0,0,0,3,0,0,0,176,59,0,0,0,70,0,76,0,77,0,71,0,63,0,64,0,64,0,63,0,68,0,73,0,73,0,74,0,76,0,71,0,0,0,0,0,0,0,0,0,0,,Jegat_Jordan,0,0,0,0,(),0,0,0.0,0,0,0.0,0,0,0,0,0,0,0,0,2,0,0,0,0,0,2,0
7860,Joalland,Yaël,Joalland Y.,34,318,0,0,0,yjoalland,20000920,0.0,0.0,0,3.5,0.0,0.0,0,0,3,0,0,0,0,0,0,0,0,69,0,72,0,73,0,70,0,59,0,58,0,59,0,65,0,68,0,66,0,66,0,66,0,71,0,70,0,0,0,0,0,0,0,0,0,0,,Joalland_Yael,0,0,0,0,(),0,0,0.0,0,0,0.0,0,0,0,0,0,0,0,0,0,0,0,0,0,0,0,0
7861,Mariault,Axel,Mariault A.,126,305,0,0,0,amariault,19980607,0.0,0.0,0,4.0,0.0,0.0,0,0,3,0,0,0,169,58,0,0,0,69,0,72,0,74,0,68,0,68,0,57,0,59,0,65,0,70,0,69,0,69,0,69,0,74,0,65,0,0,0,0,0,0,0,0,0,0,,Mariault_Axel,0,0,0,0,(),0,0,0.0,0,0,0.0,0,0,0,0,0,0,2022,0,0,0,0,0,0,0,1,1
7864,Paquet,Tom,Paquet T.,119,1901,0,0,0,tpaquet,20020628,0.0,0.0,0,2.5,0.0,0.0,0,0,3,0,0,0,170,58,0,0,0,67,0,63,0,66,0,73,0,67,0,59,0,59,0,68,0,67,0,63,0,62,0,64,0,69,0,59,0,0,0,0,0,0,0,0,0,0,,Paquet_Tom,0,0,0,0,(),0,0,0.0,0,0,0.0,0,0,0,0,0,0,0,0,0,0,0,0,0,0,0,0
7866,Jean,Victor,Jean V.,119,311,0,0,0,,20031003,0.0,0.0,0,2.0,0.0,0.0,0,0,3,0,0,0,0,0,0,0,0,58,0,59,0,60,0,63,0,56,0,57,0,57,0,56,0,60,0,53,0,54,0,54,0,61,0,70,0,0,0,0,0,0,0,0,0,0,,Jean_Victor,0,0,0,0,(),0,0,0.0,0,0,0.0,0,0,0,0,0,0,0,0,0,0,0,0,0,0,0,0
7869,Sanlaville,Mathias,Sanlaville M.,126,322,0,0,0,msanlaville,20030119,0.0,0.0,0,3.0,0.0,0.0,0,0,3,0,0,0,169,61,0,0,0,60,0,60,0,62,0,67,0,60,0,56,0,57,0,63,0,70,0,55,0,57,0,60,0,63,0,68,0,0,0,0,0,0,0,0,0,0,,Sanlaville_Mathias,0,0,0,0,(),0,0,0.0,0,0,0.0,0,0,0,0,0,0,0,0,0,0,0,0,0,0,0,0
7870,Tachot,Thomas,Tachot T.,119,309,0,0,0,,20030603,0.0,0.0,0,3.0,0.0,0.0,0,0,3,0,0,0,173,61,0,0,0,60,0,65,0,64,0,70,0,58,0,55,0,59,0,57,0,67,0,57,0,57,0,58,0,63,0,72,0,0,0,0,0,0,0,0,0,0,,Tachot_Thomas,0,0,0,0,(),0,0,0.0,0,0,0.0,0,0,0,0,0,0,0,0,0,0,0,0,0,0,0,0
7871,Aagaard Hansen,Tobias,Aagaard Hansen T.,147,1003,0,0,0,taagaardhansen,20020310,0.0,0.0,0,2.5,0.0,0.0,0,0,3,0,0,0,0,0,0,0,0,68,0,57,0,60,0,68,0,65,0,61,0,61,0,68,0,69,0,61,0,63,0,63,0,64,0,59,0,0,0,0,0,0,0,0,0,0,,Aagaard-Hansen_Tobias,0,0,0,0,(),0,0,0.0,0,0,0.0,0,0,0,0,0,0,0,0,0,0,0,0,0,0,0,0
7873,Bévort,Carl-Frederik,Bévort C.F.,99,1004,0,0,0,cfbevort,20031124,0.0,0.0,0,4.0,0.0,0.0,0,0,3,0,0,0,184,0,0,0,0,72,0,57,0,61,0,69,0,64,0,69,0,67,0,70,0,68,0,68,0,68,0,61,0,70,0,63,0,0,0,0,0,0,0,0,0,0,,Bevort_Carl-frederik,0,0,0,0,(),0,0,0.0,0,0,0.0,0,0,0,0,0,0,0,0,0,0,0,0,0,0,0,0
7875,Dalby,Simon,Dalby S.,99,1002,0,0,0,sdalby,20030129,0.0,0.0,0,4.5,0.0,0.0,0,0,3,0,0,0,0,0,0,0,0,66,0,72,0,72,0,70,0,62,0,60,0,62,0,58,0,65,0,65,0,65,0,65,0,71,0,64,0,0,0,0,0,0,0,0,0,0,,Dalby_Simon,0,0,0,0,(),0,0,0.0,0,0,0.0,0,0,0,0,0,0,0,0,0,0,0,0,0,0,0,0
7876,Fredheim,Stian,Fredheim S.,99,3501,0,0,0,sfredheim,20030323,0.0,0.0,0,5.0,0.0,0.0,0,0,3,0,0,0,183,72,0,0,0,73,0,56,0,62,0,73,0,70,0,64,0,64,0,74,0,71,0,70,0,70,0,66,0,71,0,65,0,0,0,0,0,0,0,0,0,0,,Fredheim_Stian,0,0,0,0,(),0,0,0.0,0,0,0.0,0,0,0,0,0,0,2023,1,1,0,0,1,0,1,0,0
7878,Kulset,Magnus,Kulset M.,119,3501,0,0,0,mkulset,20000818,0.0,0.0,0,3.0,0.0,0.0,0,0,3,0,0,0,174,58,0,0,0,65,0,68,0,68,0,70,0,61,0,61,0,60,0,56,0,59,0,65,0,63,0,64,0,68,0,66,0,0,0,0,0,0,0,0,0,0,,Kulset_Magnus,0,0,0,0,(),0,0,0.0,0,0,0.0,0,0,0,0,0,0,2023,0,0,0,0,0,0,0,0,0
7879,Løland,Sakarias Koller,Løland S.K.,99,3501,0,0,0,skloland,20010920,0.0,0.0,0,4.0,0.0,0.0,0,0,3,0,0,0,180,0,0,0,0,73,0,59,0,66,0,69,0,67,0,60,0,62,0,72,0,73,0,72,0,73,0,66,0,74,0,74,0,0,0,0,0,0,0,0,0,0,,Loland_Sakarias-Koller,0,0,0,0,"(11,4)",0,0,0.0,0,0,0.0,0,0,0,0,0,0,0,1,0,0,0,0,0,0,1,1
7881,Skivild,Robin Juel,Skivild R.J.,119,1003,0,0,0,,20010821,0.0,0.0,0,3.0,0.0,0.0,0,0,3,0,0,0,0,0,0,0,0,66,0,69,0,69,0,70,0,60,0,58,0,58,0,58,0,63,0,64,0,62,0,65,0,67,0,72,0,0,0,0,0,0,0,0,0,0,,Skivild_Robin-Juel,0,0,0,0,(),0,0,0.0,0,0,0.0,0,0,0,0,0,0,0,0,0,0,0,0,0,0,0,0
7883,Hirteel,Jelle,Hirteel J.,110,402,0,0,0,,20030808,0.0,0.0,0,4.0,0.0,0.0,0,0,3,0,0,0,175,66,0,0,0,68,0,56,0,64,0,74,0,66,0,59,0,59,0,67,0,69,0,61,0,62,0,62,0,67,0,62,0,0,0,0,0,0,0,0,0,0,,Harteel_Jelle,0,0,0,0,(),0,0,0.0,0,0,0.0,0,0,0,0,0,0,0,0,0,0,0,0,0,0,0,0
7885,Lecerf,Junior,Lecerf J.,10,402,0,0,0,jlecerf,20021015,0.0,0.0,0,5.0,0.0,0.0,0,0,3,0,0,0,169,53,0,0,0,69,0,77,0,77,0,75,0,63,0,64,0,64,0,67,0,73,0,72,0,70,0,73,0,76,0,68,0,0,4,2,0,0,0,0,0,0,,Lecerf_Junior,0,0,0,0,"(135,25,18)",0,0,0.0,0,0,0.0,0,0,0,0,0,0,0,3,0,0,2,0,0,0,1,2
7886,Pollefliet,Gianluca,Pollefliet G.,3,402,0,0,0,gpollefliet,20020128,0.0,0.0,0,3.5,0.0,0.0,0,0,3,0,0,0,180,74,0,0,0,72,0,55,0,59,0,70,0,68,0,60,0,61,0,69,0,71,0,63,0,64,0,64,0,65,0,59,0,0,0,0,0,0,0,0,0,0,,Pollefliet_Gianluca,0,0,0,0,(4),0,0,0.0,0,0,0.0,0,0,0,0,0,0,0,0,0,0,0,0,0,0,0,0
7888,Segaert,Alec,Segaert A.,13,402,0,0,0,asegaert,20030116,0.0,0.0,0,5.0,0.0,0.0,0,0,3,0,0,0,188,79,0,0,0,78,0,61,0,68,0,70,0,76,0,76,0,75,0,59,0,65,0,74,0,75,0,71,0,72,0,80,0,0,3,4,0,0,0,0,0,0,,Segaert_Alec,0,0,0,0,(),0,0,0.0,0,0,0.0,0,0,0,0,0,0,2023,2,0,0,1,0,1,2,0,0
7889,Van Hemelen,Vincent,Van Hemelen V.,69,402,0,0,0,vvanhemelen,20001102,0.0,0.0,0,3.5,0.0,0.0,0,0,3,0,0,0,192,69,0,0,0,73,0,63,0,66,0,69,0,66,0,72,0,70,0,68,0,69,0,68,0,68,0,65,0,71,0,71,0,0,0,0,0,0,0,0,0,0,,Van-Hemelen_Vincent,0,0,0,0,(),0,0,0.0,0,0,0.0,0,0,0,0,0,0,2023,0,0,0,0,0,1,0,2,0
7890,Van Raemdonck,Cédric,Van Raemdonck C.,119,402,0,0,0,cvanraemdonck,20030311,0.0,0.0,0,3.5,0.0,0.0,0,0,3,0,0,0,170,54,0,0,0,58,0,65,0,64,0,64,0,59,0,55,0,58,0,58,0,63,0,55,0,53,0,57,0,63,0,62,0,0,0,0,0,0,0,0,0,0,,Van-Raemdonck_Cedric,0,0,0,0,(),0,0,0.0,0,0,0.0,0,0,0,0,0,0,0,0,0,0,0,0,0,0,0,0
7891,Vandenbranden,Noah,Vandenbranden N.,69,402,0,0,0,nvandenbranden,20020729,0.0,0.0,0,2.5,0.0,0.0,0,0,3,0,0,0,181,74,0,0,0,69,0,58,0,60,0,66,0,63,0,66,0,67,0,56,0,62,0,63,0,63,0,58,0,63,0,69,0,0,0,0,0,0,0,0,0,0,,Vandenbranden_Noah,0,0,0,0,(),0,0,0.0,0,0,0.0,0,0,0,0,0,0,2023,0,0,0,0,0,0,0,0,0
7892,Tronchon,Bastien,Tronchon B.,6,322,0,0,0,btronchon,20020329,0.0,0.0,0,4.5,0.0,0.0,0,0,3,0,0,0,185,72,0,0,0,73,0,66,0,73,0,76,0,72,0,64,0,66,0,69,0,72,0,73,0,73,0,67,0,76,0,71,0,0,2,4,0,0,0,0,0,0,,Tronchon_Bastien,0,0,0,0,"(43,173,25)",0,0,0.0,0,0,0.0,0,0,0,0,0,0,2023,2,1,1,0,1,1,0,1,2
7893,Peatfield,Benjamin,Peatfield B.,119,1801,0,0,0,,20030911,0.0,0.0,0,3.0,0.0,0.0,0,0,3,0,0,0,188,76,0,0,0,65,0,55,0,58,0,67,0,62,0,60,0,60,0,64,0,63,0,58,0,58,0,56,0,62,0,67,0,0,0,0,0,0,0,0,0,0,,Peatfield_Benjamin,0,0,0,0,(),0,0,0.0,0,0,0.0,0,0,0,0,0,0,0,0,0,0,0,0,0,0,0,0
7894,Cowan,Quentin,Cowan Q.,119,2201,0,0,0,,20031125,0.0,0.0,0,2.5,0.0,0.0,0,0,3,0,0,0,0,0,0,0,0,58,0,63,0,63,0,65,0,56,0,55,0,54,0,56,0,57,0,55,0,53,0,57,0,62,0,62,0,0,0,0,0,0,0,0,0,0,,Cowan_Quentin,0,0,0,0,(),0,0,0.0,0,0,0.0,0,0,0,0,0,0,0,0,0,0,0,0,0,0,0,0
7896,Pouvreault,Grégory,Pouvreault G.,119,320,0,0,0,,20030625,0.0,0.0,0,3.0,0.0,0.0,0,0,3,0,0,0,0,0,0,0,0,65,0,54,0,56,0,64,0,60,0,63,0,64,0,62,0,64,0,56,0,57,0,57,0,61,0,59,0,0,0,0,0,0,0,0,0,0,,Pouvreault_Gregory,0,0,0,0,(),0,0,0.0,0,0,0.0,0,0,0,0,0,0,0,0,0,0,0,0,0,0,0,0
7898,George,Alfred,George A.,119,1801,0,0,0,,20010130,0.0,0.0,0,3.5,0.0,0.0,0,0,3,0,0,0,0,0,0,0,0,63,0,54,0,57,0,66,0,62,0,60,0,62,0,66,0,69,0,54,0,56,0,54,0,59,0,56,0,0,0,0,0,0,0,0,0,0,,George_Alfred,0,0,0,0,(),0,0,0.0,0,0,0.0,0,0,0,0,0,0,0,0,0,0,0,0,0,0,0,0
7899,Vercher,Mattéo,Vercher M.,25,322,0,0,0,mvercher,20010126,0.0,0.0,0,4.0,0.0,0.0,0,0,3,0,0,0,171,0,0,0,0,71,0,64,0,72,0,74,0,63,0,60,0,62,0,68,0,68,0,71,0,72,0,68,0,75,0,71,0,0,2,4,0,0,0,0,0,0,,Vercher_Matteo,0,0,0,0,(),0,0,0.0,0,0,0.0,0,0,0,0,0,0,2023,1,2,0,0,0,0,0,1,1
7900,Rolland,Brieuc,Rolland B.,6,305,0,0,0,brolland,20030813,0.0,0.0,0,4.5,0.0,0.0,0,0,3,0,0,0,179,61,0,0,0,68,0,73,0,72,0,70,0,60,0,64,0,64,0,58,0,68,0,69,0,67,0,70,0,71,0,75,0,0,4,3,0,0,0,0,0,0,,Rolland_Brieuc,0,0,0,0,(),0,0,0.0,0,0,0.0,0,0,0,0,0,0,0,0,0,0,1,0,0,0,0,1
7901,Seguin,Yanis,Seguin Y.,119,320,0,0,0,,20030128,0.0,0.0,0,3.0,0.0,0.0,0,0,3,0,0,0,0,0,0,0,0,60,0,61,0,63,0,68,0,62,0,58,0,59,0,63,0,66,0,56,0,56,0,57,0,65,0,64,0,0,0,0,0,0,0,0,0,0,,Seguin_Yanis,0,0,0,0,(),0,0,0.0,0,0,0.0,0,0,0,0,0,0,0,0,0,0,0,0,0,0,0,0
7903,Sulgueiro,Carlos,Sulgueiro C.,38,2903,0,0,0,,19990609,0.0,0.0,0,3.0,0.0,0.0,0,0,3,0,0,0,183,68,0,0,0,69,0,64,0,65,0,71,0,63,0,65,0,66,0,64,0,63,0,65,0,64,0,65,0,68,0,72,0,0,0,0,0,0,0,0,0,0,,Salgueiro_Carlos,0,0,0,0,(),0,0,0.0,0,0,0.0,0,0,0,0,0,0,0,0,0,0,0,0,0,0,0,0
7905,Aliyev,Ruslan,Aliyev R.,119,1301,0,0,0,,20030807,0.0,0.0,0,3.0,0.0,0.0,0,0,3,0,0,0,0,0,0,0,0,57,0,59,0,60,0,67,0,57,0,56,0,54,0,57,0,63,0,53,0,53,0,56,0,60,0,62,0,0,0,0,0,0,0,0,0,0,,Aliyev_Ruslan,0,0,0,0,(),0,0,0.0,0,0,0.0,0,0,0,0,0,0,0,0,0,0,0,0,0,0,0,0
7906,Kirnos,Daniil,Kirnos D.,119,1301,0,0,0,,20030107,0.0,0.0,0,1.0,0.0,0.0,0,0,3,0,0,0,0,0,0,0,0,55,0,60,0,61,0,64,0,57,0,52,0,53,0,53,0,57,0,55,0,57,0,55,0,61,0,58,0,0,0,0,0,0,0,0,0,0,,Kirnos_Daniil,0,0,0,0,(),0,0,0.0,0,0,0.0,0,0,0,0,0,0,0,0,0,0,0,0,0,0,0,0
7907,Koltunov,Vladimir,Koltunov V.,119,1301,0,0,0,,20030107,0.0,0.0,0,2.5,0.0,0.0,0,0,3,0,0,0,0,0,0,0,0,62,0,62,0,62,0,68,0,57,0,58,0,60,0,60,0,63,0,61,0,61,0,63,0,64,0,68,0,0,0,0,0,0,0,0,0,0,,Koltunov_Vladimir,0,0,0,0,(),0,0,0.0,0,0,0.0,0,0,0,0,0,0,0,0,0,0,0,0,0,0,0,0
7909,Strelnikov,Yegor,Strelnikov Y.,119,1301,0,0,0,,20031001,0.0,0.0,0,2.5,0.0,0.0,0,0,3,0,0,0,0,0,0,0,0,59,0,60,0,62,0,68,0,53,0,53,0,54,0,52,0,56,0,54,0,57,0,53,0,63,0,64,0,0,0,0,0,0,0,0,0,0,,Strelnikov_Yegor,0,0,0,0,(),0,0,0.0,0,0,0.0,0,0,0,0,0,0,0,0,0,0,0,0,0,0,0,0
7910,Honda,Haruhi,Honda H.,119,2101,0,0,0,,20000402,0.0,0.0,0,2.0,0.0,0.0,0,0,3,0,0,0,0,0,0,0,0,63,0,58,0,60,0,63,0,57,0,57,0,58,0,62,0,64,0,57,0,57,0,57,0,62,0,66,0,0,0,0,0,0,0,0,0,0,,Honda_Haruhi,0,0,0,0,(),0,0,0.0,0,0,0.0,0,0,0,0,0,0,0,0,0,0,0,0,0,0,0,0
7915,Keogh,Cian,Keogh C.,119,3101,0,0,0,,19990406,0.0,0.0,0,2.5,0.0,0.0,0,0,3,0,0,0,193,70,0,0,0,64,0,55,0,57,0,65,0,61,0,64,0,64,0,56,0,54,0,54,0,58,0,53,0,59,0,70,0,0,0,0,0,0,0,0,0,0,,Keogh_Cian,0,0,0,0,(),0,0,0.0,0,0,0.0,0,0,0,0,0,0,0,0,0,0,0,0,0,0,0,0
7916,McLaughlin,Mitchell,McLaughlin M.,119,3101,0,0,0,,19980318,0.0,0.0,0,2.0,0.0,0.0,0,0,3,0,0,0,0,0,0,0,0,63,0,53,0,56,0,65,0,56,0,58,0,56,0,57,0,64,0,54,0,54,0,57,0,59,0,57,0,0,0,0,0,0,0,0,0,0,,Mclaughlin_Mitchell,0,0,0,0,(),0,0,0.0,0,0,0.0,0,0,0,0,0,0,0,0,0,0,0,0,0,0,0,0
7921,McDunphy,Conn,McDunphy C.,119,3101,0,0,0,,19970203,0.0,0.0,0,3.0,0.0,0.0,0,0,3,0,0,0,0,0,0,0,0,68,0,61,0,64,0,70,0,64,0,60,0,61,0,60,0,63,0,63,0,63,0,65,0,66,0,62,0,0,0,0,0,0,0,0,0,0,,Mcdunphy_Conn,0,0,0,0,(),0,0,0.0,0,0,0.0,0,0,0,0,0,0,0,1,0,0,0,0,0,0,0,0
7922,Verheyen,Maarten,Verheyen M.,119,402,0,0,0,,19990622,0.0,0.0,0,3.0,0.0,0.0,0,0,3,0,0,0,0,0,0,0,0,67,0,56,0,60,0,68,0,65,0,59,0,58,0,65,0,68,0,61,0,62,0,60,0,64,0,56,0,0,0,0,0,0,0,0,0,0,,Verheyen_Maarten,0,0,0,0,(),0,0,0.0,0,0,0.0,0,0,0,0,0,0,0,0,0,0,0,0,0,0,0,0
7925,Masi,Danilo,Masi D.,119,201,0,0,0,,20020821,0.0,0.0,0,3.0,0.0,0.0,0,0,3,0,0,0,0,0,0,0,0,54,0,55,0,57,0,67,0,58,0,55,0,55,0,53,0,53,0,53,0,56,0,56,0,59,0,55,0,0,0,0,0,0,0,0,0,0,,Masi_Danilo,0,0,0,0,(),0,0,0.0,0,0,0.0,0,0,0,0,0,0,0,0,0,0,0,0,0,0,0,0
7927,Fievez,Philippe,Fievez P.,119,401,0,0,0,,20020605,0.0,0.0,0,2.5,0.0,0.0,0,0,3,0,0,0,0,0,0,0,0,63,0,55,0,57,0,69,0,63,0,58,0,58,0,60,0,63,0,55,0,56,0,58,0,59,0,71,0,0,0,0,0,0,0,0,0,0,,Fievez_Philippe,0,0,0,0,(),0,0,0.0,0,0,0.0,0,0,0,0,0,0,0,0,0,0,0,0,0,0,0,0
7928,Nys,Thibau,Nys T.,11,402,0,0,0,tnys,20021112,0.0,0.0,0,5.0,0.0,0.0,0,0,3,0,0,0,176,64,0,0,0,72,0,67,0,75,0,81,0,73,0,65,0,72,0,72,0,81,0,71,0,76,0,69,0,78,0,68,0,0,1,4,0,0,0,0,0,0,,Nys_Thibau,0,0,0,0,(),0,0,0.0,0,0,0.0,0,0,0,0,0,0,2023,12,1,0,0,0,0,0,1,0
7929,Szekely,Nathan,Szekely N.,119,402,0,0,0,,20010826,0.0,0.0,0,3.0,0.0,0.0,0,0,3,0,0,0,0,0,0,0,0,65,0,56,0,59,0,66,0,65,0,58,0,59,0,65,0,67,0,58,0,56,0,60,0,61,0,61,0,0,0,0,0,0,0,0,0,0,,Szekely_Nathan,0,0,0,0,(),0,0,0.0,0,0,0.0,0,0,0,0,0,0,0,0,0,0,0,0,0,0,0,0
7931,Gautherat,Pierre,Gautherat P.,3,313,0,0,0,pgautherat,20030116,0.0,0.0,0,4.5,0.0,0.0,0,0,3,0,0,0,177,70,0,0,0,74,0,58,0,63,0,73,0,73,0,66,0,75,0,72,0,74,0,73,0,75,0,65,0,74,0,71,0,0,2,4,0,0,0,0,0,0,,Gautherat_Pierre,0,0,0,0,"(4,11)",0,0,0.0,0,0,0.0,0,0,0,0,0,0,2023,1,0,0,0,1,3,3,0,0
7932,Syritsa,Gleb,Syritsa G.,12,1501,0,0,0,gsyritsa,20000414,0.0,0.0,0,3.0,0.0,0.0,0,0,3,0,0,0,189,85,0,0,0,73,0,53,0,56,0,65,0,62,0,67,0,72,0,73,0,73,0,67,0,69,0,56,0,60,0,60,0,0,0,0,0,0,0,0,0,0,,Syritsa_Gleb,0,0,0,0,(),0,0,0.0,0,0,0.0,0,0,0,0,0,0,2023,4,0,0,0,1,2,2,0,0
7933,Miholjević,Fran,Miholjević F.,13,4401,0,0,0,fmiholjevic,20020802,0.0,0.0,0,3.0,0.0,0.0,0,0,3,0,0,0,189,72,0,0,0,70,0,66,0,69,0,73,0,64,0,68,0,69,0,62,0,65,0,66,0,66,0,65,0,71,0,73,0,0,0,0,0,0,0,0,0,0,,Miholjevic_Fran,0,0,0,0,(),0,0,0.0,0,0,0.0,0,0,0,0,0,0,2023,3,0,1,1,1,1,2,1,0
7934,Scott,Cameron,Scott C.,119,2001,0,0,0,cscott,19980104,0.0,0.0,0,3.5,0.0,0.0,0,0,3,0,0,0,183,80,0,0,0,71,0,54,0,59,0,65,0,66,0,65,0,73,0,71,0,71,0,63,0,65,0,62,0,64,0,60,0,0,0,0,0,0,0,0,0,0,,Scott_Cameron,0,0,0,0,(),0,0,0.0,0,0,0.0,0,0,0,0,0,0,2023,1,0,0,0,0,0,1,0,0
7935,Leonard,Michael,Leonard M.,5,2201,0,0,0,mleonard,20040326,0.0,0.0,0,4.5,0.0,0.0,0,0,3,0,0,0,170,60,0,0,0,70,0,70,0,71,0,67,0,60,0,74,0,73,0,56,0,63,0,66,0,63,0,63,0,71,0,73,0,0,0,0,0,0,0,0,64,0,,Leonard_Michael,0,0,0,0,(),0,0,0.0,0,0,0.0,0,0,0,0,0,0,2023,1,0,0,0,0,0,0,0,0
7936,Tarling,Joshua,Tarling J.,2,1801,0,0,0,jtarling,20040215,0.0,0.0,0,5.0,0.0,0.0,0,0,3,0,0,0,194,88,0,0,0,77,0,62,0,69,0,72,0,73,0,81,0,81,0,57,0,58,0,69,0,71,0,65,0,71,0,73,0,0,2,4,0,0,0,0,5,0,,Tarling_Joshua,0,0,0,0,"(4,11,248)",0,0,0.0,0,0,0.0,0,0,0,0,0,0,2023,9,0,1,1,0,1,3,0,0
7937,Mihkels,Madis,Mihkels M.,5,1201,0,0,0,mmihkels,20030531,0.0,0.0,0,4.5,0.0,0.0,0,0,3,0,0,0,184,75,0,0,0,73,0,55,0,61,0,73,0,73,0,60,0,60,0,75,0,74,0,71,0,72,0,64,0,70,0,65,0,0,0,0,0,0,0,0,128,0,,Mihkels_Madis,0,0,0,0,(),0,0,0.0,0,0,0.0,0,0,0,0,0,0,2023,3,0,1,1,1,0,3,0,0
7938,Gloag,Thomas,Gloag T.,97,1801,0,0,0,tgloag,20010913,0.0,0.0,0,5.0,0.0,0.0,0,0,3,0,0,0,175,62,0,0,0,66,0,74,0,74,0,69,0,61,0,64,0,64,0,64,0,71,0,69,0,68,0,69,0,73,0,65,0,0,0,0,0,0,0,0,0,0,,Gloag_Thomas,0,0,0,0,(),0,0,0.0,0,0,0.0,0,0,0,0,0,0,2023,1,0,1,0,0,0,0,0,0
7939,Costiou,Ewen,Costiou E.,6,305,0,0,0,ecostiou,20021110,0.0,0.0,0,4.0,0.0,0.0,0,0,3,0,0,0,176,64,0,0,0,72,0,70,0,73,0,71,0,65,0,72,0,73,0,68,0,71,0,71,0,72,0,71,0,76,0,71,0,0,3,3,0,0,0,0,0,0,,Costiou_Ewen,0,0,0,0,(),0,0,0.0,0,0,0.0,0,0,0,0,0,0,2023,2,1,1,0,0,0,0,0,1
7940,Le Berre,Mathis,Le Berre M.,25,305,0,0,0,mleberre,20010416,0.0,0.0,0,4.0,0.0,0.0,0,0,3,0,0,0,176,68,0,0,0,70,0,62,0,66,0,71,0,69,0,63,0,63,0,68,0,71,0,67,0,68,0,68,0,72,0,74,0,0,0,0,0,0,0,0,0,0,,Le-Berre_Mathis,0,0,0,0,(),0,0,0.0,0,0,0.0,0,0,0,0,0,0,2023,0,1,0,2,2,1,0,2,0
7941,Dinham,Matthew,Dinham M.,15,2001,0,0,0,mdinham,20000409,0.0,0.0,0,3.5,0.0,0.0,0,0,3,0,0,0,175,63,0,0,0,69,0,69,0,72,0,71,0,64,0,62,0,63,0,60,0,64,0,67,0,69,0,66,0,72,0,61,0,0,0,0,0,0,0,0,0,0,,Dinham_Matthew,0,0,0,0,(43),0,0,0.0,0,0,0.0,0,0,0,0,0,0,2023,0,1,0,0,1,0,0,2,1
7942,Porter,Rudy,Porter R.,20,2001,0,0,0,rporter,20001215,0.0,0.0,0,4.0,0.0,0.0,0,0,3,0,0,0,179,66,0,0,0,66,0,71,0,73,0,70,0,63,0,64,0,63,0,58,0,61,0,66,0,65,0,66,0,71,0,69,0,0,0,0,0,0,0,0,0,0,,Porter_Rudy,0,0,0,0,(),0,0,0.0,0,0,0.0,0,0,0,0,0,0,2023,0,0,0,0,0,0,0,0,0
7943,Alleno,Clément,Alleno C.,92,305,0,0,0,calleno,20001008,0.0,0.0,0,4.0,0.0,0.0,0,0,3,0,0,0,180,69,0,0,0,70,0,66,0,72,0,71,0,69,0,67,0,68,0,68,0,69,0,68,0,68,0,65,0,74,0,68,0,0,0,0,0,0,0,0,0,0,,Alleno_Clement,0,0,0,0,(),0,0,0.0,0,0,0.0,0,0,0,0,0,0,2023,0,0,0,0,0,0,0,0,0
7944,Álvarez,Rodrigo,Álvarez R.,92,808,0,0,0,ralvarez,19990824,0.0,0.0,0,2.5,0.0,0.0,0,0,3,0,0,0,175,65,0,0,0,67,0,62,0,64,0,69,0,60,0,57,0,57,0,61,0,59,0,64,0,63,0,64,0,64,0,67,0,0,0,0,0,0,0,0,0,0,,Alvarez_Rodrigo,0,0,0,0,(),0,0,0.0,0,0,0.0,0,0,0,0,0,0,2023,0,0,0,0,0,0,0,0,0
7945,Fagúndez,Eric Antonio,Fagúndez E.A.,92,6701,0,0,0,eafagundez,19980819,0.0,0.0,0,3.5,0.0,0.0,0,0,3,0,0,0,180,67,0,0,0,69,0,72,0,74,0,66,0,67,0,67,0,66,0,66,0,71,0,69,0,71,0,66,0,75,0,61,0,0,0,0,0,0,0,0,0,0,,Fagundez_Eric-Antonio,0,0,0,0,(),0,0,0.0,0,0,0.0,0,0,0,0,0,0,2023,4,0,0,2,0,0,0,0,0
7948,Balderstone,Abel,Balderstone A.,35,809,0,0,0,abalderstone,20000707,0.0,0.0,0,3.5,0.0,0.0,0,0,3,0,0,0,179,61,0,0,0,69,0,73,0,74,0,67,0,58,0,68,0,65,0,58,0,67,0,70,0,67,0,65,0,71,0,66,0,0,0,0,0,0,0,0,64,0,,Balderstone_Abel,0,0,0,0,(),0,0,0.0,0,0,0.0,0,0,0,0,0,0,2023,1,0,0,2,0,0,0,0,0
7949,Bárta,Tomás,Bárta T.,119,3301,0,0,0,tbarta,19990428,0.0,0.0,0,3.0,0.0,0.0,0,0,3,0,0,0,188,77,0,0,0,72,0,54,0,62,0,70,0,63,0,57,0,56,0,71,0,70,0,62,0,64,0,60,0,68,0,60,0,0,0,0,0,0,0,0,0,0,,Barta_Tomas,0,0,0,0,(),0,0,0.0,0,0,0.0,0,0,0,0,0,0,2023,0,0,0,0,0,0,0,0,0
7950,López,Joseba,López Jo.,35,816,0,0,0,joslopez,20000305,0.0,0.0,0,3.0,0.0,0.0,0,0,3,0,0,0,182,66,0,0,0,66,0,65,0,68,0,70,0,65,0,58,0,58,0,54,0,60,0,63,0,62,0,62,0,67,0,61,0,0,0,0,0,0,0,0,0,0,,Lopez_Joseba,0,0,0,0,(),0,0,0.0,0,0,0.0,0,0,0,0,0,0,2023,0,0,0,0,0,0,0,0,0
7951,Pietrobon,Andrea,Pietrobon A.,102,206,0,0,0,apietrobon,19990311,0.0,0.0,0,3.0,0.0,0.0,0,0,3,0,0,0,191,72,0,0,0,73,0,63,0,65,0,67,0,60,0,63,0,63,0,61,0,68,0,66,0,68,0,68,0,68,0,76,0,0,0,0,0,0,0,0,0,0,,Pietrobon_Andrea,0,0,0,0,(),0,0,0.0,0,0,0.0,0,0,0,0,0,0,0,0,0,2,0,1,0,0,0,0
7952,Piganzoli,Davide,Piganzoli D.,14,204,0,0,0,dpiganzoli,20020708,0.0,0.0,0,4.5,0.0,0.0,0,0,3,0,0,0,174,61,0,0,0,68,0,79,0,78,0,73,0,63,0,68,0,68,0,59,0,71,0,73,0,71,0,72,0,76,0,65,0,0,4,3,0,0,0,0,0,0,,Piganzoli_Davide,0,0,0,0,(172),0,0,0.0,0,0,0.0,0,0,0,0,0,0,0,2,0,2,0,0,0,0,0,3
7954,Serrano,Javier,Serrano J.,102,814,0,0,0,jserrano,20010417,0.0,0.0,0,3.0,0.0,0.0,0,0,3,0,0,0,172,60,0,0,0,69,0,59,0,61,0,73,0,66,0,60,0,60,0,68,0,68,0,63,0,65,0,63,0,66,0,66,0,0,0,0,0,0,0,0,0,0,,Serrano_Javier,0,0,0,0,(),0,0,0.0,0,0,0.0,0,0,0,0,0,0,0,0,0,0,0,0,0,0,0,0
7955,Tercero,Fernando,Tercero F.,102,807,0,0,0,ftercero,20011228,0.0,0.0,0,3.5,0.0,0.0,0,0,3,0,0,0,182,65,0,0,0,64,0,73,0,72,0,65,0,57,0,64,0,64,0,55,0,69,0,67,0,64,0,67,0,70,0,65,0,0,0,0,0,0,0,0,0,0,,Tercero_Fernando,0,0,0,0,(),0,0,0.0,0,0,0.0,0,0,0,0,0,0,0,0,0,0,0,0,0,0,0,1
7956,Retegi,Mikel,Retegi M.,70,815,0,0,0,mretegi,20010427,0.0,0.0,0,3.5,0.0,0.0,0,0,3,0,0,0,177,64,0,0,0,68,0,60,0,64,0,68,0,65,0,61,0,61,0,61,0,64,0,64,0,65,0,61,0,70,0,65,0,0,0,0,0,0,0,0,0,0,,Retegi_Mikel,0,0,0,0,(),0,0,0.0,0,0,0.0,0,0,0,0,0,0,2023,0,0,0,0,0,0,0,1,0
7958,Berasategi,Xabier,Berasategi X.,100,816,0,0,0,xberasategi,20000408,0.0,0.0,0,4.0,0.0,0.0,0,0,3,0,0,0,0,0,0,0,0,70,0,65,0,70,0,70,0,64,0,59,0,60,0,69,0,73,0,68,0,70,0,66,0,73,0,62,0,0,0,0,0,0,0,0,0,0,,Berasategi_Xabier,0,0,0,0,(),0,0,0.0,0,0,0.0,0,0,0,0,0,0,2023,0,0,0,1,0,0,0,0,0
7960,Lópaz de Abetxuko,Andoni,Lópaz de Abetxuko A.,105,816,0,0,0,,19990803,0.0,0.0,0,3.5,0.0,0.0,0,0,3,0,0,0,185,74,0,0,0,72,0,62,0,65,0,72,0,65,0,62,0,64,0,68,0,70,0,63,0,65,0,64,0,68,0,69,0,0,0,0,0,0,0,0,0,0,,Lopez-de-Abetxuko_Andoni,0,0,0,0,(),0,0,0.0,0,0,0.0,0,0,0,0,0,0,2023,0,0,0,0,0,0,0,0,0
7961,Conforti,Lorenzo,Conforti L.,81,205,0,0,0,lconforti,20040522,0.0,0.0,0,4.0,0.0,0.0,0,0,3,0,0,0,0,0,0,0,0,68,0,58,0,61,0,66,0,64,0,63,0,65,0,69,0,69,0,64,0,65,0,61,0,66,0,56,0,0,0,0,0,0,0,0,0,0,,Conforti_Lorenzo,0,0,0,0,(),0,0,0.0,0,0,0.0,0,0,0,0,0,0,2023,0,0,0,0,0,0,0,0,0
7962,Lucca,Riccardo,Lucca R.,119,205,0,0,0,rlucca,19970224,0.0,0.0,0,3.0,0.0,0.0,0,0,3,0,0,0,184,74,0,0,0,69,0,64,0,67,0,69,0,62,0,63,0,63,0,58,0,58,0,64,0,64,0,66,0,68,0,74,0,0,0,0,0,0,0,0,0,0,,Lucca_Riccardo,0,0,0,0,(),0,0,0.0,0,0,0.0,0,0,0,0,0,0,2023,1,0,0,0,1,0,0,0,1
7963,Magli,Filippo,Magli F.,81,209,0,0,0,fmagli,19990429,0.0,0.0,0,3.5,0.0,0.0,0,0,3,0,0,0,0,0,0,0,0,70,0,62,0,69,0,70,0,70,0,61,0,62,0,69,0,69,0,68,0,69,0,68,0,73,0,73,0,0,0,0,0,0,0,0,0,0,,Magli_Filippo,0,0,0,0,(),0,0,0.0,0,0,0.0,0,0,0,0,0,0,2023,0,0,2,0,2,0,0,0,2
7964,Paletti,Luca,Paletti L.,81,208,0,0,0,lpaletti,20040605,0.0,0.0,0,4.0,0.0,0.0,0,0,3,0,0,0,0,0,0,0,0,68,0,70,0,72,0,71,0,65,0,62,0,63,0,66,0,70,0,70,0,68,0,64,0,73,0,73,0,0,0,0,0,0,0,0,0,0,,Paletti_Luca,0,0,0,0,(),0,0,0.0,0,0,0.0,0,0,0,0,0,0,2023,0,0,0,0,1,0,0,0,0
7965,Scalco,Matteo,Scalco M.,212,206,0,0,0,mscalco,20040625,0.0,0.0,0,4.0,0.0,0.0,0,0,3,0,0,0,0,0,0,0,0,68,0,71,0,72,0,65,0,62,0,66,0,70,0,63,0,61,0,66,0,66,0,68,0,73,0,64,0,0,0,0,0,0,0,0,0,0,,Scalco_Matteo,0,0,0,0,(),0,0,0.0,0,0,0.0,0,0,0,0,0,0,2023,0,0,0,0,0,0,0,0,1
7969,Lemmen,Bart,Lemmen B.,14,508,0,0,0,blemmen,19951014,0.0,0.0,0,4.5,0.0,0.0,0,0,3,0,0,0,180,67,0,0,0,73,0,70,0,75,0,66,0,65,0,70,0,69,0,63,0,66,0,69,0,69,0,69,0,75,0,67,0,0,3,2,0,0,0,0,0,0,,Lemmen_Bart,0,0,0,0,(),0,0,0.0,0,0,0.0,0,0,0,0,0,0,0,0,1,1,0,0,0,0,0,2
7970,McGill,Scott,McGill S.,60,601,0,0,0,smcgill,19980920,0.0,0.0,0,3.0,0.0,0.0,0,0,3,0,0,0,0,0,0,0,0,67,0,56,0,58,0,69,0,62,0,56,0,59,0,70,0,69,0,63,0,64,0,67,0,64,0,59,0,0,0,0,0,0,0,0,0,0,,Mcgill_Scott,0,0,0,0,(),0,0,0.0,0,0,0.0,0,0,0,0,0,0,0,2,0,0,0,0,0,0,0,0
7971,Gerits,Vince,Gerits V.,119,402,0,0,0,,19970926,0.0,0.0,0,2.0,0.0,0.0,0,0,3,0,0,0,171,67,0,0,0,68,0,59,0,59,0,62,0,62,0,57,0,57,0,59,0,61,0,61,0,60,0,58,0,62,0,59,0,0,0,0,0,0,0,0,0,0,,Gerits_Vince,0,0,0,0,(),0,0,0.0,0,0,0.0,0,0,0,0,0,0,2023,0,0,0,0,0,0,0,0,0
7975,Camprubí,Marcel,Camprubí M.,97,809,0,0,0,mcamprubi,20010915,0.0,0.0,0,4.0,0.0,0.0,0,0,3,0,0,0,178,69,0,0,0,70,0,68,0,73,0,68,0,65,0,61,0,61,0,60,0,67,0,67,0,69,0,68,0,74,0,59,0,0,0,0,0,0,0,0,0,0,,Camprubi_Marcel,0,0,0,0,(),0,0,0.0,0,0,0.0,0,0,0,0,0,0,2023,0,0,0,1,0,0,1,1,1
7976,Calzoni,Walter,Calzoni W.,97,204,0,0,0,wcalzoni,20010808,0.0,0.0,0,4.5,0.0,0.0,0,0,3,0,0,0,172,60,0,0,0,67,0,65,0,70,0,72,0,65,0,63,0,62,0,62,0,69,0,65,0,66,0,68,0,71,0,55,0,0,0,0,0,0,0,0,0,0,,Calzoni_Walter,0,0,0,0,(),0,0,0.0,0,0,0.0,0,0,0,0,0,0,2023,0,0,0,0,0,0,0,0,2
7977,Haming,Miká,Haming M.,163,710,0,0,0,,20000406,0.0,0.0,0,3.5,0.0,0.0,0,0,3,0,0,0,183,68,0,0,0,68,0,59,0,64,0,68,0,65,0,65,0,68,0,68,0,71,0,64,0,66,0,66,0,69,0,65,0,0,0,0,0,0,0,0,0,0,,Heming_Mika,0,0,0,0,(),0,0,0.0,0,0,0.0,0,0,0,0,0,0,0,0,0,0,0,1,0,1,1,0
7978,Amella,Matteo,Amella M.,119,206,0,0,0,mamella,20011026,0.0,0.0,0,2.5,0.0,0.0,0,0,3,0,0,0,0,0,0,0,0,60,0,65,0,64,0,64,0,59,0,55,0,57,0,50,0,61,0,59,0,59,0,61,0,64,0,61,0,0,0,0,0,0,0,0,0,0,,Amella_Matteo,0,0,0,0,(),0,0,0.0,0,0,0.0,0,0,0,0,0,0,2022,0,0,0,0,0,0,0,0,1
7985,Stöckli,Jan,Stöckli J.,225,1701,0,0,0,jstockli,19990108,0.0,0.0,0,3.0,0.0,0.0,0,0,3,0,0,0,0,0,0,0,0,62,0,61,0,65,0,67,0,58,0,62,0,61,0,60,0,62,0,62,0,63,0,60,0,67,0,59,0,0,0,0,0,0,0,0,0,0,,Stockli_Jan,0,0,0,0,(),0,0,0.0,0,0,0.0,0,0,0,0,0,0,2022,0,0,0,0,0,0,0,0,0
7987,Quartucci,Lorenzo,Quartucci L.,92,209,0,0,0,lquartucci,19990405,0.0,0.0,0,3.5,0.0,0.0,0,0,3,0,0,0,170,64,0,0,0,69,0,67,0,71,0,69,0,63,0,60,0,62,0,67,0,71,0,67,0,68,0,67,0,74,0,60,0,0,0,0,0,0,0,0,0,0,,Quartucci_Lorenzo,0,0,0,0,(),0,0,0.0,0,0,0.0,0,0,0,0,0,0,2023,1,0,0,0,1,0,0,0,0
7988,Batt,Ethan,Batt E.,119,3401,0,0,0,ebatt,19980820,0.0,0.0,0,2.5,0.0,0.0,0,0,3,0,0,0,190,76,0,0,0,66,0,55,0,59,0,73,0,64,0,61,0,61,0,61,0,59,0,58,0,59,0,62,0,63,0,64,0,0,0,0,0,0,0,0,0,0,,Batt_Ethan,0,0,0,0,(),0,0,0.0,0,0,0.0,0,0,0,0,0,0,0,0,0,0,0,0,0,0,0,0
7989,Burnett,Josh,Burnett J.,92,3401,0,0,0,jburnett,20001026,0.0,0.0,0,3.5,0.0,0.0,0,0,3,0,0,0,187,73,0,0,0,66,0,65,0,70,0,71,0,64,0,63,0,63,0,61,0,67,0,65,0,67,0,61,0,71,0,74,0,0,0,0,0,0,0,0,0,0,,Burnett_Josh,0,0,0,0,(),0,0,0.0,0,0,0.0,0,0,0,0,0,0,0,0,0,0,0,0,0,0,0,0
7990,Currie,Logan,Currie L.,119,3401,0,0,0,lcurrie,20010624,0.0,0.0,0,4.0,0.0,0.0,0,0,3,0,0,0,168,66,0,0,0,68,0,66,0,69,0,67,0,65,0,69,0,69,0,61,0,64,0,67,0,67,0,65,0,71,0,68,0,0,0,0,0,0,0,0,1,0,,Currie_Logan,0,0,0,0,(),0,0,0.0,0,0,0.0,0,0,0,0,0,0,0,1,0,0,0,0,0,0,2,0
7991,Fitzsimons,Mitchel,Fitzsimons M.,119,3401,0,0,0,mfitzsimons,20030109,0.0,0.0,0,3.0,0.0,0.0,0,0,3,0,0,0,0,0,0,0,0,64,0,56,0,57,0,65,0,64,0,57,0,58,0,66,0,65,0,59,0,60,0,58,0,60,0,61,0,0,0,0,0,0,0,0,0,0,,Fitzsimons_Mitchel,0,0,0,0,(),0,0,0.0,0,0,0.0,0,0,0,0,0,0,0,0,0,0,0,0,0,0,0,0
7994,Jackson,George,Jackson G.,119,3401,0,0,0,gjackson,20000220,0.0,0.0,0,3.5,0.0,0.0,0,0,3,0,0,0,189,74,0,0,0,69,0,60,0,63,0,70,0,63,0,62,0,65,0,69,0,69,0,65,0,65,0,63,0,67,0,75,0,0,0,0,0,0,0,0,0,0,,Jackson_George,0,0,0,0,(),0,0,0.0,0,0,0.0,0,0,0,0,0,0,0,5,0,0,0,0,0,0,0,0
7995,Jones,Ollie,Jones O.,119,3401,0,0,0,ojones,19960423,0.0,0.0,0,3.0,0.0,0.0,0,0,3,0,0,0,189,75,0,0,0,63,0,65,0,66,0,67,0,61,0,62,0,63,0,57,0,62,0,62,0,60,0,65,0,67,0,60,0,0,0,0,0,0,0,0,0,0,,Jones_Ollie,0,0,0,0,(),0,0,0.0,0,0,0.0,0,0,0,0,0,0,0,0,0,0,0,0,0,0,0,0
7996,Kench,Josch,Kench J.,6,3401,0,0,0,jkench,20010506,0.0,0.0,0,4.0,0.0,0.0,0,0,3,0,0,0,0,0,0,0,0,66,0,71,0,72,0,66,0,60,0,67,0,67,0,60,0,63,0,67,0,65,0,69,0,71,0,65,0,0,0,0,0,0,0,0,0,0,,Kench_Josch,0,0,0,0,(),0,0,0.0,0,0,0.0,0,0,0,0,0,0,0,0,0,0,0,0,0,0,0,0
7997,O'Donnell,Bailey,O'Donnell B.,119,3401,0,0,0,,20000925,0.0,0.0,0,3.0,0.0,0.0,0,0,3,0,0,0,0,0,0,0,0,65,0,56,0,58,0,60,0,64,0,58,0,58,0,66,0,69,0,57,0,59,0,59,0,63,0,59,0,0,0,0,0,0,0,0,0,0,,Oconnell_Bailey,0,0,0,0,(),0,0,0.0,0,0,0.0,0,0,0,0,0,0,0,0,0,0,0,0,0,0,0,0
7998,Sexton,Tom,Sexton T.,119,3401,0,0,0,tsexton,19981119,0.0,0.0,0,3.0,0.0,0.0,0,0,3,0,0,0,183,71,0,0,0,67,0,57,0,58,0,65,0,60,0,65,0,68,0,60,0,65,0,60,0,63,0,62,0,65,0,72,0,0,0,0,0,0,0,0,0,0,,Sexton_Tom,0,0,0,0,(),0,0,0.0,0,0,0.0,0,0,0,0,0,0,0,2,0,0,0,0,0,0,0,0
8001,Juillard,Maximilien,Juillard M.,119,322,0,0,0,mjuillard,20011213,0.0,0.0,0,3.0,0.0,0.0,0,0,3,0,0,0,175,60,0,0,0,67,0,65,0,67,0,69,0,62,0,61,0,61,0,60,0,63,0,62,0,64,0,62,0,70,0,61,0,0,0,0,0,0,0,0,0,0,,Juillard_Maximilien,0,0,0,0,(),0,0,0.0,0,0,0.0,0,0,0,0,0,0,0,0,0,0,0,0,0,0,0,0
8002,Guillon,Célestin,Guillon C.,119,318,0,0,0,cguillon,19960407,0.0,0.0,0,3.0,0.0,0.0,0,0,3,0,0,0,172,66,0,0,0,67,0,61,0,64,0,70,0,62,0,56,0,58,0,62,0,65,0,65,0,63,0,64,0,67,0,68,0,0,0,0,0,0,0,0,0,0,,Guillon_Celestin,0,0,0,0,(),0,0,0.0,0,0,0.0,0,0,0,0,0,0,0,0,0,0,0,0,0,0,0,0
8004,Gachignard,Thomas,Gachignard T.,25,320,0,0,0,tgachignard,20000817,0.0,0.0,0,4.0,0.0,0.0,0,0,3,0,0,0,0,0,0,0,0,72,0,64,0,70,0,75,0,72,0,65,0,66,0,66,0,66,0,68,0,71,0,68,0,74,0,61,0,0,0,0,0,0,0,0,0,0,,Gachignard_Thomas,0,0,0,0,(),0,0,0.0,0,0,0.0,0,0,0,0,0,0,0,1,2,0,0,0,0,1,0,0
8006,Morgado,António,Morgado A.,16,2902,0,0,0,amorgado,20040128,0.0,0.0,0,5.5,0.0,0.0,0,0,3,0,0,0,180,71,0,0,0,72,0,66,0,73,0,71,0,75,0,72,0,70,0,71,0,75,0,73,0,75,0,67,0,77,0,68,0,0,2,3,0,0,0,0,64,0,,Morgado_Antonio,0,0,0,0,(),0,0,0.0,0,0,0.0,0,0,0,0,0,0,0,6,0,0,0,0,2,2,0,0
8007,Dodd,Matthew,Dodd M.,202,1801,0,0,0,,20041127,0.0,0.0,0,3.5,0.0,0.0,0,0,3,0,0,0,0,0,0,0,0,64,0,66,0,67,0,68,0,61,0,64,0,64,0,58,0,60,0,63,0,61,0,61,0,65,0,58,0,0,0,0,0,0,0,0,0,0,,Dodd_Matthew,0,0,0,0,(),0,0,0.0,0,0,0.0,0,0,0,0,0,0,0,0,0,0,0,0,0,0,0,0
8008,Hajek,Alexander,Hajek A.,33,3701,0,0,0,ahajek,20030719,0.0,0.0,0,4.0,0.0,0.0,0,0,3,0,0,0,176,55,0,0,0,67,0,66,0,68,0,70,0,62,0,62,0,64,0,62,0,68,0,67,0,69,0,66,0,71,0,68,0,0,0,0,0,0,0,0,2,0,,Hajek_Alexander,0,0,0,0,(),0,0,0.0,0,0,0.0,0,0,0,0,0,0,0,1,0,0,0,0,0,0,0,0
8009,Hulzknecht,Jonas,Hulzknecht J.,114,3701,0,0,0,,20041109,0.0,0.0,0,3.0,0.0,0.0,0,0,3,0,0,0,0,0,0,0,0,58,0,61,0,61,0,60,0,55,0,56,0,58,0,54,0,56,0,56,0,58,0,54,0,58,0,57,0,0,0,0,0,0,0,0,0,0,,Holzknecht_Jonas,0,0,0,0,(),0,0,0.0,0,0,0.0,0,0,0,0,0,0,0,0,0,0,0,0,0,0,0,0
8010,Evertsen-Hegreberg,Simen,Evertsen-Hegreberg S.,119,3501,0,0,0,,20040323,0.0,0.0,0,3.0,0.0,0.0,0,0,3,0,0,0,0,0,0,0,0,67,0,61,0,62,0,65,0,64,0,63,0,65,0,60,0,64,0,61,0,63,0,60,0,67,0,60,0,0,0,0,0,0,0,0,0,0,,Evertsen-hegreberg_Simen,0,0,0,0,(),0,0,0.0,0,0,0.0,0,0,0,0,0,0,0,0,0,0,0,0,0,0,0,0
8012,Preyler,David,Preyler D.,119,3701,0,0,0,,20040106,0.0,0.0,0,3.0,0.0,0.0,0,0,3,0,0,0,0,0,0,0,0,60,0,57,0,60,0,59,0,54,0,54,0,57,0,57,0,61,0,56,0,57,0,55,0,61,0,59,0,0,0,0,0,0,0,0,0,0,,Preyler_David,0,0,0,0,(),0,0,0.0,0,0,0.0,0,0,0,0,0,0,0,0,0,0,0,0,0,0,0,0
8013,Putz,Sebastian,Putz S.,233,3701,0,0,0,,20030826,0.0,0.0,0,3.0,0.0,0.0,0,0,3,0,0,0,172,62,0,0,0,65,0,64,0,66,0,69,0,62,0,59,0,60,0,66,0,68,0,63,0,64,0,63,0,67,0,64,0,0,0,0,0,0,0,0,0,0,,Putz_Sebastian,0,0,0,0,(),0,0,0.0,0,0,0.0,0,0,0,0,0,0,0,0,0,0,0,0,0,0,0,0
8014,Schrettl,Marco,Schrettl M.,12,3701,0,0,0,mschrettl,20030911,0.0,0.0,0,4.0,0.0,0.0,0,0,3,0,0,0,181,63,0,0,0,68,0,65,0,67,0,69,0,60,0,61,0,63,0,62,0,65,0,66,0,66,0,65,0,70,0,73,0,0,0,0,0,0,0,0,0,0,,Schrettl_Marco,0,0,0,0,(),0,0,0.0,0,0,0.0,0,0,0,0,0,0,0,0,0,0,0,0,0,0,0,0
8015,Askey,Ben,Askey B.,119,1801,0,0,0,baskey,20040314,0.0,0.0,0,3.5,0.0,0.0,0,0,3,0,0,0,181,70,0,0,0,67,0,56,0,58,0,71,0,69,0,54,0,56,0,61,0,63,0,66,0,66,0,64,0,63,0,65,0,0,0,0,0,0,0,0,0,0,,Askey_Ben,0,0,0,0,(),0,0,0.0,0,0,0.0,0,0,0,0,0,0,0,0,0,0,0,0,0,0,0,0
8016,Augé,Ronan,Augé R.,107,302,0,0,0,rauge,20040429,0.0,0.0,0,3.0,0.0,0.0,0,0,3,0,0,0,174,61,0,0,0,67,0,54,0,56,0,70,0,61,0,55,0,57,0,68,0,68,0,63,0,64,0,61,0,63,0,58,0,0,0,0,0,0,0,0,0,0,,Auge_Ronan,0,0,0,0,(),0,0,0.0,0,0,0.0,0,0,0,0,0,0,0,0,0,0,0,0,0,0,0,0
8017,Bower,Lewis,Bower L.,6,3401,0,0,0,lbower,20041014,0.0,0.0,0,4.5,0.0,0.0,0,0,3,0,0,0,175,60,0,0,0,70,0,59,0,63,0,65,0,66,0,63,0,64,0,72,0,73,0,65,0,66,0,65,0,70,0,60,0,0,0,0,0,0,0,0,0,0,,Bower_Lewis,0,0,0,0,(),0,0,0.0,0,0,0.0,0,0,0,0,0,0,0,0,0,0,0,0,0,0,0,0
8018,George,Dylan,George D.,119,2001,0,0,0,dgeorge,20030528,0.0,0.0,0,3.0,0.0,0.0,0,0,3,0,0,0,181,68,0,0,0,65,0,59,0,63,0,66,0,55,0,65,0,65,0,64,0,65,0,60,0,60,0,57,0,64,0,59,0,0,0,0,0,0,0,0,0,0,,George_Dylan,0,0,0,0,(),0,0,0.0,0,0,0.0,0,0,0,0,0,0,0,0,0,0,0,0,0,0,0,0
8019,Golliker,Joshua,Golliker J.,205,1801,0,0,0,jgolliker,20040323,0.0,0.0,0,4.0,0.0,0.0,0,0,3,0,0,0,177,67,0,0,0,68,0,69,0,70,0,67,0,63,0,65,0,66,0,62,0,65,0,65,0,64,0,64,0,67,0,72,0,0,0,0,0,0,0,0,0,0,,Golliker_Joshua,0,0,0,0,(),0,0,0.0,0,0,0.0,0,0,0,0,0,0,0,0,0,0,0,0,0,0,0,0
8020,Gruel,Thibaud,Gruel T.,6,318,0,0,0,tgruel,20040501,0.0,0.0,0,4.5,0.0,0.0,0,0,3,0,0,0,180,70,0,0,0,75,0,64,0,69,0,71,0,73,0,72,0,74,0,72,0,75,0,70,0,73,0,67,0,74,0,67,0,0,2,4,0,0,0,0,0,0,,Gruel_Thibaud,0,0,0,0,(),0,0,0.0,0,0,0.0,0,0,0,0,0,0,0,2,0,0,1,1,0,0,0,0
8021,Savioz,Colin,Savioz C.,107,322,0,0,0,csavioz,20040611,0.0,0.0,0,3.0,0.0,0.0,0,0,3,0,0,0,172,58,0,0,0,65,0,69,0,69,0,68,0,56,0,60,0,61,0,57,0,59,0,65,0,63,0,65,0,67,0,64,0,0,0,0,0,0,0,0,0,0,,Savioz_Colin,0,0,0,0,(),0,0,0.0,0,0,0.0,0,0,0,0,0,0,0,0,0,0,0,0,0,0,0,0
8022,Verbrugghe,Jens,Verbrugghe J.,242,401,0,0,0,jverbrugghe,20040923,0.0,0.0,0,4.5,0.0,0.0,0,0,3,0,0,0,183,64,0,0,0,71,0,61,0,64,0,67,0,64,0,66,0,66,0,69,0,67,0,65,0,67,0,64,0,71,0,68,0,0,0,0,0,0,0,0,0,0,,Verbrugghe_Jens,0,0,0,0,(),0,0,0.0,0,0,0.0,0,0,0,0,0,0,0,0,0,0,0,0,0,0,0,0
8023,Hobbs,Noah,Hobbs N.,5,1801,0,0,0,nhobbs,20040723,0.0,0.0,0,4.5,0.0,0.0,0,0,3,0,0,0,175,67,0,0,0,71,0,57,0,64,0,70,0,65,0,64,0,64,0,74,0,73,0,66,0,67,0,64,0,71,0,65,0,0,0,0,0,0,0,0,0,0,,Hobbs_Noah,0,0,0,0,(),0,0,0.0,0,0,0.0,0,0,0,0,0,0,0,0,0,0,0,0,0,0,0,0
8024,Boulais,Jules,Boulais J.,119,318,0,0,0,,20010501,0.0,0.0,0,3.0,0.0,0.0,0,0,3,0,0,0,0,0,0,0,0,60,0,56,0,58,0,62,0,53,0,59,0,59,0,58,0,59,0,60,0,60,0,58,0,59,0,60,0,0,0,0,0,0,0,0,0,0,,Boulais_Jules,0,0,0,0,(),0,0,0.0,0,0,0.0,0,0,0,0,0,0,0,0,0,0,0,0,0,0,0,0
8025,Quick,Blake,Quick B.,119,2001,0,0,0,bquick,20000226,0.0,0.0,0,3.0,0.0,0.0,0,0,3,0,0,0,187,77,0,0,0,69,0,54,0,59,0,65,0,65,0,60,0,62,0,71,0,71,0,62,0,64,0,62,0,62,0,61,0,0,0,0,0,0,0,0,0,0,,Quick_Blake,0,0,0,0,(),0,0,0.0,0,0,0.0,0,0,0,0,0,0,2023,1,0,0,0,0,1,1,0,0
8026,Birrell,Ross,Birrell R.,119,1801,0,0,0,,20031017,0.0,0.0,0,3.0,0.0,0.0,0,0,3,0,0,0,0,0,0,0,0,57,0,51,0,53,0,61,0,51,0,57,0,57,0,52,0,54,0,55,0,56,0,56,0,56,0,55,0,0,0,0,0,0,0,0,0,0,,Birrell_Ross,0,0,0,0,(),0,0,0.0,0,0,0.0,0,0,0,0,0,0,0,0,0,0,0,0,0,0,0,0
8027,Crackett,Finn,Crackett F.,116,3101,0,0,0,,19990630,0.0,0.0,0,3.0,0.0,0.0,0,0,3,0,0,0,0,0,0,0,0,70,0,59,0,62,0,67,0,68,0,64,0,65,0,68,0,68,0,67,0,66,0,65,0,65,0,67,0,0,0,0,0,0,0,0,0,0,,Crockett_Finn,0,0,0,0,(),0,0,0.0,0,0,0.0,0,0,0,0,0,0,0,0,0,0,0,0,0,0,0,0
8028,Culverwell,Sam,Culverwell S.,119,1801,0,0,0,,20001005,0.0,0.0,0,3.0,0.0,0.0,0,0,3,0,0,0,175,71,0,0,0,70,0,64,0,66,0,70,0,64,0,66,0,65,0,64,0,66,0,69,0,68,0,67,0,71,0,73,0,0,0,0,0,0,0,0,0,0,,Culverwell_Sam,0,0,0,0,(),0,0,0.0,0,0,0.0,0,0,0,0,0,0,0,0,0,0,0,0,0,0,0,0
8030,Watts,Kiaan,Watts K.,242,3401,0,0,0,,20010727,0.0,0.0,0,3.5,0.0,0.0,0,0,3,0,0,0,183,72,0,0,0,69,0,54,0,59,0,65,0,65,0,58,0,62,0,71,0,71,0,62,0,65,0,64,0,64,0,62,0,0,0,0,0,0,0,0,0,0,,Watts_Kiaan,0,0,0,0,(),0,0,0.0,0,0,0.0,0,0,0,0,0,0,0,0,0,0,0,0,0,0,0,0
8033,Turk,Aljaz,Turk A.,50,2801,0,0,0,aturk,20041223,0.0,0.0,0,2.5,0.0,0.0,0,0,3,0,0,0,172,63,0,0,0,65,0,64,0,65,0,60,0,58,0,55,0,57,0,58,0,59,0,61,0,60,0,62,0,66,0,71,0,0,0,0,0,0,0,0,0,0,,Turk_Aljaz,0,0,0,0,(),0,0,0.0,0,0,0.0,0,0,0,0,0,0,0,0,0,0,0,0,0,0,0,0
8034,Jovanovski,Dimitar,Jovanovski D.,119,9801,0,0,0,djovanovski,20031006,0.0,0.0,0,3.0,0.0,0.0,0,0,3,0,0,0,184,68,0,0,0,65,0,59,0,62,0,66,0,60,0,58,0,60,0,65,0,67,0,61,0,61,0,60,0,65,0,55,0,0,0,0,0,0,0,0,0,0,,Jovanovski_Dimitar,0,0,0,0,(),0,0,0.0,0,0,0.0,0,0,0,0,0,0,0,0,0,0,0,0,0,0,0,0
8035,Vaganov,Alexey,Vaganov A.,96,1301,0,0,0,,20040829,0.0,0.0,0,2.0,0.0,0.0,0,0,3,0,0,0,0,0,0,0,0,61,0,55,0,58,0,62,0,54,0,57,0,58,0,59,0,59,0,56,0,58,0,56,0,60,0,61,0,0,0,0,0,0,0,0,0,0,,Vaganov_Alexey,0,0,0,0,(),0,0,0.0,0,0,0.0,0,0,0,0,0,0,0,0,0,0,0,0,0,0,0,0
8036,Vorobyev,Matvey,Vorobyev M.,96,1301,0,0,0,,20040211,0.0,0.0,0,2.0,0.0,0.0,0,0,3,0,0,0,0,0,0,0,0,65,0,56,0,58,0,60,0,60,0,54,0,57,0,65,0,67,0,60,0,61,0,58,0,61,0,57,0,0,0,0,0,0,0,0,0,0,,Vorobyev_Matvey,0,0,0,0,(),0,0,0.0,0,0,0.0,0,0,0,0,0,0,0,0,0,0,0,0,0,0,0,0
8037,Voropayev,Pavel,Voropayev P.,96,1301,0,0,0,,20040221,0.0,0.0,0,2.5,0.0,0.0,0,0,3,0,0,0,0,0,0,0,0,60,0,54,0,55,0,59,0,54,0,58,0,58,0,60,0,58,0,59,0,57,0,55,0,57,0,58,0,0,0,0,0,0,0,0,0,0,,Voropayev_Pavel,0,0,0,0,(),0,0,0.0,0,0,0.0,0,0,0,0,0,0,0,0,0,0,0,0,0,0,0,0
8038,Duba,Maxime,Duba M.,146,508,0,0,0,,20041002,0.0,0.0,0,3.0,0.0,0.0,0,0,3,0,0,0,194,75,0,0,0,66,0,54,0,58,0,67,0,65,0,59,0,60,0,63,0,63,0,59,0,57,0,57,0,61,0,60,0,0,0,0,0,0,0,0,0,0,,Duba_Maxime,0,0,0,0,(),0,0,0.0,0,0,0.0,0,0,0,0,0,0,0,0,0,0,0,0,0,0,0,0
8039,Heijnen,Philip,Heijnen P.,146,504,0,0,0,,20000525,0.0,0.0,0,2.5,0.0,0.0,0,0,3,0,0,0,0,0,0,0,0,66,0,56,0,59,0,64,0,63,0,59,0,59,0,59,0,60,0,61,0,59,0,59,0,61,0,66,0,0,0,0,0,0,0,0,0,0,,Heijnen_Philip,0,0,0,0,(),0,0,0.0,0,0,0.0,0,0,0,0,0,0,0,0,0,0,0,0,0,0,0,0
8040,Johannink,Jelle,Johannink J.,107,509,0,0,0,jjohannink,19961022,0.0,0.0,0,4.0,0.0,0.0,0,0,3,0,0,0,0,0,0,0,0,72,0,65,0,72,0,69,0,70,0,62,0,63,0,70,0,69,0,69,0,69,0,67,0,73,0,73,0,0,0,0,0,0,0,0,0,0,,Johannink_Jelle,0,0,0,0,(),0,0,0.0,0,0,0.0,0,0,0,0,0,0,0,0,0,0,0,0,0,0,0,0
8041,Rasenberg,Martijn,Rasenberg M.,107,507,0,0,0,mrasenberg,20011109,0.0,0.0,0,3.0,0.0,0.0,0,0,3,0,0,0,194,78,0,0,0,72,0,58,0,64,0,68,0,70,0,67,0,69,0,66,0,66,0,64,0,66,0,64,0,70,0,68,0,0,0,0,0,0,0,0,0,0,,Rasenberg_Martijn,0,0,0,0,(),0,0,0.0,0,0,0.0,0,0,0,0,0,0,0,0,0,0,0,0,0,0,0,0
8042,van den Broek,Frank,van den Broek F.,15,512,0,0,0,fvandenbroek,20001228,0.0,0.0,0,4.5,0.0,0.0,0,0,3,0,0,0,178,70,0,0,0,73,0,69,0,75,0,73,0,70,0,66,0,66,0,65,0,70,0,72,0,70,0,69,0,75,0,75,0,0,2,2,0,0,0,0,0,0,,Van-den-Broek_Frank,0,0,0,0,(),0,0,0.0,0,0,0.0,0,0,0,0,0,0,0,3,2,0,0,0,1,0,0,0
8043,van Zanden,Otto,van Zanden O.,146,503,0,0,0,,20041027,0.0,0.0,0,3.5,0.0,0.0,0,0,3,0,0,0,0,0,0,0,0,65,0,67,0,68,0,68,0,63,0,59,0,59,0,60,0,61,0,65,0,63,0,65,0,68,0,66,0,0,0,0,0,0,0,0,0,0,,Van-Zanden_Otto,0,0,0,0,(),0,0,0.0,0,0,0.0,0,0,0,0,0,0,0,0,0,0,0,0,0,0,0,0
8045,Stockman,Abram,Stockman A.,107,402,0,0,0,astockman,19960731,0.0,0.0,0,3.5,0.0,0.0,0,0,3,0,0,0,182,67,0,0,0,67,0,65,0,67,0,72,0,69,0,65,0,65,0,65,0,67,0,65,0,65,0,68,0,69,0,83,0,0,0,0,0,0,0,0,0,0,,Stockman_Abram,0,0,0,0,(),0,0,0.0,0,0,0.0,0,0,0,0,0,0,0,0,0,0,0,0,0,1,0,0
8046,Toussaint,Wouter,Toussaint W.,209,506,0,0,0,,20040323,0.0,0.0,0,3.5,0.0,0.0,0,0,3,0,0,0,0,0,0,0,0,68,0,65,0,67,0,65,0,64,0,64,0,64,0,61,0,60,0,65,0,62,0,64,0,68,0,70,0,0,0,0,0,0,0,0,0,0,,Toussaint_Wouter,0,0,0,0,(),0,0,0.0,0,0,0.0,0,0,0,0,0,0,0,0,0,0,0,0,0,0,0,0
8047,Vandevelde,Yentl,Vandevelde Y.,119,402,0,0,0,,20001031,0.0,0.0,0,3.0,0.0,0.0,0,0,3,0,0,0,179,69,0,0,0,70,0,55,0,57,0,64,0,66,0,62,0,63,0,64,0,66,0,64,0,66,0,63,0,65,0,74,0,0,0,0,0,0,0,0,0,0,,Vandevelde_Yentl,0,0,0,0,(),0,0,0.0,0,0,0.0,0,0,0,0,0,0,0,1,0,0,0,0,1,1,0,0
8048,Belletta,Dario Igor,Belletta D.I.,102,204,0,0,0,dibelletta,20040127,0.0,0.0,0,5.0,0.0,0.0,0,0,3,0,0,0,187,73,0,0,0,70,0,60,0,65,0,71,0,69,0,65,0,66,0,68,0,68,0,65,0,66,0,63,0,70,0,71,0,0,2,4,0,0,0,0,0,0,,Belletta_Dario-Igor,0,0,0,0,(),0,0,0.0,0,0,0.0,0,0,0,0,0,0,0,0,0,0,0,0,0,0,0,0
8049,Huising,Menno,Huising M.,14,512,0,0,0,mhuising,20040408,0.0,0.0,0,4.0,0.0,0.0,0,0,3,0,0,0,185,0,0,0,0,69,0,67,0,69,0,70,0,63,0,66,0,64,0,67,0,70,0,66,0,67,0,66,0,68,0,70,0,0,0,0,0,0,0,0,0,0,,Huising_Menno,0,0,0,0,(),0,0,0.0,0,0,0.0,0,0,0,0,0,0,0,0,0,0,0,0,0,0,0,0
8050,Mattio,Pietro,Mattio P.,14,202,0,0,0,pmattio,20040627,0.0,0.0,0,4.0,0.0,0.0,0,0,3,0,0,0,184,70,0,0,0,71,0,65,0,68,0,70,0,70,0,61,0,63,0,66,0,66,0,65,0,65,0,67,0,70,0,72,0,0,0,0,0,0,0,0,0,0,,Mattio_Pietro,0,0,0,0,(),0,0,0.0,0,0,0.0,0,0,0,0,0,0,0,0,0,0,0,0,0,0,0,0
8051,Bronner,Mauro,Bronner M.,152,702,0,0,0,,20040901,0.0,0.0,0,3.5,0.0,0.0,0,0,3,0,0,0,170,57,0,0,0,65,0,67,0,69,0,65,0,58,0,61,0,62,0,60,0,63,0,61,0,63,0,64,0,68,0,65,0,0,0,0,0,0,0,0,0,0,,Brenner_Mauro,0,0,0,0,(),0,0,0.0,0,0,0.0,0,0,0,0,0,0,0,0,0,0,0,0,0,0,0,0
8052,Dhondt,Robbe,Dhondt R.,15,402,0,0,0,rdhondt,20040625,0.0,0.0,0,4.0,0.0,0.0,0,0,3,0,0,0,176,0,0,0,0,66,0,69,0,69,0,70,0,63,0,65,0,64,0,60,0,58,0,67,0,64,0,65,0,66,0,59,0,0,0,0,0,0,0,0,0,0,,Dhondt_Robbe,0,0,0,0,(),0,0,0.0,0,0,0.0,0,0,0,0,0,0,0,0,0,0,0,0,0,0,0,0
8053,Hicks,Dylan,Hicks D.,119,1801,0,0,0,dhicks,20040405,0.0,0.0,0,3.0,0.0,0.0,0,0,3,0,0,0,0,0,0,0,0,60,0,54,0,56,0,62,0,55,0,60,0,61,0,63,0,63,0,56,0,57,0,55,0,60,0,58,0,0,0,0,0,0,0,0,0,0,,Hicks_Dylan,0,0,0,0,(),0,0,0.0,0,0,0.0,0,0,0,0,0,0,0,1,0,0,0,0,0,0,0,0
8054,Kadlec,Milan,Kadlec M.,58,3301,0,0,0,mkadlec,20040427,0.0,0.0,0,3.0,0.0,0.0,0,0,3,0,0,0,175,63,0,0,0,65,0,62,0,64,0,65,0,60,0,57,0,58,0,62,0,60,0,61,0,59,0,60,0,65,0,67,0,0,0,0,0,0,0,0,0,0,,Kadlec_Milan,0,0,0,0,(),0,0,0.0,0,0,0.0,0,0,0,0,0,0,0,5,0,2,1,2,0,0,1,2
8055,Ragilo,Frank Aron,Ragilo F.A.,119,1201,0,0,0,faragilo,20040322,0.0,0.0,0,3.0,0.0,0.0,0,0,3,0,0,0,178,70,0,0,0,66,0,55,0,59,0,67,0,63,0,66,0,68,0,67,0,68,0,62,0,63,0,62,0,64,0,63,0,0,0,0,0,0,0,0,0,0,,Ragilo_Frank-Aron,0,0,0,0,(),0,0,0.0,0,0,0.0,0,0,0,0,0,0,0,0,0,0,0,0,0,0,0,0
8056,Seeman,Adam,Seeman A.,119,3301,0,0,0,aseeman,20040319,0.0,0.0,0,3.0,0.0,0.0,0,0,3,0,0,0,0,0,0,0,0,62,0,62,0,63,0,66,0,62,0,64,0,65,0,60,0,62,0,62,0,62,0,59,0,64,0,67,0,0,0,0,0,0,0,0,0,0,,Seeman_Adam,0,0,0,0,(),0,0,0.0,0,0,0.0,0,0,0,0,0,0,0,0,0,0,0,0,0,0,0,0
8057,van der Meulen,Max,van der Meulen M.,13,510,0,0,0,mvandermeulen,20040113,0.0,0.0,0,4.0,0.0,0.0,0,0,3,0,0,0,182,67,0,0,0,67,0,68,0,69,0,70,0,70,0,63,0,65,0,64,0,65,0,66,0,64,0,68,0,69,0,70,0,0,0,0,0,0,0,0,0,0,,Van-der-Meulen_Max,0,0,0,0,(),0,0,0.0,0,0,0.0,0,0,0,0,0,0,0,0,0,0,0,0,0,0,0,0
8058,Van Mechelen,Vlad,Van Mechelen V.,13,402,0,0,0,vvanmechelen,20040602,0.0,0.0,0,4.5,0.0,0.0,0,0,3,0,0,0,183,78,0,0,0,73,0,61,0,65,0,70,0,71,0,65,0,68,0,69,0,68,0,68,0,68,0,66,0,70,0,70,0,0,0,0,0,0,0,0,0,0,,Van-Mechelen_Vlad,0,0,0,0,(),0,0,0.0,0,0,0.0,0,0,0,0,0,0,0,0,0,0,0,0,1,1,0,0
8060,Arrighetti,Nicolò,Arrighetti N.,119,204,0,0,0,,20041223,0.0,0.0,0,3.0,0.0,0.0,0,0,3,0,0,0,0,0,0,0,0,66,0,59,0,62,0,65,0,65,0,59,0,58,0,66,0,67,0,63,0,65,0,62,0,65,0,60,0,0,0,0,0,0,0,0,0,0,,Arrighetti_Nicolo,0,0,0,0,(),0,0,0.0,0,0,0.0,0,0,0,0,0,0,0,0,0,0,0,0,0,0,0,0
8062,D'Amoto,Andrea,D'Amoto A.,95,204,0,0,0,,20021114,0.0,0.0,0,3.0,0.0,0.0,0,0,3,0,0,0,176,66,0,0,0,69,0,54,0,57,0,67,0,56,0,55,0,57,0,71,0,70,0,65,0,65,0,64,0,61,0,58,0,0,0,0,0,0,0,0,0,0,,DAmato_Andrea,0,0,0,0,(),0,0,0.0,0,0,0.0,0,0,0,0,0,0,0,0,0,0,0,0,0,0,0,0
8064,Oliosi,Marco,Oliosi M.,119,204,0,0,0,,20040511,0.0,0.0,0,1.5,0.0,0.0,0,0,3,0,0,0,0,0,0,0,0,62,0,55,0,57,0,60,0,55,0,54,0,54,0,55,0,57,0,60,0,62,0,57,0,62,0,60,0,0,0,0,0,0,0,0,0,0,,Oliosi_Marco,0,0,0,0,(),0,0,0.0,0,0,0.0,0,0,0,0,0,0,0,0,0,0,0,0,0,0,0,0
8065,Jurik,Martin,Jurik M.,50,2701,0,0,0,mjurik,20041002,0.0,0.0,0,3.0,0.0,0.0,0,0,3,0,0,0,186,75,0,0,0,64,0,61,0,59,0,61,0,56,0,63,0,62,0,63,0,63,0,56,0,57,0,58,0,62,0,61,0,0,0,0,0,0,0,0,0,0,,Jurik_Martin,0,0,0,0,(),0,0,0.0,0,0,0.0,0,0,0,0,0,0,0,0,0,0,0,0,0,0,0,0
8066,Đurić,Đorđe,Đurić Đ.,93,5001,0,0,0,dduric,20000621,0.0,0.0,0,2.5,0.0,0.0,0,0,3,0,0,0,194,79,0,0,0,68,0,56,0,62,0,67,0,64,0,58,0,60,0,69,0,68,0,65,0,66,0,64,0,64,0,68,0,0,0,0,0,0,0,0,0,0,,Duric_Dorde,0,0,0,0,(),0,0,0.0,0,0,0.0,0,0,0,0,0,0,0,1,0,0,0,0,0,0,0,0
8067,De Cock,Jules,De Cock J.,119,507,0,0,0,,19970626,0.0,0.0,0,2.5,0.0,0.0,0,0,3,0,0,0,0,0,0,0,0,71,0,54,0,57,0,70,0,68,0,63,0,63,0,62,0,64,0,60,0,62,0,60,0,64,0,55,0,0,0,0,0,0,0,0,0,0,,De-Cock_Jules,0,0,0,0,(),0,0,0.0,0,0,0.0,0,0,0,0,0,0,0,0,0,0,0,0,0,0,0,0
8068,Visser,Guillaume,Visser G.,119,503,0,0,0,,20000723,0.0,0.0,0,3.0,0.0,0.0,0,0,3,0,0,0,0,0,0,0,0,65,0,61,0,62,0,69,0,63,0,65,0,64,0,62,0,61,0,61,0,61,0,60,0,64,0,68,0,0,0,0,0,0,0,0,0,0,,Visser_Guillaume,0,0,0,0,(),0,0,0.0,0,0,0.0,0,0,0,0,0,0,0,0,0,0,0,0,0,0,0,0
8070,Christophersen,Cedrik Bakke,Christophersen C.B.,107,3501,0,0,0,cbchristophersen,20011211,0.0,0.0,0,3.5,0.0,0.0,0,0,3,0,0,0,0,0,0,0,0,72,0,68,0,71,0,68,0,68,0,62,0,62,0,64,0,66,0,69,0,68,0,66,0,70,0,68,0,0,0,0,0,0,0,0,0,0,,Christophersen_Cedrik-Bakke,0,0,0,0,(),0,0,0.0,0,0,0.0,0,0,0,0,0,0,0,0,0,0,0,0,0,0,0,0
8071,Kvam,Kalle,Kvam K.,119,3501,0,0,0,kkvam,20030227,0.0,0.0,0,3.0,0.0,0.0,0,0,3,0,0,0,191,72,0,0,0,69,0,60,0,64,0,68,0,65,0,63,0,63,0,56,0,58,0,61,0,60,0,61,0,64,0,73,0,0,0,0,0,0,0,0,0,0,,Kvam_Kalle,0,0,0,0,(),0,0,0.0,0,0,0.0,0,0,0,0,0,0,0,0,0,0,0,0,0,0,0,0
8072,Stensby,Anton,Stensby A.,119,3501,0,0,0,astensby,20010117,0.0,0.0,0,3.5,0.0,0.0,0,0,3,0,0,0,0,0,0,0,0,71,0,60,0,64,0,70,0,67,0,65,0,65,0,67,0,69,0,65,0,67,0,66,0,68,0,71,0,0,0,0,0,0,0,0,0,0,,Stensby_Anton,0,0,0,0,(),0,0,0.0,0,0,0.0,0,0,0,0,0,0,0,0,0,0,0,0,0,0,0,0
8073,Wæhre,Magnus,Wæhre M.,119,3501,0,0,0,mwaehre,20020502,0.0,0.0,0,3.5,0.0,0.0,0,0,3,0,0,0,0,0,0,0,0,65,0,65,0,68,0,65,0,62,0,60,0,61,0,58,0,60,0,61,0,61,0,64,0,68,0,55,0,0,0,0,0,0,0,0,0,0,,Waehre_Magnus,0,0,0,0,(),0,0,0.0,0,0,0.0,0,0,0,0,0,0,0,0,0,0,0,0,0,0,0,0
8074,Andreasson,Sebastian,Andreasson S.,119,1004,0,0,0,,20020415,0.0,0.0,0,3.0,0.0,0.0,0,0,3,0,0,0,0,0,0,0,0,66,0,61,0,59,0,63,0,61,0,59,0,59,0,58,0,62,0,60,0,62,0,62,0,62,0,61,0,0,0,0,0,0,0,0,0,0,,Andreasson_Sebastian,0,0,0,0,(),0,0,0.0,0,0,0.0,0,0,0,0,0,0,0,0,0,0,0,0,0,0,0,0
8076,Hougaard,Mads-Emil,Hougaard M.E.,119,1002,0,0,0,,20030822,0.0,0.0,0,3.0,0.0,0.0,0,0,3,0,0,0,0,0,0,0,0,64,0,58,0,61,0,65,0,59,0,59,0,60,0,58,0,61,0,58,0,60,0,58,0,63,0,67,0,0,0,0,0,0,0,0,0,0,,Hougaard_Mads-emil,0,0,0,0,(),0,0,0.0,0,0,0.0,0,0,0,0,0,0,0,0,0,0,0,0,0,0,0,0
8077,Lysgaard,Boas,Lysgaard B.,161,1004,0,0,0,blysgaard,20041122,0.0,0.0,0,3.5,0.0,0.0,0,0,3,0,0,0,0,0,0,0,0,63,0,55,0,61,0,65,0,60,0,59,0,59,0,65,0,66,0,58,0,57,0,56,0,62,0,58,0,0,0,0,0,0,0,0,0,0,,Lysgaard_Boas,0,0,0,0,(),0,0,0.0,0,0,0.0,0,0,0,0,0,0,0,0,0,0,0,0,0,0,0,0
8078,Rasmussen,Niklas,Rasmussen N.,119,1001,0,0,0,,19970713,0.0,0.0,0,2.0,0.0,0.0,0,0,3,0,0,0,0,0,0,0,0,63,0,55,0,58,0,64,0,62,0,56,0,58,0,59,0,56,0,59,0,59,0,57,0,60,0,58,0,0,0,0,0,0,0,0,0,0,,Rasmussen_Niklas,0,0,0,0,(),0,0,0.0,0,0,0.0,0,0,0,0,0,0,0,0,0,0,0,0,0,0,0,0
8079,Thorøe-Hansen,Nicholas,Thorøe-Hansen N.,119,1001,0,0,0,,20010706,0.0,0.0,0,3.0,0.0,0.0,0,0,3,0,0,0,0,0,0,0,0,65,0,57,0,59,0,69,0,60,0,58,0,58,0,57,0,62,0,60,0,60,0,60,0,63,0,65,0,0,0,0,0,0,0,0,0,0,,Thoroe-hansen_Nicholas,0,0,0,0,(),0,0,0.0,0,0,0.0,0,0,0,0,0,0,0,0,0,0,0,0,0,0,0,0
8080,Winkler,Oskar,Winkler O.,119,1001,0,0,0,,20000328,0.0,0.0,0,2.5,0.0,0.0,0,0,3,0,0,0,0,0,0,0,0,62,0,60,0,59,0,61,0,56,0,57,0,57,0,60,0,62,0,56,0,57,0,57,0,61,0,56,0,0,0,0,0,0,0,0,0,0,,Winkler_Oskar,0,0,0,0,(),0,0,0.0,0,0,0.0,0,0,0,0,0,0,0,0,0,0,0,0,0,0,0,0
8084,Arefayne,Aklilu,Arefayne A.,119,4101,0,0,0,,20040707,0.0,0.0,0,3.0,0.0,0.0,0,0,3,0,0,0,0,0,0,0,0,65,0,64,0,65,0,63,0,61,0,65,0,64,0,67,0,68,0,61,0,61,0,60,0,64,0,66,0,0,0,0,0,0,0,0,0,0,,Arefayne_Aklilu,0,0,0,0,(),0,0,0.0,0,0,0.0,0,0,0,0,0,0,0,0,0,0,0,0,0,0,0,0
8085,Baers,Arne,Baers A.,119,402,0,0,0,,20020327,0.0,0.0,0,3.0,0.0,0.0,0,0,3,0,0,0,0,0,0,0,0,66,0,62,0,65,0,73,0,65,0,57,0,59,0,63,0,66,0,62,0,63,0,62,0,66,0,59,0,0,0,0,0,0,0,0,0,0,,Baers_Arne,0,0,0,0,(),0,0,0.0,0,0,0.0,0,0,0,0,0,0,0,0,0,0,0,0,0,0,0,0
8086,Busatto,Francesco,Busatto F.,37,206,0,0,0,fbusatto,20021101,0.0,0.0,0,4.0,0.0,0.0,0,0,3,0,0,0,172,62,0,0,0,71,0,64,0,70,0,75,0,66,0,63,0,64,0,71,0,75,0,69,0,72,0,70,0,74,0,71,0,0,0,0,0,0,0,0,0,0,,Busatto_Francesco,0,0,0,0,(),0,0,0.0,0,0,0.0,0,0,0,0,0,0,0,0,0,1,0,1,0,0,0,1
8087,Dejaegher,Jasper,Dejaegher J.,119,402,0,0,0,,20010123,0.0,0.0,0,2.5,0.0,0.0,0,0,3,0,0,0,182,72,0,0,0,68,0,57,0,61,0,70,0,67,0,63,0,64,0,65,0,66,0,62,0,63,0,64,0,64,0,70,0,0,0,0,0,0,0,0,0,0,,Dejaegher_Jasper,0,0,0,0,(),0,0,0.0,0,0,0.0,0,0,0,0,0,0,0,0,0,0,0,0,0,0,0,0
8088,Delle Vedove,Alessio,Delle Vedove A.,212,201,0,0,0,,20040211,0.0,0.0,0,3.5,0.0,0.0,0,0,3,0,0,0,182,71,0,0,0,70,0,56,0,58,0,68,0,66,0,59,0,60,0,71,0,71,0,63,0,63,0,61,0,65,0,59,0,0,0,0,0,0,0,0,0,0,,Delle-Vedove_Alessio,0,0,0,0,(),0,0,0.0,0,0,0.0,0,0,0,0,0,0,0,0,0,0,0,0,0,0,0,0
8089,Faure Prost,Alexy,Faure Prost A.,15,304,0,0,0,afaureprost,20040422,0.0,0.0,0,4.5,0.0,0.0,0,0,3,0,0,0,184,67,0,0,0,65,0,71,0,70,0,67,0,61,0,61,0,61,0,61,0,66,0,66,0,64,0,65,0,69,0,69,0,0,0,0,0,0,0,0,0,0,,Faure-Prost_Alexy,0,0,0,0,(),0,0,0.0,0,0,0.0,0,0,0,0,0,0,0,0,0,0,0,0,0,0,0,0
8090,Hannes,Victor,Hannes V.,119,402,0,0,0,,20040130,0.0,0.0,0,3.0,0.0,0.0,0,0,3,0,0,0,0,0,0,0,0,62,0,56,0,58,0,62,0,59,0,55,0,57,0,64,0,64,0,57,0,58,0,57,0,61,0,60,0,0,0,0,0,0,0,0,0,0,,Hannes_Victor,0,0,0,0,(),0,0,0.0,0,0,0.0,0,0,0,0,0,0,0,0,0,0,0,0,0,0,0,0
8091,Huens,Axel,Huens A.,6,315,0,0,0,ahuens,20010905,0.0,0.0,0,4.5,0.0,0.0,0,0,3,0,0,0,0,0,0,0,0,75,0,58,0,64,0,70,0,75,0,60,0,60,0,71,0,70,0,71,0,72,0,64,0,72,0,70,0,0,2,5,0,0,0,0,0,0,,Huens_Axel,0,0,0,0,"(4,11)",0,0,0.0,0,0,0.0,0,0,0,0,0,0,0,0,0,0,0,0,0,1,0,0
8092,Kuypers,Gerben,Kuypers G.,119,402,0,0,0,gkuypers,20000201,0.0,0.0,0,3.5,0.0,0.0,0,0,3,0,0,0,0,0,0,0,0,69,0,62,0,64,0,77,0,67,0,59,0,63,0,62,0,65,0,63,0,64,0,65,0,68,0,62,0,0,0,0,0,0,0,0,0,0,,Kuypers_Gerben,0,0,0,0,(),0,0,0.0,0,0,0.0,0,0,0,0,0,0,0,0,0,0,0,0,0,0,2,0
8093,Prestianni,Sacha,Prestianni S.,119,401,0,0,0,,20040401,0.0,0.0,0,3.0,0.0,0.0,0,0,3,0,0,0,0,0,0,0,0,61,0,55,0,59,0,62,0,58,0,65,0,65,0,65,0,66,0,60,0,61,0,60,0,63,0,60,0,0,0,0,0,0,0,0,0,0,,Prestianni_Sacha,0,0,0,0,(),0,0,0.0,0,0,0.0,0,0,0,0,0,0,0,0,0,0,0,0,0,0,0,0
8094,Rex,Tim,Rex T.,14,401,0,0,0,trex,20040411,0.0,0.0,0,4.0,0.0,0.0,0,0,3,0,0,0,190,70,0,0,0,71,0,66,0,70,0,73,0,68,0,61,0,62,0,65,0,66,0,67,0,65,0,67,0,71,0,75,0,0,0,0,0,0,0,0,0,0,,Rex_Tim,0,0,0,0,(),0,0,0.0,0,0,0.0,0,0,0,0,0,0,0,0,0,0,0,0,0,0,0,0
8095,van Sintmaartensdijk,Roel,van Sintmaartensdijk R.,9,512,0,0,0,rvansintmaartensdijk,20010508,0.0,0.0,0,3.5,0.0,0.0,0,0,3,0,0,0,197,77,0,0,0,74,0,57,0,61,0,71,0,72,0,67,0,68,0,70,0,70,0,66,0,66,0,66,0,65,0,72,0,0,0,0,0,0,0,0,0,0,,Van-Sintmaartensdijk_Roel,0,0,0,0,(),0,0,0.0,0,0,0.0,0,0,0,0,0,0,0,0,1,1,0,0,1,1,0,1
8096,Vandenstorme,Dylan,Vandenstorme D.,69,402,0,0,0,dvandenstorme,20020419,0.0,0.0,0,3.0,0.0,0.0,0,0,3,0,0,0,171,62,0,0,0,69,0,58,0,62,0,66,0,69,0,56,0,58,0,66,0,67,0,64,0,63,0,65,0,65,0,64,0,0,0,0,0,0,0,0,0,0,,Vandenstorme_Dylan,0,0,0,0,(),0,0,0.0,0,0,0.0,0,0,0,0,0,0,0,0,0,0,0,0,2,1,1,0
8097,Vurmoote,Jelle,Vurmoote J.,110,402,0,0,0,,20010829,0.0,0.0,0,4.0,0.0,0.0,0,0,3,0,0,0,185,73,0,0,0,68,0,61,0,66,0,75,0,66,0,63,0,64,0,67,0,67,0,65,0,66,0,66,0,70,0,74,0,0,0,0,0,0,0,0,0,0,,Vermoote_Jelle,0,0,0,0,(),0,0,0.0,0,0,0.0,0,0,0,0,0,0,0,0,0,0,0,0,2,1,0,0
8098,Vidts,Obie,Vidts O.,119,402,0,0,0,,20020503,0.0,0.0,0,3.0,0.0,0.0,0,0,3,0,0,0,0,0,0,0,0,65,0,62,0,63,0,65,0,62,0,55,0,58,0,58,0,62,0,60,0,60,0,62,0,67,0,61,0,0,0,0,0,0,0,0,0,0,,Vidts_Obie,0,0,0,0,(),0,0,0.0,0,0,0.0,0,0,0,0,0,0,0,0,0,0,0,0,0,0,0,0
8103,Ninning,Laurin,Ninning L.,40,3701,0,0,0,,20040925,0.0,0.0,0,2.0,0.0,0.0,0,0,3,0,0,0,0,0,0,0,0,63,0,56,0,60,0,68,0,61,0,57,0,59,0,57,0,59,0,58,0,58,0,55,0,63,0,59,0,0,0,0,0,0,0,0,0,0,,Nenning_Laurin,0,0,0,0,(),0,0,0.0,0,0,0.0,0,0,0,0,0,0,0,0,0,0,0,0,0,0,0,0
8104,Girard,Damien,Girard D.,119,306,0,0,0,dgirard,20011214,0.0,0.0,0,2.5,0.0,0.0,0,0,3,0,0,0,0,0,0,0,0,66,0,60,0,63,0,67,0,55,0,56,0,57,0,54,0,64,0,63,0,60,0,60,0,64,0,72,0,0,0,0,0,0,0,0,0,0,,Girard_Damien,0,0,0,0,(),0,0,0.0,0,0,0.0,0,0,0,0,0,0,0,0,0,0,0,0,0,0,0,0
8105,Le Ny,Jean-Louis,Le Ny J.L.,119,305,0,0,0,jlleny,19980129,0.0,0.0,0,2.5,0.0,0.0,0,0,3,0,0,0,0,0,0,0,0,65,0,61,0,61,0,68,0,60,0,56,0,60,0,63,0,68,0,58,0,60,0,62,0,66,0,55,0,0,0,0,0,0,0,0,0,0,,Le-Ny_Jean-Louis,0,0,0,0,(),0,0,0.0,0,0,0.0,0,0,0,0,0,0,0,0,0,0,0,0,0,0,0,0
8108,Ambrosini,Matteo,Ambrosini M.,103,206,0,0,0,mambrosini,20020423,0.0,0.0,0,3.0,0.0,0.0,0,0,3,0,0,0,0,0,0,0,0,67,0,63,0,67,0,63,0,60,0,61,0,61,0,58,0,61,0,63,0,62,0,64,0,67,0,72,0,0,0,0,0,0,0,0,0,0,,Ambrosini_Matteo,0,0,0,0,(),0,0,0.0,0,0,0.0,0,0,0,0,0,0,0,0,0,0,0,0,0,0,0,0
8109,Boscaro,Davide,Boscaro D.,119,206,0,0,0,,20000713,0.0,0.0,0,2.5,0.0,0.0,0,0,3,0,0,0,182,77,0,0,0,66,0,54,0,54,0,64,0,60,0,57,0,56,0,68,0,67,0,58,0,60,0,53,0,59,0,58,0,0,0,0,0,0,0,0,0,0,,Boscaro_Davide,0,0,0,0,(),0,0,0.0,0,0,0.0,0,0,0,0,0,0,0,0,0,0,0,0,0,0,0,0
8110,Bracalente,Diego,Bracalente D.,103,210,0,0,0,dbracalente,20041206,0.0,0.0,0,3.5,0.0,0.0,0,0,3,0,0,0,0,0,0,0,0,63,0,67,0,68,0,64,0,55,0,56,0,56,0,59,0,63,0,64,0,62,0,62,0,66,0,62,0,0,0,0,0,0,0,0,0,0,,Bracalente_Diego,0,0,0,0,(),0,0,0.0,0,0,0.0,0,0,0,0,0,0,0,0,0,0,0,0,0,0,0,0
8112,Cretti,Luca,Cretti L.,103,204,0,0,0,lcretti,20010630,0.0,0.0,0,3.5,0.0,0.0,0,0,3,0,0,0,180,63,0,0,0,64,0,71,0,71,0,65,0,54,0,57,0,55,0,63,0,63,0,67,0,66,0,65,0,70,0,59,0,0,0,0,0,0,0,0,0,0,,Cretti_Luca,0,0,0,0,(),0,0,0.0,0,0,0.0,0,0,0,0,0,0,0,0,0,0,0,0,0,0,0,0
8114,Kajamini,Florian,Kajamini F.,12,201,0,0,0,fkajamini,20030228,0.0,0.0,0,4.0,0.0,0.0,0,0,3,0,0,0,0,0,0,0,0,65,0,68,0,69,0,68,0,56,0,62,0,64,0,63,0,64,0,64,0,63,0,64,0,69,0,69,0,0,0,0,0,0,0,0,0,0,,Kajamini_Florian,0,0,0,0,(),0,0,0.0,0,0,0.0,0,0,0,0,0,0,0,0,0,0,0,0,0,0,0,0
8115,Masciarelli,Lorenzo,Masciarelli L.,103,213,0,0,0,lmasciarelli,20031022,0.0,0.0,0,3.5,0.0,0.0,0,0,3,0,0,0,0,0,0,0,0,68,0,69,0,70,0,74,0,65,0,60,0,61,0,63,0,69,0,66,0,66,0,65,0,69,0,70,0,0,0,0,0,0,0,0,0,0,,Masciarelli_Lorenzo,0,0,0,0,(),0,0,0.0,0,0,0.0,0,0,0,0,0,0,0,0,0,0,0,0,0,0,0,0
8116,Meris,Sergio,Meris S.,107,204,0,0,0,smeris,20010310,0.0,0.0,0,4.0,0.0,0.0,0,0,3,0,0,0,180,0,0,0,0,67,0,64,0,69,0,66,0,59,0,57,0,59,0,65,0,67,0,66,0,66,0,65,0,71,0,70,0,0,0,0,0,0,0,0,0,0,,Meris_Sergio,0,0,0,0,(),0,0,0.0,0,0,0.0,0,0,0,0,0,0,0,0,0,0,0,0,0,0,0,0
8117,Milesi,Nicolas,Milesi N.,202,201,0,0,0,,20040722,0.0,0.0,0,4.0,0.0,0.0,0,0,3,0,0,0,0,0,0,0,0,70,0,62,0,66,0,75,0,68,0,72,0,70,0,63,0,68,0,64,0,65,0,65,0,68,0,72,0,0,0,0,0,0,0,0,0,0,,Milesi_Nicolas,0,0,0,0,(),0,0,0.0,0,0,0.0,0,0,0,0,0,0,0,0,0,0,0,0,0,0,0,0
8118,Nespoli,Lorenzo,Nespoli L.,103,204,0,0,0,lnespoli,20040930,0.0,0.0,0,3.0,0.0,0.0,0,0,3,0,0,0,0,0,0,0,0,66,0,66,0,69,0,65,0,58,0,57,0,68,0,65,0,69,0,64,0,66,0,65,0,69,0,59,0,0,0,0,0,0,0,0,0,0,,Nespoli_Lorenzo,0,0,0,0,(),0,0,0.0,0,0,0.0,0,0,0,0,0,0,0,0,0,0,0,0,0,0,0,0
8119,Novák,Pavel,Novák P.,1,3301,0,0,0,pnovak,20041203,0.0,0.0,0,4.5,0.0,0.0,0,0,3,0,0,0,181,64,0,0,0,66,0,70,0,71,0,71,0,60,0,63,0,63,0,60,0,60,0,65,0,64,0,65,0,69,0,56,0,0,0,0,0,0,0,0,0,0,,Novak_Pavel,0,0,0,0,(),0,0,0.0,0,0,0.0,0,0,0,0,0,0,0,0,0,0,0,0,0,0,0,0
8120,O'Connor,Ronan,O'Connor R.,119,3101,0,0,0,,20030910,0.0,0.0,0,3.0,0.0,0.0,0,0,3,0,0,0,0,0,0,0,0,59,0,60,0,60,0,62,0,57,0,56,0,55,0,58,0,59,0,57,0,54,0,56,0,62,0,64,0,0,0,0,0,0,0,0,0,0,,Oconnor_Ronan,0,0,0,0,(),0,0,0.0,0,0,0.0,0,0,0,0,0,0,0,0,0,0,0,0,0,0,0,0
8121,Persico,Davide,Persico D.,103,201,0,0,0,dpersico,20010401,0.0,0.0,0,4.0,0.0,0.0,0,0,3,0,0,0,175,65,0,0,0,70,0,58,0,60,0,67,0,65,0,62,0,66,0,74,0,75,0,66,0,68,0,66,0,65,0,61,0,0,0,0,0,0,0,0,0,0,,Persico_Davide,0,0,0,0,(),0,0,0.0,0,0,0.0,0,0,0,0,0,0,0,1,0,0,0,0,0,0,0,0
8122,Quaranta,Samuel,Quaranta S.,119,201,0,0,0,,20020415,0.0,0.0,0,3.5,0.0,0.0,0,0,3,0,0,0,0,0,0,0,0,67,0,54,0,56,0,68,0,58,0,54,0,60,0,71,0,70,0,63,0,64,0,66,0,64,0,59,0,0,0,0,0,0,0,0,0,0,,Quaranta_Samuel,0,0,0,0,(),0,0,0.0,0,0,0.0,0,0,0,0,0,0,0,0,0,0,0,0,0,0,0,0
8123,Romele,Alessandro,Romele A.,12,201,0,0,0,aromele,20030830,0.0,0.0,0,3.0,0.0,0.0,0,0,3,0,0,0,186,71,0,0,0,70,0,61,0,64,0,68,0,69,0,64,0,67,0,69,0,69,0,66,0,68,0,65,0,69,0,71,0,0,1,3,0,0,0,0,0,0,,Romele_Alessandro,0,0,0,0,(),0,0,0.0,0,0,0.0,0,0,0,0,0,0,0,0,0,0,0,0,1,1,0,0
8125,Volpato,Leonardo,Volpato L.,119,201,0,0,0,,20041214,0.0,0.0,0,2.0,0.0,0.0,0,0,3,0,0,0,0,0,0,0,0,60,0,59,0,59,0,64,0,54,0,58,0,58,0,56,0,59,0,57,0,58,0,55,0,63,0,61,0,0,0,0,0,0,0,0,0,0,,Volpato_Leonardo,0,0,0,0,(),0,0,0.0,0,0,0.0,0,0,0,0,0,0,0,0,0,0,0,0,0,0,0,0
8126,De Pauw,Len,De Pauw L.,119,402,0,0,0,,20000516,0.0,0.0,0,3.0,0.0,0.0,0,0,3,0,0,0,0,0,0,0,0,64,0,54,0,56,0,63,0,59,0,59,0,60,0,66,0,66,0,61,0,62,0,59,0,60,0,62,0,0,0,0,0,0,0,0,0,0,,De-Pauw_Len,0,0,0,0,(),0,0,0.0,0,0,0.0,0,0,0,0,0,0,0,0,0,0,0,0,0,0,0,0
8127,Geens,Jonas,Geens J.,37,402,0,0,0,jgeens,19990104,0.0,0.0,0,4.0,0.0,0.0,0,0,3,0,0,0,183,78,0,0,0,73,0,60,0,65,0,69,0,64,0,62,0,62,0,63,0,65,0,67,0,68,0,68,0,72,0,74,0,0,0,0,0,0,0,0,0,0,,Geens_Jonas,0,0,0,0,(),0,0,0.0,0,0,0.0,0,0,0,0,0,0,0,0,0,0,0,0,0,0,0,0
8128,Godart,Bo,Godart B.,119,402,0,0,0,,19980831,0.0,0.0,0,2.0,0.0,0.0,0,0,3,0,0,0,0,0,0,0,0,65,0,56,0,56,0,67,0,65,0,59,0,57,0,64,0,67,0,56,0,56,0,56,0,59,0,55,0,0,0,0,0,0,0,0,0,0,,Godart_Bo,0,0,0,0,(),0,0,0.0,0,0,0.0,0,0,0,0,0,0,0,0,0,0,0,0,0,0,0,0
8129,Vandenbulcke,Alex,Vandenbulcke A.,119,402,0,0,0,,20011125,0.0,0.0,0,2.5,0.0,0.0,0,0,3,0,0,0,174,63,0,0,0,64,0,61,0,62,0,65,0,63,0,59,0,60,0,61,0,67,0,58,0,58,0,59,0,65,0,58,0,0,0,0,0,0,0,0,0,0,,Vandenbulcke_Alex,0,0,0,0,(),0,0,0.0,0,0,0.0,0,0,0,0,0,0,0,0,0,0,0,0,0,0,0,0
8130,Verwilt,Mauro,Verwilt M.,119,402,0,0,0,,20000611,0.0,0.0,0,3.0,0.0,0.0,0,0,3,0,0,0,186,76,0,0,0,67,0,62,0,65,0,67,0,65,0,59,0,58,0,62,0,65,0,60,0,62,0,60,0,66,0,66,0,0,0,0,0,0,0,0,0,0,,Verwilt_Mauro,0,0,0,0,(),0,0,0.0,0,0,0.0,0,0,0,0,0,0,0,0,0,0,0,0,0,0,0,0
8131,Boulet,Enzo,Boulet En.,119,318,0,0,0,,20030226,0.0,0.0,0,2.5,0.0,0.0,0,0,3,0,0,0,0,0,0,0,0,69,0,54,0,56,0,70,0,63,0,57,0,61,0,69,0,68,0,62,0,64,0,61,0,63,0,58,0,0,0,0,0,0,0,0,0,0,,Boulet_Enzo,0,0,0,0,(),0,0,0.0,0,0,0.0,0,0,0,0,0,0,0,0,0,0,0,0,0,0,0,0
8133,Grygawski,Hubert,Grygawski H.,106,3001,0,0,0,,20040105,0.0,0.0,0,3.5,0.0,0.0,0,0,3,0,0,0,0,0,0,0,0,67,0,58,0,60,0,63,0,65,0,60,0,61,0,61,0,65,0,61,0,63,0,60,0,63,0,69,0,0,0,0,0,0,0,0,0,0,,Grygowski_Hubert,0,0,0,0,(),0,0,0.0,0,0,0.0,0,0,0,0,0,0,0,0,0,0,0,0,0,0,0,0
8134,Isidore,Noa,Isidore N.,3,307,0,0,0,nisidore,20040917,0.0,0.0,0,4.5,0.0,0.0,0,0,3,0,0,0,180,67,0,0,0,71,0,62,0,65,0,70,0,68,0,64,0,69,0,70,0,72,0,66,0,68,0,65,0,71,0,71,0,0,0,0,0,0,0,0,0,0,,Isidore_Noa,0,0,0,0,(11),0,0,0.0,0,0,0.0,0,0,0,0,0,0,0,0,0,0,0,0,0,0,1,0
8135,Mahoudo,Nolann,Mahoudo N.,119,305,0,0,0,nmahoudo,20021117,0.0,0.0,0,4.0,0.0,0.0,0,0,3,0,0,0,171,61,0,0,0,65,0,63,0,65,0,71,0,62,0,57,0,58,0,60,0,67,0,64,0,64,0,66,0,71,0,73,0,0,0,0,0,0,0,0,0,0,,Mahoudo_Nolann,0,0,0,0,(),0,0,0.0,0,0,0.0,0,0,0,0,0,0,0,0,0,0,0,1,1,0,0,0
8136,Lukes,Jan,Lukes J.,119,3301,0,0,0,jlukes,20040526,0.0,0.0,0,2.5,0.0,0.0,0,0,3,0,0,0,0,0,0,0,0,62,0,61,0,61,0,60,0,54,0,58,0,57,0,60,0,55,0,55,0,53,0,55,0,60,0,64,0,0,0,0,0,0,0,0,0,0,,Lukes_Jan,0,0,0,0,(),0,0,0.0,0,0,0.0,0,0,0,0,0,0,0,0,0,0,0,0,0,0,0,0
8137,Mráz,Daniel,Mráz D.,119,3301,0,0,0,dmraz,20040322,0.0,0.0,0,3.5,0.0,0.0,0,0,3,0,0,0,0,0,0,0,0,59,0,60,0,60,0,66,0,56,0,55,0,58,0,53,0,63,0,54,0,57,0,53,0,62,0,70,0,0,0,0,0,0,0,0,0,0,,Mraz_Daniel,0,0,0,0,(),0,0,0.0,0,0,0.0,0,0,0,0,0,0,0,0,0,0,0,0,0,0,0,0
8138,Pridal,Tomás,Pridal T.,167,3301,0,0,0,tpridal,20040202,0.0,0.0,0,4.0,0.0,0.0,0,0,3,0,0,0,182,66,0,0,0,70,0,70,0,72,0,70,0,63,0,63,0,63,0,65,0,70,0,68,0,67,0,69,0,71,0,65,0,0,3,3,0,0,0,0,2,0,,Pridal_Tomas,0,0,0,0,(),0,0,0.0,0,0,0.0,0,0,0,0,0,0,0,1,0,0,0,0,0,0,0,0
8139,Telecký,Stepan,Telecký S.,119,3301,0,0,0,stelecky,20040828,0.0,0.0,0,4.0,0.0,0.0,0,0,3,0,0,0,0,0,0,0,0,62,0,57,0,59,0,62,0,58,0,64,0,64,0,57,0,56,0,54,0,57,0,54,0,60,0,56,0,0,0,0,0,0,0,0,0,0,,Telecky_Stepan,0,0,0,0,(),0,0,0.0,0,0,0.0,0,0,0,0,0,0,0,0,0,0,0,0,0,0,0,0
8140,Sek,Igor,Sek I.,119,3001,0,0,0,,20030530,0.0,0.0,0,3.0,0.0,0.0,0,0,3,0,0,0,0,0,0,0,0,61,0,55,0,58,0,62,0,59,0,55,0,56,0,59,0,62,0,60,0,60,0,58,0,62,0,58,0,0,0,0,0,0,0,0,0,0,,Sek_Igor,0,0,0,0,(),0,0,0.0,0,0,0.0,0,0,0,0,0,0,0,0,0,0,0,0,0,0,0,0
8141,Enggaard,Victor,Enggaard V.,161,1001,0,0,0,venggaard,20010616,0.0,0.0,0,2.0,0.0,0.0,0,0,3,0,0,0,0,0,0,0,0,65,0,58,0,59,0,64,0,59,0,56,0,57,0,59,0,63,0,56,0,57,0,55,0,64,0,63,0,0,0,0,0,0,0,0,0,0,,Enggaard_Victor,0,0,0,0,(),0,0,0.0,0,0,0.0,0,0,0,0,0,0,0,0,0,0,0,0,0,0,0,0
8142,Lorents,Magnus,Lorents M.,119,1001,0,0,0,mlorents,20031123,0.0,0.0,0,3.0,0.0,0.0,0,0,3,0,0,0,185,69,0,0,0,70,0,56,0,59,0,68,0,65,0,63,0,63,0,64,0,67,0,64,0,65,0,64,0,64,0,72,0,0,0,0,0,0,0,0,0,0,,Nielsen_Magnus-Lorents,0,0,0,0,(),0,0,0.0,0,0,0.0,0,0,0,0,0,0,0,0,0,0,0,0,0,0,0,0
8143,Nielsen,Sebastian,Nielsen S.,147,1001,0,0,0,,20000827,0.0,0.0,0,3.0,0.0,0.0,0,0,3,0,0,0,0,0,0,0,0,69,0,59,0,63,0,67,0,66,0,60,0,60,0,68,0,70,0,64,0,65,0,64,0,68,0,74,0,0,0,0,0,0,0,0,0,0,,Nielsen_Sebastian,0,0,0,0,(),0,0,0.0,0,0,0.0,0,0,0,0,0,0,0,0,0,0,0,0,0,0,0,0
8144,Pedersen,Henrik,Pedersen H.,99,1002,0,0,0,hpedersen,20041203,0.0,0.0,0,4.5,0.0,0.0,0,0,3,0,0,0,181,0,0,0,0,69,0,56,0,60,0,68,0,65,0,63,0,64,0,69,0,69,0,64,0,65,0,65,0,68,0,71,0,0,0,0,0,0,0,0,0,0,,Pedersen_Henrik,0,0,0,0,(),0,0,0.0,0,0,0.0,0,0,0,0,0,0,0,0,0,0,0,0,0,0,0,0
8145,Pedersen,Nicklas Amdi,Pedersen N.A.,119,1002,0,0,0,napedersen,19930803,0.0,0.0,0,3.5,0.0,0.0,0,0,3,0,0,0,0,0,0,0,0,70,0,58,0,64,0,70,0,67,0,65,0,65,0,71,0,70,0,65,0,66,0,65,0,67,0,68,0,0,0,0,0,0,0,0,0,0,,Pedersen_Nicklas-Amdi,0,0,0,0,(),0,0,0.0,0,0,0.0,0,0,0,0,0,0,0,0,0,0,0,0,0,0,0,0
8146,Svarre,Tobias,Svarre T.,99,1001,0,0,0,tsvarre,20040719,0.0,0.0,0,4.0,0.0,0.0,0,0,3,0,0,0,0,0,0,0,0,67,0,66,0,68,0,69,0,62,0,62,0,64,0,62,0,62,0,63,0,63,0,64,0,69,0,59,0,0,0,0,0,0,0,0,0,0,,Svarre_Tobias,0,0,0,0,(),0,0,0.0,0,0,0.0,0,0,0,0,0,0,0,0,0,0,0,0,0,0,0,0
8147,Vos,Anders,Vos A.,147,1001,0,0,0,avos,20040311,0.0,0.0,0,3.5,0.0,0.0,0,0,3,0,0,0,0,0,0,0,0,68,0,58,0,60,0,68,0,64,0,61,0,61,0,66,0,68,0,62,0,62,0,63,0,65,0,62,0,0,0,0,0,0,0,0,0,0,,Sorensen_Anders-Vos,0,0,0,0,(),0,0,0.0,0,0,0.0,0,0,0,0,0,0,0,0,0,0,0,0,0,0,0,0
8148,Källberg,Axel,Källberg A.,119,4701,0,0,0,akallberg,20031024,0.0,0.0,0,2.5,0.0,0.0,0,0,3,0,0,0,176,69,0,0,0,67,0,58,0,58,0,64,0,60,0,63,0,63,0,59,0,60,0,60,0,61,0,60,0,64,0,65,0,0,0,0,0,0,0,0,0,0,,Kallberg_Axel,0,0,0,0,(),0,0,0.0,0,0,0.0,0,0,0,0,0,0,0,0,0,0,0,0,0,0,0,0
8149,Haogendoorn,Roy,Haogendoorn R.,140,512,0,0,0,,20010717,0.0,0.0,0,3.0,0.0,0.0,0,0,3,0,0,0,0,0,0,0,0,69,0,56,0,58,0,67,0,67,0,61,0,61,0,68,0,70,0,64,0,65,0,63,0,67,0,61,0,0,0,0,0,0,0,0,0,0,,Hoogendoorn_Roy,0,0,0,0,(),0,0,0.0,0,0,0.0,0,0,0,0,0,0,0,0,0,0,0,0,0,0,0,0
8150,vun Vliet,Michiel,vun Vliet M.,140,506,0,0,0,,20040503,0.0,0.0,0,3.0,0.0,0.0,0,0,3,0,0,0,0,0,0,0,0,66,0,63,0,63,0,68,0,65,0,59,0,61,0,62,0,64,0,63,0,61,0,61,0,65,0,67,0,0,0,0,0,0,0,0,0,0,,Van-Vliet_Michiel,0,0,0,0,(),0,0,0.0,0,0,0.0,0,0,0,0,0,0,0,0,0,0,0,0,0,0,0,0
8151,Christen,Jan,Christen J.,16,1701,0,0,0,jchristen,20040626,0.0,0.0,0,5.0,0.0,0.0,0,0,3,0,0,0,183,60,0,0,0,73,0,71,0,76,0,74,0,68,0,71,0,71,0,65,0,71,0,74,0,74,0,68,0,78,0,71,0,0,2,3,0,0,0,0,0,0,,Christen_Jan,0,0,0,0,(),0,0,0.0,0,0,0.0,0,0,0,0,0,0,0,5,0,0,0,0,0,0,0,1
8152,De Jong,Nino,De Jong N.,146,507,0,0,0,,20031119,0.0,0.0,0,3.0,0.0,0.0,0,0,3,0,0,0,177,64,0,0,0,63,0,57,0,59,0,63,0,61,0,58,0,59,0,60,0,62,0,61,0,62,0,61,0,63,0,60,0,0,0,0,0,0,0,0,0,0,,De-Jong_Nino,0,0,0,0,(),0,0,0.0,0,0,0.0,0,0,0,0,0,0,0,0,0,0,0,0,0,0,0,0
8153,Herzog,Emil,Herzog E.,33,702,0,0,0,eherzog,20041006,0.0,0.0,0,4.0,0.0,0.0,0,0,3,0,0,0,183,74,0,0,0,72,0,63,0,71,0,76,0,69,0,65,0,67,0,65,0,70,0,68,0,66,0,69,0,73,0,70,0,0,0,0,0,0,0,0,0,0,,Herzog_Emil,0,0,0,0,(),0,0,0.0,0,0,0.0,0,0,0,0,0,0,0,0,0,0,0,0,1,1,0,0
8155,Place,Maxence,Place M.,119,401,0,0,0,,20040118,0.0,0.0,0,4.0,0.0,0.0,0,0,3,0,0,0,179,58,0,0,0,63,0,68,0,69,0,68,0,62,0,62,0,64,0,63,0,65,0,62,0,62,0,64,0,66,0,64,0,0,0,0,0,0,0,0,0,0,,Place_Maxence,0,0,0,0,(),0,0,0.0,0,0,0.0,0,0,0,0,0,0,0,0,0,0,0,0,0,0,0,0
8156,Shmidt,Artem,Shmidt A.,2,601,0,0,0,ashmidt,20040130,0.0,0.0,0,4.0,0.0,0.0,0,0,3,0,0,0,191,76,0,0,0,73,0,60,0,66,0,77,0,68,0,72,0,72,0,61,0,66,0,66,0,67,0,63,0,68,0,72,0,0,0,0,0,0,0,0,64,0,,Shmidt_Artem,0,0,0,0,(),0,0,0.0,0,0,0.0,0,0,0,0,0,0,0,1,0,0,0,0,0,0,0,0
8157,Tavares,Gonçalo,Tavares G.,119,2902,0,0,0,,20040827,0.0,0.0,0,4.0,0.0,0.0,0,0,3,0,0,0,0,0,0,0,0,64,0,64,0,65,0,67,0,55,0,62,0,63,0,59,0,63,0,62,0,61,0,59,0,66,0,65,0,0,0,0,0,0,0,0,0,0,,Tavares_Goncalo,0,0,0,0,(),0,0,0.0,0,0,0.0,0,0,0,0,0,0,0,0,0,0,0,0,0,0,0,0
8160,Giddings,Joshua,Giddings J.,9,1801,0,0,0,jgiddings,20030720,0.0,0.0,0,3.0,0.0,0.0,0,0,3,0,0,0,195,0,0,0,0,69,0,54,0,56,0,66,0,69,0,66,0,70,0,67,0,67,0,67,0,68,0,65,0,62,0,65,0,0,0,0,0,0,0,0,0,0,,Giddings_Joshua,0,0,0,0,(),0,0,0.0,0,0,0.0,0,0,0,0,0,0,0,0,0,0,0,1,1,1,0,0
8161,Orins,Robin,Orins R.,9,402,0,0,0,rorins,20020306,0.0,0.0,0,4.5,0.0,0.0,0,0,3,0,0,0,190,0,0,0,0,69,0,62,0,65,0,70,0,68,0,67,0,66,0,66,0,66,0,65,0,65,0,64,0,70,0,64,0,0,0,0,0,0,0,0,0,0,,Orins_Robin,0,0,0,0,(),0,0,0.0,0,0,0.0,0,0,0,0,0,0,0,0,0,0,0,0,0,0,0,1
8162,Rogers,Cameron,Rogers C.,202,2001,0,0,0,crogers,20041216,0.0,0.0,0,4.5,0.0,0.0,0,0,3,0,0,0,0,0,0,0,0,72,0,57,0,61,0,69,0,65,0,72,0,74,0,63,0,62,0,65,0,65,0,65,0,67,0,74,0,0,0,0,0,0,0,0,0,0,,Rogers_Cameron,0,0,0,0,(),0,0,0.0,0,0,0.0,0,0,0,0,0,0,0,1,0,0,0,0,0,0,0,0
8163,Van de Wynkele,Lorenz,Van de Wynkele L.,209,402,0,0,0,lvandewynkele,20010819,0.0,0.0,0,3.0,0.0,0.0,0,0,3,0,0,0,182,75,0,0,0,69,0,58,0,61,0,65,0,64,0,55,0,58,0,64,0,62,0,63,0,64,0,61,0,67,0,70,0,0,0,0,0,0,0,0,0,0,,Van-De-Wynkele_Lorenz,0,0,0,0,(),0,0,0.0,0,0,0.0,0,0,0,0,0,0,0,0,0,0,0,0,0,0,0,0
8166,Desmarets,Julien,Desmarets J.,119,402,0,0,0,,19991018,0.0,0.0,0,4.0,0.0,0.0,0,0,3,0,0,0,180,69,0,0,0,65,0,59,0,62,0,63,0,63,0,58,0,60,0,62,0,64,0,64,0,64,0,62,0,64,0,66,0,0,0,0,0,0,0,0,0,0,,Desmarets_Julien,0,0,0,0,(),0,0,0.0,0,0,0.0,0,0,0,0,0,0,0,0,0,0,0,0,0,0,0,0
8169,Melotte,Matteo,Melotte M.,119,401,0,0,0,,20040426,0.0,0.0,0,3.0,0.0,0.0,0,0,3,0,0,0,0,0,0,0,0,63,0,54,0,55,0,64,0,58,0,58,0,59,0,63,0,64,0,60,0,61,0,60,0,58,0,60,0,0,0,0,0,0,0,0,0,0,,Melotte_Matteo,0,0,0,0,(),0,0,0.0,0,0,0.0,0,0,0,0,0,0,0,0,0,0,0,0,0,0,0,0
8170,Portsmouth,Tom,Portsmouth T.,119,1801,0,0,0,tportsmouth,20011219,0.0,0.0,0,3.5,0.0,0.0,0,0,3,0,0,0,181,70,0,0,0,62,0,61,0,64,0,68,0,62,0,56,0,56,0,63,0,64,0,59,0,59,0,64,0,65,0,67,0,0,0,0,0,0,0,0,0,0,,Portsmouth_Tom,0,0,0,0,(),0,0,0.0,0,0,0.0,0,0,0,0,0,0,0,0,0,0,0,0,0,0,0,0
8173,Wertz,Hugo,Wertz H.,119,401,0,0,0,,20040915,0.0,0.0,0,3.0,0.0,0.0,0,0,3,0,0,0,0,0,0,0,0,63,0,57,0,58,0,65,0,62,0,58,0,58,0,60,0,62,0,60,0,61,0,58,0,63,0,60,0,0,0,0,0,0,0,0,0,0,,Wertz_Hugo,0,0,0,0,(),0,0,0.0,0,0,0.0,0,0,0,0,0,0,0,0,0,0,0,0,0,0,0,0
8174,Grenaae,Alfred,Grenaae A.,119,1001,0,0,0,,20040601,0.0,0.0,0,4.0,0.0,0.0,0,0,3,0,0,0,0,0,0,0,0,67,0,56,0,60,0,67,0,66,0,55,0,57,0,62,0,64,0,63,0,63,0,62,0,65,0,72,0,0,0,0,0,0,0,0,0,0,,Grenaae_Alfred,0,0,0,0,(),0,0,0.0,0,0,0.0,0,0,0,0,0,0,0,0,0,0,0,0,0,0,0,0
8175,Hansen,Martin Solhaug,Hansen M.S.,119,3501,0,0,0,,20030511,0.0,0.0,0,4.0,0.0,0.0,0,0,3,0,0,0,0,0,0,0,0,68,0,63,0,65,0,70,0,65,0,62,0,64,0,58,0,59,0,63,0,65,0,63,0,68,0,67,0,0,0,0,0,0,0,0,0,0,,Hansen_Martin-Solhaug,0,0,0,0,(),0,0,0.0,0,0,0.0,0,0,0,0,0,0,0,0,0,0,0,0,0,0,0,0
8176,Kulset,Johannes,Kulset J.,99,3501,0,0,0,jkulset,20040414,0.0,0.0,0,4.5,0.0,0.0,0,0,3,0,0,0,175,58,0,0,0,68,0,73,0,74,0,72,0,62,0,64,0,64,0,60,0,69,0,70,0,69,0,68,0,74,0,68,0,0,4,3,0,0,0,0,0,0,,Kulset_Johannes,0,0,0,0,(),0,0,0.0,0,0,0.0,0,0,0,0,0,0,0,0,1,0,0,0,0,0,1,2
8177,Landbo,Mads,Landbo M.,147,1004,0,0,0,,20040930,0.0,0.0,0,4.0,0.0,0.0,0,0,3,0,0,0,0,0,0,0,0,70,0,56,0,59,0,70,0,65,0,67,0,66,0,68,0,67,0,64,0,65,0,63,0,64,0,65,0,0,0,0,0,0,0,0,0,0,,Landbo_Mads,0,0,0,0,(),0,0,0.0,0,0,0.0,0,0,0,0,0,0,0,0,0,0,0,0,0,0,0,0
8180,Abudraham,Jonatan,Abudraham J.,119,7001,0,0,0,,20041011,0.0,0.0,0,2.5,0.0,0.0,0,0,3,0,0,0,0,0,0,0,0,61,0,56,0,57,0,62,0,53,0,54,0,55,0,57,0,58,0,58,0,57,0,56,0,60,0,59,0,0,0,0,0,0,0,0,0,0,,Abudraham_Jonatan,0,0,0,0,(),0,0,0.0,0,0,0.0,0,0,0,0,0,0,0,0,0,0,0,0,0,0,0,0
8181,Bental,Aviv,Bental A.,119,7001,0,0,0,,20030128,0.0,0.0,0,3.0,0.0,0.0,0,0,3,0,0,0,0,0,0,0,0,60,0,54,0,56,0,60,0,56,0,58,0,58,0,61,0,61,0,60,0,59,0,56,0,58,0,59,0,0,0,0,0,0,0,0,0,0,,Bental_Aviv,0,0,0,0,(),0,0,0.0,0,0,0.0,0,0,0,0,0,0,0,0,0,0,0,0,0,0,0,0
8182,Bibic,Dylan,Bibic D.,242,2201,0,0,0,,20030803,0.0,0.0,0,3.0,0.0,0.0,0,0,3,0,0,0,0,0,0,0,0,65,0,53,0,56,0,63,0,58,0,63,0,63,0,66,0,65,0,57,0,60,0,55,0,61,0,59,0,0,0,0,0,0,0,0,0,0,,Bibic_Dylan,0,0,0,0,(),0,0,0.0,0,0,0.0,0,0,0,0,0,0,0,0,0,0,0,0,0,0,0,0
8183,Lima,Daniel,Lima D.,119,2901,0,0,0,,20041212,0.0,0.0,0,4.0,0.0,0.0,0,0,3,0,0,0,0,0,0,0,0,67,0,66,0,68,0,67,0,63,0,60,0,61,0,63,0,64,0,65,0,64,0,63,0,70,0,62,0,0,0,0,0,0,0,0,0,0,,Lima_Daniel,0,0,0,0,(),0,0,0.0,0,0,0.0,0,0,0,0,0,0,0,0,0,0,0,0,0,0,0,0
8184,Maris,Jesse,Maris J.,119,601,0,0,0,,20040319,0.0,0.0,0,3.0,0.0,0.0,0,0,3,0,0,0,0,0,0,0,0,64,0,68,0,70,0,68,0,61,0,56,0,58,0,59,0,64,0,65,0,65,0,63,0,69,0,68,0,0,0,0,0,0,0,0,0,0,,Maris_Jesse,0,0,0,0,(),0,0,0.0,0,0,0.0,0,0,0,0,0,0,0,0,0,0,0,0,0,0,0,0
8185,Martí,Pau,Martí P.,42,810,0,0,0,pmarti,20041124,0.0,0.0,0,4.5,0.0,0.0,0,0,3,0,0,0,0,0,0,0,0,68,0,67,0,71,0,72,0,65,0,62,0,62,0,65,0,70,0,65,0,65,0,64,0,74,0,66,0,0,1,1,0,0,0,0,0,0,,Marti_Pau,0,0,0,0,(),0,0,0.0,0,0,0.0,0,0,0,0,0,0,0,1,0,0,0,0,0,0,0,0
8186,Mattern,Carson,Mattern C.,119,2201,0,0,0,,20040224,0.0,0.0,0,3.0,0.0,0.0,0,0,3,0,0,0,0,0,0,0,0,58,0,54,0,55,0,62,0,56,0,61,0,63,0,56,0,57,0,60,0,60,0,56,0,58,0,61,0,0,0,0,0,0,0,0,0,0,,Mattern_Carson,0,0,0,0,(),0,0,0.0,0,0,0.0,0,0,0,0,0,0,0,0,0,0,0,0,0,0,0,0
8187,Craps,Lars,Craps L.,9,402,0,0,0,lcraps,20011017,0.0,0.0,0,3.5,0.0,0.0,0,0,3,0,0,0,184,67,0,0,0,66,0,69,0,72,0,69,0,62,0,64,0,64,0,62,0,66,0,68,0,66,0,66,0,72,0,67,0,0,3,2,0,0,0,0,0,0,,Craps_Lars,0,0,0,0,(),0,0,0.0,0,0,0.0,0,0,0,0,0,0,0,0,0,0,1,0,1,1,1,1
8188,Deweirdt,Siebe,Deweirdt S.,69,402,0,0,0,sdeweirdt,20020508,0.0,0.0,0,3.5,0.0,0.0,0,0,3,0,0,0,184,69,0,0,0,69,0,56,0,60,0,70,0,66,0,62,0,65,0,67,0,68,0,62,0,63,0,60,0,65,0,73,0,0,0,0,0,0,0,0,0,0,,Deweirdt_Siebe,0,0,0,0,(),0,0,0.0,0,0,0.0,0,0,0,0,0,0,0,0,0,0,0,0,1,1,1,0
8189,Eckirstorfer,Benjamin,Eckirstorfer B.,114,3701,0,0,0,,20040112,0.0,0.0,0,4.0,0.0,0.0,0,0,3,0,0,0,177,62,0,0,0,65,0,65,0,68,0,65,0,58,0,65,0,64,0,61,0,64,0,63,0,65,0,65,0,69,0,60,0,0,0,0,0,0,0,0,0,0,,Eckerstorfer_Benjamin,0,0,0,0,(),0,0,0.0,0,0,0.0,0,0,0,0,0,0,0,0,0,0,0,0,0,0,0,0
8190,Hilsmans,Senne,Hilsmans S.,116,402,0,0,0,,20031022,0.0,0.0,0,3.0,0.0,0.0,0,0,3,0,0,0,182,70,0,0,0,68,0,56,0,59,0,66,0,64,0,56,0,58,0,66,0,66,0,61,0,62,0,62,0,62,0,64,0,0,0,0,0,0,0,0,0,0,,Hulsmans_Senne,0,0,0,0,(),0,0,0.0,0,0,0.0,0,0,0,0,0,0,0,0,0,0,0,0,0,0,0,0
8191,Kino,Jan,Kino J.,119,402,0,0,0,,20030208,0.0,0.0,0,3.0,0.0,0.0,0,0,3,0,0,0,187,63,0,0,0,65,0,66,0,67,0,68,0,64,0,60,0,60,0,64,0,64,0,64,0,62,0,63,0,67,0,63,0,0,0,0,0,0,0,0,0,0,,Kino_Jan,0,0,0,0,(),0,0,0.0,0,0,0.0,0,0,0,0,0,0,0,0,0,0,0,0,0,0,0,0
8193,Raccagni Noviero,Andrea,Raccagni Noviero A.,10,203,0,0,0,araccagninoviero,20040126,0.0,0.0,0,3.5,0.0,0.0,0,0,3,0,0,0,183,73,0,0,0,72,0,63,0,71,0,67,0,67,0,69,0,70,0,69,0,72,0,70,0,72,0,65,0,73,0,69,0,0,0,0,0,0,0,0,0,0,,Raccagni-Noviero_Andrea,0,0,0,0,"(135,11,4)",0,0,0.0,0,0,0.0,0,0,0,0,0,0,0,0,0,0,0,0,0,1,0,0
8194,Savino,Federico,Savino F.,210,209,0,0,0,,20040710,0.0,0.0,0,4.0,0.0,0.0,0,0,3,0,0,0,191,70,0,0,0,66,0,60,0,63,0,66,0,62,0,63,0,64,0,60,0,59,0,65,0,64,0,66,0,67,0,71,0,0,0,0,0,0,0,0,0,0,,Savino_Federico,0,0,0,0,(),0,0,0.0,0,0,0.0,0,0,0,0,0,0,0,0,0,0,0,0,0,0,0,0
8195,Vangheluwe,Warre,Vangheluwe W.,10,402,0,0,0,wvangheluwe,20010723,0.0,0.0,0,4.0,0.0,0.0,0,0,3,0,0,0,189,78,0,0,0,69,0,58,0,62,0,69,0,73,0,60,0,63,0,69,0,68,0,68,0,69,0,67,0,69,0,75,0,0,0,0,0,0,0,0,0,0,,Vangheluwe_Warre,0,0,0,0,"(24,13,317)",0,0,0.0,0,0,0.0,0,0,0,0,0,0,0,2,0,0,0,0,0,1,0,0
8196,Vervenne,Jonathan,Vervenne J.,10,402,0,0,0,jvervenne,20030527,0.0,0.0,0,4.0,0.0,0.0,0,0,3,0,0,0,187,72,0,0,0,74,0,61,0,64,0,69,0,66,0,71,0,71,0,63,0,64,0,66,0,66,0,67,0,71,0,74,0,0,0,0,0,0,0,0,0,0,,Vervenne_Jonathan,0,0,0,0,"(13,4,92)",0,0,0.0,0,0,0.0,0,0,0,0,0,0,0,0,0,0,0,0,0,0,0,0
8197,Andreaus,Marco,Andreaus M.,119,204,0,0,0,,20030925,0.0,0.0,0,3.5,0.0,0.0,0,0,3,0,0,0,0,0,0,0,0,69,0,57,0,59,0,65,0,65,0,60,0,63,0,67,0,67,0,63,0,64,0,65,0,64,0,64,0,0,0,0,0,0,0,0,0,0,,Andreaus_Marco,0,0,0,0,(),0,0,0.0,0,0,0.0,0,0,0,0,0,0,0,0,0,0,0,0,0,0,0,0
8198,Bortoluzzi,Giovanni,Bortoluzzi G.,119,204,0,0,0,,20021103,0.0,0.0,0,3.5,0.0,0.0,0,0,3,0,0,0,0,0,0,0,0,65,0,60,0,63,0,67,0,61,0,61,0,63,0,66,0,66,0,66,0,65,0,65,0,65,0,64,0,0,0,0,0,0,0,0,0,0,,Bortoluzzi_Giovanni,0,0,0,0,(),0,0,0.0,0,0,0.0,0,0,0,0,0,0,0,0,0,0,0,0,0,0,0,0
8199,Bruttomesso,Alberto,Bruttomesso A.,13,206,0,0,0,abruttomesso,20031030,0.0,0.0,0,4.0,0.0,0.0,0,0,3,0,0,0,179,0,0,0,0,69,0,58,0,63,0,67,0,61,0,64,0,67,0,71,0,70,0,65,0,66,0,65,0,66,0,60,0,0,0,0,0,0,0,0,0,0,,Bruttomesso_Alberto,0,0,0,0,(),0,0,0.0,0,0,0.0,0,0,0,0,0,0,0,0,0,0,0,0,0,0,0,0
8200,Buratti,Nicolò,Buratti N.,103,207,0,0,0,nburatti,20010707,0.0,0.0,0,4.5,0.0,0.0,0,0,3,0,0,0,0,0,0,0,0,69,0,62,0,66,0,70,0,66,0,65,0,66,0,72,0,70,0,68,0,69,0,65,0,71,0,65,0,0,0,0,0,0,0,0,0,0,,Buratti_Nicolo,0,0,0,0,(),0,0,0.0,0,0,0.0,0,0,0,0,0,0,2023,0,0,0,1,1,0,0,0,1
8201,Da Ros,Alessandro,Da Ros A.,119,204,0,0,0,,20040719,0.0,0.0,0,3.5,0.0,0.0,0,0,3,0,0,0,0,0,0,0,0,62,0,63,0,64,0,68,0,56,0,54,0,57,0,59,0,62,0,62,0,63,0,60,0,65,0,62,0,0,0,0,0,0,0,0,0,0,,Da-Ros_Alessandro,0,0,0,0,(),0,0,0.0,0,0,0.0,0,0,0,0,0,0,0,0,0,0,0,0,0,0,0,0
8202,De Cassan,Davide,De Cassan D.,119,201,0,0,0,ddecassan,20020104,0.0,0.0,0,4.5,0.0,0.0,0,0,3,0,0,0,170,61,0,0,0,64,0,67,0,70,0,70,0,61,0,60,0,61,0,67,0,69,0,65,0,64,0,65,0,71,0,69,0,0,0,0,0,0,0,0,0,0,,De-Cassan_Davide,0,0,0,0,(),0,0,0.0,0,0,0.0,0,0,0,0,0,0,0,0,0,0,0,0,0,0,0,2
8204,Donegà,Matteo,Donegà M.,119,208,0,0,0,,19980401,0.0,0.0,0,2.0,0.0,0.0,0,0,3,0,0,0,0,0,0,0,0,67,0,64,0,64,0,68,0,54,0,61,0,63,0,60,0,63,0,60,0,60,0,62,0,64,0,60,0,0,0,0,0,0,0,0,0,0,,Donega_Matteo,0,0,0,0,(),0,0,0.0,0,0,0.0,0,0,0,0,0,0,0,0,0,0,0,0,0,0,0,0
8205,Milan,Matteo,Milan M.,6,204,0,0,0,mmilan,20030122,0.0,0.0,0,4.0,0.0,0.0,0,0,3,0,0,0,0,0,0,0,0,68,0,58,0,62,0,70,0,65,0,60,0,63,0,74,0,73,0,63,0,65,0,60,0,66,0,60,0,0,0,0,0,0,0,0,0,0,,Milan_Matteo,0,0,0,0,(),0,0,0.0,0,0,0.0,0,0,0,0,0,0,0,0,0,0,0,0,0,0,0,0
8206,Olivo,Bryan,Olivo B.,119,207,0,0,0,,20030104,0.0,0.0,0,3.5,0.0,0.0,0,0,3,0,0,0,180,70,0,0,0,63,0,58,0,61,0,67,0,64,0,62,0,63,0,58,0,61,0,62,0,62,0,60,0,64,0,66,0,0,0,0,0,0,0,0,0,0,,Olivo_Bryan,0,0,0,0,(),0,0,0.0,0,0,0.0,0,0,0,0,0,0,0,0,0,0,0,0,0,0,0,0
8207,Shtin,Valery,Shtin V.,119,1501,0,0,0,,20040724,0.0,0.0,0,3.0,0.0,0.0,0,0,3,0,0,0,0,0,0,0,0,63,0,63,0,64,0,65,0,57,0,55,0,56,0,58,0,62,0,63,0,63,0,59,0,65,0,67,0,0,0,0,0,0,0,0,0,0,,Shtin_Valery,0,0,0,0,(),0,0,0.0,0,0,0.0,0,0,0,0,0,0,0,0,0,0,0,0,0,0,0,0
8208,Sivok,Tomas,Sivok T.,162,2701,0,0,0,,20040224,0.0,0.0,0,4.5,0.0,0.0,0,0,3,0,0,0,0,0,0,0,0,64,0,60,0,62,0,63,0,52,0,56,0,56,0,62,0,64,0,62,0,63,0,60,0,65,0,62,0,0,0,0,0,0,0,0,0,0,,Sivok_Tomas,0,0,0,0,(),0,0,0.0,0,0,0.0,0,0,0,0,0,0,0,0,0,0,0,0,0,0,0,0
8209,Skerl,Daniel,Skerl D.,13,207,0,0,0,dskerl,20030321,0.0,0.0,0,4.0,0.0,0.0,0,0,3,0,0,15,177,78,0,0,0,69,0,54,0,57,0,66,0,64,0,57,0,58,0,74,0,74,0,64,0,65,0,64,0,62,0,59,0,0,0,0,0,0,0,0,0,0,,Skerl_Daniel,0,0,0,0,(),0,0,0.0,0,0,0.0,0,0,0,0,0,0,0,0,0,0,0,0,0,1,0,0
8210,Stockwell,Oliver,Stockwell O.,13,1801,0,0,0,ostockwell,20020607,0.0,0.0,0,4.5,0.0,0.0,0,0,3,0,0,0,182,0,0,0,0,64,0,67,0,67,0,69,0,61,0,66,0,68,0,61,0,65,0,63,0,62,0,65,0,66,0,70,0,0,0,0,0,0,0,0,0,0,,Stockwell_Oliver,0,0,0,0,(),0,0,0.0,0,0,0.0,0,0,0,0,0,0,0,0,0,0,0,0,0,0,0,0
8213,Fede,Gabriel,Fede G.,119,206,0,0,0,,20030411,0.0,0.0,0,3.0,0.0,0.0,0,0,3,0,0,0,0,0,0,0,0,62,0,60,0,63,0,69,0,61,0,58,0,58,0,59,0,61,0,60,0,62,0,60,0,65,0,72,0,0,0,0,0,0,0,0,0,0,,Fede_Gabriel,0,0,0,0,(),0,0,0.0,0,0,0.0,0,0,0,0,0,0,0,0,0,0,0,0,0,0,0,0
8214,Kos,Robin,Kos R.,119,311,0,0,0,,20040301,0.0,0.0,0,3.0,0.0,0.0,0,0,3,0,0,0,0,0,0,0,0,58,0,54,0,55,0,59,0,57,0,53,0,54,0,55,0,55,0,59,0,58,0,55,0,57,0,59,0,0,0,0,0,0,0,0,0,0,,Kos_Robin,0,0,0,0,(),0,0,0.0,0,0,0.0,0,0,0,0,0,0,0,0,0,0,0,0,0,0,0,0
8215,Loulergue,Victor,Loulergue V.,206,312,0,0,0,,20041027,0.0,0.0,0,4.0,0.0,0.0,0,0,3,0,0,0,0,0,0,0,0,67,0,57,0,64,0,68,0,63,0,61,0,61,0,67,0,69,0,61,0,63,0,62,0,68,0,64,0,0,0,0,0,0,0,0,0,0,,Loulergue_Victor,0,0,0,0,(),0,0,0.0,0,0,0.0,0,0,0,0,0,0,0,0,0,0,0,0,0,0,0,0
8216,Maclean,Logan,Maclean L.,119,1801,0,0,0,,20010302,0.0,0.0,0,3.0,0.0,0.0,0,0,3,0,0,0,0,0,0,0,0,59,0,56,0,58,0,60,0,58,0,60,0,60,0,58,0,61,0,59,0,60,0,57,0,60,0,63,0,0,0,0,0,0,0,0,0,0,,Maclean_Logan,0,0,0,0,(),0,0,0.0,0,0,0.0,0,0,0,0,0,0,0,0,0,0,0,0,0,0,0,0
8217,Neele,Maurits,Neele M.,119,512,0,0,0,,20040911,0.0,0.0,0,3.0,0.0,0.0,0,0,3,0,0,0,0,0,0,0,0,62,0,55,0,58,0,62,0,59,0,61,0,61,0,60,0,60,0,61,0,62,0,58,0,61,0,63,0,0,0,0,0,0,0,0,0,0,,Neele_Maurits,0,0,0,0,(),0,0,0.0,0,0,0.0,0,0,0,0,0,0,0,0,0,0,0,0,0,0,0,0
8218,Soranzo,Mael,Soranzo M.,119,322,0,0,0,,20041111,0.0,0.0,0,3.0,0.0,0.0,0,0,3,0,0,0,0,0,0,0,0,61,0,56,0,59,0,63,0,56,0,55,0,57,0,62,0,63,0,61,0,60,0,59,0,62,0,64,0,0,0,0,0,0,0,0,0,0,,Soranzo_Mael,0,0,0,0,(),0,0,0.0,0,0,0.0,0,0,0,0,0,0,0,0,0,0,0,0,0,0,0,0
8219,Yarrell,Guy,Yarrell G.,119,3401,0,0,0,,20020130,0.0,0.0,0,3.0,0.0,0.0,0,0,3,0,0,0,0,0,0,0,0,64,0,61,0,63,0,61,0,54,0,61,0,62,0,62,0,64,0,57,0,58,0,56,0,64,0,65,0,0,0,0,0,0,0,0,0,0,,Yarrell_Guy,0,0,0,0,(),0,0,0.0,0,0,0.0,0,0,0,0,0,0,0,0,0,0,0,0,0,0,0,0
8220,Bastiaens,Ayco,Bastiaens A.,10,402,0,0,0,abastiaens,19960603,0.0,0.0,0,3.5,0.0,0.0,0,0,3,0,0,0,190,75,0,0,0,69,0,53,0,57,0,65,0,69,0,64,0,62,0,67,0,69,0,64,0,62,0,61,0,63,0,68,0,0,0,0,0,0,0,0,0,0,,Bastiaens_Ayco,0,0,0,0,(77),0,0,0.0,0,0,0.0,0,0,0,0,0,0,0,0,0,0,0,1,0,1,0,0
8221,Belmans,Lennert,Belmans L.,37,402,0,0,0,lbelmans,20020215,0.0,0.0,0,3.0,0.0,0.0,0,0,3,0,0,0,189,72,0,0,0,69,0,63,0,66,0,72,0,67,0,62,0,63,0,60,0,60,0,64,0,64,0,64,0,66,0,58,0,0,0,0,0,0,0,0,0,0,,Belmans_Lennert,0,0,0,0,(),0,0,0.0,0,0,0.0,0,0,0,0,0,0,0,0,0,0,0,0,0,0,0,0
8222,Dehairs,Simon,Dehairs S.,37,402,0,0,0,sdehairs,20010604,0.0,0.0,0,4.0,0.0,0.0,0,0,3,0,0,0,192,82,0,0,0,73,0,53,0,55,0,70,0,70,0,58,0,61,0,74,0,74,0,67,0,69,0,64,0,63,0,68,0,0,1,4,0,0,0,0,0,0,,Dehairs_Simon,0,0,0,0,(),0,0,0.0,0,0,0.0,0,0,0,0,0,0,0,1,0,0,0,0,0,0,0,0
8223,Dockx,Aaron,Dockx A.,37,402,0,0,0,adockx,20040628,0.0,0.0,0,4.5,0.0,0.0,0,0,3,0,0,0,173,56,0,0,0,67,0,68,0,70,0,74,0,66,0,62,0,64,0,61,0,65,0,66,0,64,0,65,0,70,0,67,0,0,0,0,0,0,0,0,0,0,,Dockx_Aaron,0,0,0,0,(),0,0,0.0,0,0,0.0,0,0,0,0,0,0,0,0,0,0,0,0,0,0,0,0
8225,Kielich,Timo,Kielich T.,14,402,0,0,0,tkielich,19990805,0.0,0.0,0,4.5,0.0,0.0,0,0,3,0,0,0,185,73,0,0,0,78,0,60,0,65,0,76,0,74,0,65,0,70,0,73,0,72,0,69,0,71,0,68,0,72,0,74,0,0,2,3,0,0,0,0,0,0,,Kielich_Timo,0,0,0,0,(),0,0,0.0,0,0,0.0,0,0,0,0,0,0,0,3,0,2,0,0,1,1,0,0
8226,Meeussen,Witse,Meeussen W.,237,402,0,0,0,wmeeussen,20010308,0.0,0.0,0,3.5,0.0,0.0,0,0,3,0,0,0,0,0,0,0,0,67,0,64,0,68,0,73,0,68,0,61,0,66,0,61,0,66,0,64,0,65,0,63,0,69,0,66,0,0,0,0,0,0,0,0,0,0,,Meeussen_Witse,0,0,0,0,(),0,0,0.0,0,0,0.0,0,0,0,0,0,0,0,0,0,0,0,0,0,0,0,0
8227,Michels,Jente,Michels J.,237,402,0,0,0,jmichels,20030217,0.0,0.0,0,3.5,0.0,0.0,0,0,3,0,0,0,179,59,0,0,0,66,0,64,0,67,0,74,0,66,0,57,0,59,0,61,0,63,0,61,0,62,0,62,0,69,0,65,0,0,0,0,0,0,0,0,0,0,,Michels_Jente,0,0,0,0,(),0,0,0.0,0,0,0.0,0,0,0,0,0,0,0,0,0,0,0,0,0,0,0,0
8228,Roesems,Siebe,Roesems S.,237,402,0,0,0,sroesems,20010608,0.0,0.0,0,3.5,0.0,0.0,0,0,3,0,0,0,183,70,0,0,0,67,0,55,0,57,0,66,0,66,0,62,0,62,0,56,0,56,0,61,0,61,0,60,0,62,0,56,0,0,0,0,0,0,0,0,0,0,,Roesems_Siebe,0,0,0,0,(),0,0,0.0,0,0,0.0,0,0,0,0,0,0,0,0,0,0,0,0,0,0,0,0
8229,Sweeck,Laurens,Sweeck L.,237,402,0,0,0,lsweeck,19931217,0.0,0.0,0,3.0,0.0,0.0,0,0,3,0,0,0,179,71,0,0,0,70,0,61,0,64,0,75,0,69,0,66,0,68,0,64,0,63,0,64,0,64,0,62,0,68,0,62,0,0,0,0,0,0,0,0,0,0,,Sweeck_Laurens,0,0,0,0,(),0,0,0.0,0,0,0.0,0,0,0,0,0,0,0,1,0,0,0,0,0,0,0,0
8230,Vandebosch,Toon,Vandebosch T.,119,402,0,0,0,,19990619,0.0,0.0,0,3.5,0.0,0.0,0,0,3,0,0,0,178,68,0,0,0,69,0,63,0,67,0,71,0,68,0,64,0,67,0,63,0,65,0,67,0,67,0,67,0,69,0,64,0,0,0,0,0,0,0,0,0,0,,Vandebosch_Toon,0,0,0,0,(),0,0,0.0,0,0,0.0,0,0,0,0,0,0,0,0,0,0,0,0,0,0,0,0
8231,Vandeputte,Niels,Vandeputte N.,237,402,0,0,0,nvandeputte,20000919,0.0,0.0,0,3.5,0.0,0.0,0,0,3,0,0,0,184,73,0,0,0,70,0,56,0,60,0,75,0,69,0,60,0,65,0,66,0,66,0,63,0,65,0,63,0,68,0,62,0,0,0,0,0,0,0,0,0,0,,Vandeputte_Niels,0,0,0,0,(),0,0,0.0,0,0,0.0,0,0,0,0,0,0,0,0,0,0,0,0,0,0,0,0
8232,Vergallito,Luca,Vergallito L.,37,204,0,0,0,lvergallito,19970914,0.0,0.0,0,4.5,0.0,0.0,0,0,3,0,0,0,190,68,0,0,0,68,0,71,0,73,0,70,0,63,0,65,0,67,0,58,0,63,0,68,0,66,0,66,0,72,0,71,0,0,4,2,0,0,0,0,0,0,,Vergallito_Luca,0,0,0,0,(),0,0,0.0,0,0,0.0,0,0,0,0,0,0,0,0,0,0,2,0,0,0,1,2
8233,Verstrynge,Emiel,Verstrynge E.,37,402,0,0,0,everstrynge,20020204,0.0,0.0,0,5.0,0.0,0.0,0,0,3,0,0,0,189,69,0,0,0,71,0,71,0,76,0,77,0,69,0,63,0,66,0,67,0,73,0,72,0,75,0,70,0,77,0,73,0,0,3,4,0,0,0,0,0,0,,Verstrynge_Emiel,0,0,0,0,(),0,0,0.0,0,0,0.0,0,0,0,0,0,0,0,0,1,0,0,0,0,0,1,0
8234,Wyseure,Joran,Wyseure J.,237,402,0,0,0,jwyseure,20010109,0.0,0.0,0,3.5,0.0,0.0,0,0,3,0,0,0,182,70,0,0,0,67,0,58,0,62,0,70,0,62,0,59,0,63,0,59,0,61,0,60,0,61,0,58,0,65,0,74,0,0,0,0,0,0,0,0,0,0,,Wyseure_Joran,0,0,0,0,(),0,0,0.0,0,0,0.0,0,0,0,0,0,0,0,0,0,0,0,0,0,0,0,0
8235,Fjellheim,Henrik,Fjellheim H.,119,3501,0,0,0,,20010101,0.0,0.0,0,3.5,0.0,0.0,0,0,3,0,0,0,0,0,0,0,0,63,0,67,0,67,0,68,0,58,0,60,0,59,0,55,0,53,0,62,0,62,0,65,0,66,0,61,0,0,0,0,0,0,0,0,0,0,,Fjellheim_Henrik,0,0,0,0,(),0,0,0.0,0,0,0.0,0,0,0,0,0,0,0,0,0,0,0,0,0,0,0,0
8236,Hashikawa,Jo,Hashikawa J.,119,2101,0,0,0,,20030206,0.0,0.0,0,2.5,0.0,0.0,0,0,3,0,0,0,177,57,0,0,0,61,0,59,0,60,0,66,0,61,0,58,0,58,0,60,0,58,0,57,0,57,0,60,0,63,0,70,0,0,0,0,0,0,0,0,0,0,,Hashikawa_Jo,0,0,0,0,(),0,0,0.0,0,0,0.0,0,0,0,0,0,0,0,0,0,0,0,0,0,0,0,0
8237,Hatherly,Alan,Hatherly A.,20,3601,0,0,0,ahatherly,19960315,0.0,0.0,0,4.0,0.0,0.0,0,0,3,0,0,0,178,62,0,0,0,67,0,66,0,72,0,76,0,65,0,70,0,70,0,62,0,72,0,67,0,69,0,65,0,75,0,72,0,0,0,0,0,0,0,0,64,0,,Hatherly_Alan,0,0,0,0,(),0,0,0.0,0,0,0.0,0,0,0,0,0,0,0,1,0,0,0,0,0,0,0,0
8239,Lange,Tyler,Lange T.,119,3601,0,0,0,,20031219,0.0,0.0,0,1.5,0.0,0.0,0,0,3,0,0,0,0,0,0,0,0,58,0,56,0,58,0,66,0,59,0,54,0,55,0,52,0,60,0,53,0,53,0,55,0,60,0,58,0,0,0,0,0,0,0,0,0,0,,Lange_Tyler,0,0,0,0,(),0,0,0.0,0,0,0.0,0,0,0,0,0,0,0,0,0,0,0,0,0,0,0,0
8240,Rogora,Kiya,Rogora K.,119,7401,0,0,0,,20030603,0.0,0.0,0,3.0,0.0,0.0,0,0,3,0,0,0,0,0,0,0,0,63,0,58,0,61,0,60,0,57,0,65,0,64,0,53,0,55,0,57,0,58,0,60,0,63,0,71,0,0,0,0,0,0,0,0,0,0,,Rogora_Kiya,0,0,0,0,(),0,0,0.0,0,0,0.0,0,0,0,0,0,0,0,2,0,0,0,0,0,0,0,0
8241,Boulahoite,Rayan,Boulahoite R.,25,310,0,0,0,rboulahoite,20040224,0.0,0.0,0,3.0,0.0,0.0,0,0,3,0,0,0,183,75,0,0,0,72,0,57,0,64,0,70,0,70,0,62,0,63,0,65,0,66,0,67,0,68,0,60,0,69,0,71,0,0,0,0,0,0,0,0,0,0,,Boulahoite_Rayan,0,0,0,0,(),0,0,0.0,0,0,0.0,0,0,0,0,0,0,0,0,0,0,0,0,0,1,1,0
8242,Huby,Antoine,Huby A.,119,305,0,0,0,,20010119,0.0,0.0,0,4.5,0.0,0.0,0,0,3,0,0,0,174,56,0,0,0,68,0,68,0,70,0,77,0,63,0,62,0,69,0,68,0,70,0,64,0,66,0,64,0,71,0,71,0,0,0,0,0,0,0,0,0,0,,Huby_Antoine,0,0,0,0,(),0,0,0.0,0,0,0.0,0,0,0,0,0,0,0,0,0,0,0,0,0,0,0,0
8243,Abaya,Dominik,Abaya D.,119,701,0,0,0,,20021014,0.0,0.0,0,3.0,0.0,0.0,0,0,3,0,0,0,0,0,0,0,0,60,0,54,0,57,0,60,0,52,0,52,0,54,0,54,0,57,0,55,0,56,0,55,0,58,0,58,0,0,0,0,0,0,0,0,0,0,,Abaya_Dominik,0,0,0,0,(),0,0,0.0,0,0,0.0,0,0,0,0,0,0,0,0,0,0,0,0,0,0,0,0
8244,Gabelica,Laurin,Gabelica L.,119,701,0,0,0,,20040217,0.0,0.0,0,3.0,0.0,0.0,0,0,3,0,0,0,0,0,0,0,0,62,0,58,0,60,0,63,0,55,0,59,0,61,0,60,0,62,0,57,0,59,0,56,0,62,0,60,0,0,0,0,0,0,0,0,0,0,,Gabelica_Laurin,0,0,0,0,(),0,0,0.0,0,0,0.0,0,0,0,0,0,0,0,0,0,0,0,0,0,0,0,0
8245,Maciejuk,Kacper,Maciejuk K.,162,3001,0,0,0,,20030518,0.0,0.0,0,3.0,0.0,0.0,0,0,3,0,0,0,0,0,0,0,0,68,0,62,0,63,0,64,0,63,0,62,0,63,0,59,0,62,0,63,0,63,0,65,0,65,0,70,0,0,0,0,0,0,0,0,0,0,,Maciejuk_Kacper,0,0,0,0,(),0,0,0.0,0,0,0.0,0,0,0,0,0,0,0,0,0,0,0,0,0,0,0,0
8246,Messerschmidt,Jonas,Messerschmidt J.,119,710,0,0,0,,20010210,0.0,0.0,0,3.0,0.0,0.0,0,0,3,0,0,0,188,68,0,0,0,64,0,64,0,65,0,65,0,58,0,55,0,55,0,60,0,60,0,62,0,62,0,60,0,65,0,64,0,0,0,0,0,0,0,0,0,0,,Messerschmidt_Jonas,0,0,0,0,(),0,0,0.0,0,0,0.0,0,0,0,0,0,0,0,0,0,0,0,0,0,0,0,0
8247,Piter,Michael,Piter M.,113,701,0,0,0,,20011115,0.0,0.0,0,2.0,0.0,0.0,0,0,3,0,0,0,0,0,0,0,0,60,0,53,0,55,0,60,0,59,0,53,0,54,0,54,0,56,0,59,0,58,0,54,0,57,0,57,0,0,0,0,0,0,0,0,0,0,,Peter_Michael,0,0,0,0,(),0,0,0.0,0,0,0.0,0,0,0,0,0,0,0,0,0,0,0,0,0,0,0,0
8248,Proc,Bartlomiej,Proc B.,119,3001,0,0,0,,19991212,0.0,0.0,0,3.0,0.0,0.0,0,0,3,0,0,0,0,0,0,0,0,69,0,58,0,63,0,69,0,68,0,62,0,65,0,69,0,69,0,63,0,65,0,63,0,65,0,65,0,0,0,0,0,0,0,0,0,0,,Proc_Bartlomiej,0,0,0,0,(),0,0,0.0,0,0,0.0,0,0,0,0,0,0,0,0,0,0,0,0,0,0,0,0
8249,Puschmann,Nils,Puschmann N.,119,701,0,0,0,,20041005,0.0,0.0,0,3.0,0.0,0.0,0,0,3,0,0,0,0,0,0,0,0,60,0,57,0,60,0,63,0,56,0,57,0,59,0,56,0,58,0,56,0,58,0,55,0,58,0,57,0,0,0,0,0,0,0,0,0,0,,Puschmann_Nils,0,0,0,0,(),0,0,0.0,0,0,0.0,0,0,0,0,0,0,0,0,0,0,0,0,0,0,0,0
8251,Domingues,Duarte,Domingues D.,119,2901,0,0,0,,20040229,0.0,0.0,0,3.0,0.0,0.0,0,0,3,0,0,0,0,0,0,0,0,64,0,65,0,65,0,66,0,55,0,60,0,60,0,60,0,63,0,60,0,61,0,61,0,64,0,74,0,0,0,0,0,0,0,0,0,0,,Domingues_Duarte,0,0,0,0,(),0,0,0.0,0,0,0.0,0,0,0,0,0,0,0,0,0,0,0,0,0,0,0,0
8253,Bocho,Jose,Bocho J.,38,2901,0,0,0,,20040104,0.0,0.0,0,3.0,0.0,0.0,0,0,3,0,0,0,0,0,0,0,0,60,0,62,0,63,0,64,0,57,0,59,0,60,0,59,0,63,0,59,0,59,0,60,0,65,0,70,0,0,0,0,0,0,0,0,0,0,,Bicho_Jose,0,0,0,0,(),0,0,0.0,0,0,0.0,0,0,0,0,0,0,0,0,0,0,0,0,0,0,0,0
8255,Masuda,Nariyuki,Masuda N.,119,2101,0,0,0,nmasuda,19831023,0.0,0.0,0,3.5,0.0,0.0,0,0,3,0,0,0,176,61,0,0,0,62,0,70,0,70,0,68,0,57,0,59,0,60,0,63,0,65,0,65,0,64,0,65,0,69,0,62,0,0,0,0,0,0,0,0,0,0,,Masuda_Nariyuki,0,0,0,0,(),0,0,0.0,0,0,0.0,0,0,0,0,0,0,0,2,0,0,0,0,0,0,0,0
8257,Yamamoto,Masaki,Yamamoto M.,119,2101,0,0,0,,19960108,0.0,0.0,0,3.0,0.0,0.0,0,0,3,0,0,0,171,68,0,0,0,64,0,64,0,67,0,66,0,58,0,62,0,62,0,65,0,65,0,61,0,62,0,63,0,69,0,64,0,0,0,0,0,0,0,0,2,0,,Yamamoto_Masaki,0,0,0,0,(),0,0,0.0,0,0,0.0,0,0,0,0,0,0,0,1,0,0,0,0,0,0,0,0
8258,Märkl,Max,Märkl M.,119,702,0,0,0,,20040304,0.0,0.0,0,3.0,0.0,0.0,0,0,3,0,0,0,0,0,0,0,0,62,0,55,0,57,0,65,0,58,0,63,0,65,0,59,0,62,0,57,0,57,0,58,0,59,0,65,0,0,0,0,0,0,0,0,0,0,,Markl_Max,0,0,0,0,(),0,0,0.0,0,0,0.0,0,0,0,0,0,0,0,0,0,0,0,0,0,0,0,0
8259,Martin,Luca,Martin L.,119,702,0,0,0,,20041011,0.0,0.0,0,3.0,0.0,0.0,0,0,3,0,0,0,0,0,0,0,0,65,0,64,0,65,0,64,0,59,0,55,0,55,0,62,0,63,0,64,0,62,0,65,0,65,0,60,0,0,0,0,0,0,0,0,0,0,,Martin_Luca,0,0,0,0,(),0,0,0.0,0,0,0.0,0,0,0,0,0,0,0,0,0,0,0,0,0,0,0,0
8260,Müller,Tobias,Müller T.,107,702,0,0,0,tmuller,20040331,0.0,0.0,0,3.5,0.0,0.0,0,0,3,0,0,0,174,64,0,0,0,71,0,60,0,64,0,68,0,69,0,64,0,66,0,70,0,71,0,66,0,67,0,65,0,69,0,65,0,0,2,4,0,0,0,0,0,0,,Muller_Tobias,0,0,0,0,(),0,0,0.0,0,0,0.0,0,0,0,0,0,0,0,0,0,0,0,0,0,0,0,0
8261,Reissmann,Johannes,Reissmann J.,119,702,0,0,0,,20040622,0.0,0.0,0,3.0,0.0,0.0,0,0,3,0,0,0,0,0,0,0,0,58,0,52,0,55,0,62,0,54,0,62,0,63,0,57,0,60,0,57,0,57,0,56,0,59,0,60,0,0,0,0,0,0,0,0,0,0,,Reissmann_Johannes,0,0,0,0,(),0,0,0.0,0,0,0.0,0,0,0,0,0,0,0,0,0,0,0,0,0,0,0,0
8262,Rinklef,Jan,Rinklef J.,119,702,0,0,0,,20040317,0.0,0.0,0,3.0,0.0,0.0,0,0,3,0,0,0,0,0,0,0,0,64,0,60,0,63,0,62,0,58,0,53,0,54,0,59,0,63,0,59,0,60,0,60,0,65,0,59,0,0,0,0,0,0,0,0,0,0,,Rinklef_Jan,0,0,0,0,(),0,0,0.0,0,0,0.0,0,0,0,0,0,0,0,0,0,0,0,0,0,0,0,0
8263,Schröder,Jasper,Schröder J.,119,702,0,0,0,,20041119,0.0,0.0,0,3.0,0.0,0.0,0,0,3,0,0,0,0,0,0,0,0,61,0,54,0,57,0,60,0,62,0,59,0,61,0,60,0,60,0,57,0,58,0,56,0,61,0,61,0,0,0,0,0,0,0,0,0,0,,Schroder_Jasper,0,0,0,0,(),0,0,0.0,0,0,0.0,0,0,0,0,0,0,0,0,0,0,0,0,0,0,0,0
8264,Zierenner,Leo,Zierenner L.,119,702,0,0,0,,20020823,0.0,0.0,0,3.0,0.0,0.0,0,0,3,0,0,0,0,0,0,0,0,58,0,54,0,55,0,59,0,55,0,57,0,58,0,60,0,61,0,60,0,58,0,55,0,58,0,59,0,0,0,0,0,0,0,0,0,0,,Zierenner_Leo,0,0,0,0,(),0,0,0.0,0,0,0.0,0,0,0,0,0,0,0,0,0,0,0,0,0,0,0,0
8265,Knudsen,Oliver,Knudsen O.,119,1002,0,0,0,,19990108,0.0,0.0,0,3.0,0.0,0.0,0,0,3,0,0,0,173,59,0,0,0,66,0,64,0,64,0,65,0,65,0,60,0,60,0,62,0,65,0,61,0,63,0,59,0,66,0,74,0,0,0,0,0,0,0,0,0,0,,Knudsen_Oliver,0,0,0,0,(),0,0,0.0,0,0,0.0,0,0,0,0,0,0,0,0,0,0,0,0,0,0,0,0
8266,Morang,Mil,Morang M.,119,1901,0,0,0,,20040915,0.0,0.0,0,3.5,0.0,0.0,0,0,3,0,0,0,0,0,0,0,0,60,0,60,0,61,0,69,0,64,0,59,0,60,0,60,0,63,0,57,0,59,0,59,0,65,0,71,0,0,0,0,0,0,0,0,0,0,,Morang_Mil,0,0,0,0,(),0,0,0.0,0,0,0.0,0,0,0,0,0,0,0,0,0,0,0,0,0,0,0,0
8267,Agustinacchio,Filippo,Agustinacchio F.,160,201,0,0,0,,20030426,0.0,0.0,0,4.0,0.0,0.0,0,0,3,0,0,0,0,0,0,0,0,70,0,65,0,68,0,75,0,67,0,62,0,64,0,63,0,66,0,64,0,65,0,63,0,69,0,70,0,0,0,0,0,0,0,0,0,0,,Agostinacchio_Filippo,0,0,0,0,(),0,0,0.0,0,0,0.0,0,0,0,0,0,0,0,0,0,0,0,0,0,0,0,0
8268,Buancalani,Andrea,Buancalani A.,104,209,0,0,0,,20001024,0.0,0.0,0,3.0,0.0,0.0,0,0,3,0,0,0,0,0,0,0,0,65,0,56,0,58,0,64,0,55,0,59,0,66,0,67,0,67,0,63,0,62,0,59,0,62,0,60,0,0,0,0,0,0,0,0,0,0,,Biancalani_Andrea,0,0,0,0,(),0,0,0.0,0,0,0.0,0,0,0,0,0,0,0,0,0,0,0,0,0,0,0,0
8269,Burani,Edoardo,Burani E.,119,201,0,0,0,,20040302,0.0,0.0,0,3.0,0.0,0.0,0,0,3,0,0,0,0,0,0,0,0,65,0,58,0,62,0,64,0,57,0,58,0,58,0,60,0,62,0,62,0,64,0,62,0,65,0,60,0,0,0,0,0,0,0,0,0,0,,Burani_Edoardo,0,0,0,0,(),0,0,0.0,0,0,0.0,0,0,0,0,0,0,0,0,0,0,0,0,0,0,0,0
8273,Pesenti,Thomas,Pesenti T.,102,208,0,0,0,tpesenti,19991016,0.0,0.0,0,4.0,0.0,0.0,0,0,3,0,0,0,169,59,0,0,0,67,0,73,0,73,0,68,0,63,0,62,0,62,0,66,0,67,0,67,0,67,0,69,0,72,0,62,0,0,0,0,0,0,0,0,0,0,,Pesenti_Thomas,0,0,0,0,(),0,0,0.0,0,0,0.0,0,0,0,0,0,0,0,0,0,0,0,0,0,0,0,0
8274,Pierantozzi,Lucio,Pierantozzi L.,119,210,0,0,0,,19981102,0.0,0.0,0,3.0,0.0,0.0,0,0,3,0,0,0,0,0,0,0,0,63,0,61,0,65,0,67,0,56,0,58,0,59,0,58,0,62,0,61,0,61,0,60,0,68,0,60,0,0,0,0,0,0,0,0,0,0,,Pierantozzi_Lucio,0,0,0,0,(),0,0,0.0,0,0,0.0,0,0,0,0,0,0,0,0,0,0,0,0,0,0,0,0
8275,Piras,Andrea,Piras A.,93,204,0,0,0,apiras,20020205,0.0,0.0,0,3.5,0.0,0.0,0,0,3,0,0,0,0,0,0,0,0,63,0,65,0,67,0,67,0,62,0,59,0,61,0,61,0,64,0,65,0,65,0,62,0,67,0,70,0,0,0,0,0,0,0,0,0,0,,Piras_Andrea,0,0,0,0,(),0,0,0.0,0,0,0.0,0,0,0,0,0,0,0,0,0,0,0,0,0,0,0,0
8277,Ressi,Nicola,Ressi N.,160,206,0,0,0,,20030115,0.0,0.0,0,3.0,0.0,0.0,0,0,3,0,0,0,0,0,0,0,0,65,0,60,0,60,0,67,0,60,0,54,0,55,0,66,0,67,0,61,0,63,0,63,0,63,0,60,0,0,0,0,0,0,0,0,0,0,,Rossi_Nicola,0,0,0,0,(),0,0,0.0,0,0,0.0,0,0,0,0,0,0,0,0,0,0,0,0,0,0,0,0
8278,Tagliavini,Giacomo,Tagliavini G.,119,209,0,0,0,,20040310,0.0,0.0,0,1.5,0.0,0.0,0,0,3,0,0,0,0,0,0,0,0,59,0,53,0,55,0,59,0,52,0,53,0,53,0,55,0,56,0,57,0,56,0,53,0,60,0,59,0,0,0,0,0,0,0,0,0,0,,Tagliavini_Giacomo,0,0,0,0,(),0,0,0.0,0,0,0.0,0,0,0,0,0,0,0,0,0,0,0,0,0,0,0,0
8279,Vanni,Michael,Vanni M.,119,204,0,0,0,,20030208,0.0,0.0,0,2.0,0.0,0.0,0,0,3,0,0,0,0,0,0,0,0,65,0,57,0,59,0,63,0,63,0,61,0,62,0,62,0,61,0,56,0,57,0,54,0,62,0,64,0,0,0,0,0,0,0,0,0,0,,Vanni_Michael,0,0,0,0,(),0,0,0.0,0,0,0.0,0,0,0,0,0,0,0,0,0,0,0,0,0,0,0,0
8280,Todome,Yuhi,Todome Y.,119,2101,0,0,0,ytodome,20020618,0.0,0.0,0,3.0,0.0,0.0,0,0,3,0,0,0,176,0,0,0,0,64,0,60,0,61,0,69,0,62,0,64,0,62,0,60,0,63,0,62,0,62,0,64,0,63,0,71,0,0,0,0,0,0,0,0,0,0,,Todome_Yuhi,0,0,0,0,(),0,0,0.0,0,0,0.0,0,0,0,0,0,0,0,0,0,0,0,1,0,0,0,0
8281,Yamada,Takumi,Yamada T.,119,2101,0,0,0,,20011101,0.0,0.0,0,2.0,0.0,0.0,0,0,3,0,0,0,173,63,0,0,0,63,0,59,0,59,0,66,0,60,0,60,0,62,0,66,0,62,0,59,0,57,0,56,0,61,0,66,0,0,0,0,0,0,0,0,0,0,,Yamada_Takumi,0,0,0,0,(),0,0,0.0,0,0,0.0,0,0,0,0,0,0,0,0,0,0,0,0,0,0,0,0
8282,Pajur,Romet,Pajur R.,233,1201,0,0,0,,20040926,0.0,0.0,0,4.0,0.0,0.0,0,0,3,0,0,0,185,78,0,0,0,67,0,54,0,58,0,68,0,66,0,64,0,67,0,67,0,70,0,60,0,62,0,56,0,61,0,68,0,0,0,0,0,0,0,0,0,0,,Pajur_Romet,0,0,0,0,(),0,0,0.0,0,0,0.0,0,0,0,0,0,0,0,0,0,0,0,0,0,0,0,0
8283,Kockelmann,Mathieu,Kockelmann M.,9,1901,0,0,0,mkockelmann,20040131,0.0,0.0,0,4.5,0.0,0.0,0,0,3,0,0,0,183,70,0,0,0,72,0,61,0,66,0,70,0,67,0,69,0,68,0,74,0,74,0,67,0,68,0,66,0,71,0,68,0,0,0,0,0,0,0,0,0,0,,Kockelmann_Mathieu,0,0,0,0,(),0,0,0.0,0,0,0.0,0,0,0,0,0,0,0,1,0,0,0,0,0,0,0,0
8284,Jochum,Ben Felix,Jochum B.F.,119,711,0,0,0,,20040130,0.0,0.0,0,3.0,0.0,0.0,0,0,3,0,0,0,192,76,0,0,0,65,0,53,0,55,0,65,0,58,0,60,0,59,0,64,0,64,0,56,0,54,0,57,0,59,0,70,0,0,0,0,0,0,0,0,0,0,,Jochum_Ben-Felix,0,0,0,0,(),0,0,0.0,0,0,0.0,0,0,0,0,0,0,0,0,0,0,0,0,0,0,0,0
8285,Wünstel,Fabian,Wünstel F.,119,701,0,0,0,,20040305,0.0,0.0,0,3.0,0.0,0.0,0,0,3,0,0,0,0,0,0,0,0,62,0,58,0,57,0,68,0,60,0,62,0,62,0,58,0,60,0,56,0,54,0,54,0,60,0,71,0,0,0,0,0,0,0,0,0,0,,Wunstel_Fabian,0,0,0,0,(),0,0,0.0,0,0,0.0,0,0,0,0,0,0,0,0,0,0,0,0,0,0,0,0
8286,Leal,Tiago,Leal T.,119,2901,0,0,0,,19991022,0.0,0.0,0,3.0,0.0,0.0,0,0,3,0,0,0,172,55,0,0,0,61,0,57,0,58,0,63,0,53,0,56,0,56,0,58,0,60,0,61,0,60,0,57,0,62,0,63,0,0,0,0,0,0,0,0,0,0,,Leal_Tiago,0,0,0,0,(),0,0,0.0,0,0,0.0,0,0,0,0,0,0,0,0,0,0,0,0,0,0,0,0
8287,Martins,João,Martins J.,119,2901,0,0,0,,20040327,0.0,0.0,0,3.0,0.0,0.0,0,0,3,0,0,0,0,0,0,0,0,62,0,55,0,57,0,62,0,53,0,53,0,55,0,61,0,63,0,57,0,58,0,56,0,59,0,60,0,0,0,0,0,0,0,0,0,0,,Martins_Joao,0,0,0,0,(),0,0,0.0,0,0,0.0,0,0,0,0,0,0,0,0,0,0,0,0,0,0,0,0
8288,Nunes,Tiago,Nunes T.,119,2901,0,0,0,,20040114,0.0,0.0,0,3.0,0.0,0.0,0,0,3,0,0,0,0,0,0,0,0,59,0,62,0,63,0,60,0,57,0,59,0,59,0,56,0,61,0,57,0,59,0,57,0,64,0,62,0,0,0,0,0,0,0,0,0,0,,Nunes_Tiago,0,0,0,0,(),0,0,0.0,0,0,0.0,0,0,0,0,0,0,0,0,0,0,0,0,0,0,0,0
8289,Rota,Raúl,Rota R.,119,809,0,0,0,,19991118,0.0,0.0,0,3.0,0.0,0.0,0,0,3,0,0,0,174,64,0,0,0,64,0,65,0,66,0,67,0,59,0,63,0,63,0,58,0,60,0,64,0,64,0,63,0,65,0,65,0,0,0,0,0,0,0,0,0,0,,Rota_Raul,0,0,0,0,(),0,0,0.0,0,0,0.0,0,0,0,0,0,0,0,0,0,0,0,0,0,0,0,0
8291,Castrillo,Pablo,Castrillo P.,1,815,0,0,0,pcastrillo,20010102,0.0,0.0,0,4.5,0.0,0.0,0,0,3,0,0,0,183,74,0,0,0,72,0,76,0,76,0,72,0,69,0,71,0,70,0,60,0,68,0,72,0,70,0,72,0,76,0,74,0,0,0,0,0,0,0,0,0,0,,Castrillo_Pablo,0,0,0,0,(),0,0,0.0,0,0,0.0,0,0,0,0,0,0,2023,2,1,0,2,0,0,0,0,0
8292,Sørensen,Asger Røjbek,Sørensen A.R.,161,1004,0,0,0,arsorensen,20030414,0.0,0.0,0,3.0,0.0,0.0,0,0,3,0,0,0,0,0,0,0,0,65,0,56,0,58,0,69,0,60,0,60,0,59,0,59,0,59,0,56,0,54,0,54,0,60,0,68,0,0,0,0,0,0,0,0,0,0,,Sorensen_Asger-Rojbek,0,0,0,0,(),0,0,0.0,0,0,0.0,0,0,0,0,0,0,0,0,0,0,0,0,0,0,0,0
8293,Bassignana,Fabio,Bassignana F.,119,202,0,0,0,,20040320,0.0,0.0,0,2.5,0.0,0.0,0,0,3,0,0,0,0,0,0,0,0,63,0,56,0,58,0,73,0,62,0,57,0,60,0,60,0,65,0,53,0,54,0,56,0,60,0,64,0,0,0,0,0,0,0,0,0,0,,Bassignana_Fabio,0,0,0,0,(),0,0,0.0,0,0,0.0,0,0,0,0,0,0,0,0,0,0,0,0,0,0,0,0
8295,Lovera,Matteo,Lovera M.,119,202,0,0,0,,20030130,0.0,0.0,0,2.0,0.0,0.0,0,0,3,0,0,0,0,0,0,0,0,62,0,61,0,60,0,66,0,55,0,57,0,59,0,60,0,58,0,56,0,54,0,53,0,61,0,65,0,0,0,0,0,0,0,0,0,0,,Lovera_Matteo,0,0,0,0,(),0,0,0.0,0,0,0.0,0,0,0,0,0,0,0,0,0,0,0,0,0,0,0,0
8297,Galimberti,Lorenzo,Galimberti L.,119,204,0,0,0,,20010102,0.0,0.0,0,3.0,0.0,0.0,0,0,3,0,0,0,0,0,0,0,0,66,0,66,0,67,0,66,0,57,0,57,0,58,0,60,0,62,0,65,0,60,0,66,0,68,0,65,0,0,0,0,0,0,0,0,0,0,,Galimberti_Lorenzo,0,0,0,0,(),0,0,0.0,0,0,0.0,0,0,0,0,0,0,0,0,0,0,0,0,0,0,0,0
8299,Peñuela,Francisco,Peñuela F.,35,4501,0,0,0,fpenuela,20010211,0.0,0.0,0,3.5,0.0,0.0,0,0,3,0,0,0,175,56,0,0,0,66,0,65,0,68,0,68,0,57,0,55,0,59,0,67,0,70,0,66,0,68,0,65,0,71,0,74,0,0,0,0,0,0,0,0,0,0,,Penuela_Francisco,0,0,0,0,(),0,0,0.0,0,0,0.0,0,0,0,0,0,0,0,1,0,0,0,0,0,0,0,0
8301,Ermakov,Roman,Ermakov R.,13,2801,0,0,0,rermakov,20041006,0.0,0.0,0,3.5,0.0,0.0,0,0,3,0,0,0,0,0,0,0,0,66,0,63,0,65,0,69,0,63,0,59,0,61,0,60,0,67,0,65,0,65,0,64,0,68,0,59,0,0,0,0,0,0,0,0,0,0,,Ermakov_Roman,0,0,0,0,(),0,0,0.0,0,0,0.0,0,0,0,0,0,0,0,0,0,0,1,0,1,0,1,0
8302,Hopkins,Kaden,Hopkins K.,119,6301,0,0,0,,20000324,0.0,0.0,0,2.5,0.0,0.0,0,0,3,0,0,0,178,70,0,0,0,65,0,56,0,55,0,63,0,59,0,64,0,63,0,61,0,59,0,59,0,60,0,60,0,61,0,71,0,0,0,0,0,0,0,0,0,0,,Hopkins_Kaden,0,0,0,0,(),0,0,0.0,0,0,0.0,0,0,0,0,0,0,0,5,0,0,0,0,0,0,0,0
8304,Madouas,Valentin,Madouas V.,6,305,0,0,0,vmadouas,19960712,0.0,0.0,0,4.5,0.0,0.0,0,0,3,0,0,0,178,71,0,0,0,71,0,68,0,71,0,74,0,73,0,66,0,66,0,66,0,70,0,73,0,72,0,70,0,75,0,74,0,0,2,4,0,0,0,0,2,0,,Madouas_Valentin,0,0,0,0,(),0,0,0.0,0,0,0.0,0,0,0,0,0,0,2017,7,6,1,0,0,6,1,8,3
8305,Mollema,Bauke,Mollema B.,11,505,0,0,0,bmollema,19861126,63.0,0.0,0,5.0,0.0,0.0,0,0,3,0,0,0,184,66,0,0,0,72,0,69,0,73,0,67,0,68,0,70,0,69,0,66,0,70,0,71,0,70,0,70,0,74,0,74,0,0,3,3,0,0,0,0,1,0,,Mollema_Bauke,0,0,0,0,"(25,49,172)",0,0,0.0,0,0,0.0,0,0,0,0,0,0,2008,18,12,6,5,1,0,0,11,17
8311,Taaramäe,Rein,Taaramäe R.,119,1201,0,0,0,rtaaramae,19870424,49.0,0.0,0,4.0,0.0,0.0,0,0,3,0,0,0,186,68,0,0,0,70,0,73,0,74,0,74,0,62,0,68,0,68,0,59,0,69,0,69,0,67,0,70,0,73,0,76,0,0,0,0,0,0,0,0,67,0,,Taaramae_Rein,0,0,0,0,"(25,91,175)",0,0,0.0,0,0,0.0,0,0,0,0,0,0,2008,23,8,4,8,1,0,0,8,5
8318,Moro,Manlio,Moro M.,1,207,0,0,0,mmoro,20020317,0.0,0.0,0,3.0,0.0,0.0,0,0,3,0,0,0,190,81,0,0,0,72,0,58,0,61,0,66,0,68,0,70,0,69,0,60,0,62,0,65,0,63,0,60,0,66,0,68,0,0,0,0,0,0,0,0,0,0,,Moro_Manlio,0,0,0,0,(),0,0,0.0,0,0,0.0,0,0,0,0,0,0,0,0,0,0,0,2,1,2,0,0
8319,August,Andrew,August A.,2,601,0,0,0,aaugust,20051012,0.0,0.0,0,5.5,0.0,0.0,0,0,3,0,0,0,170,57,0,0,0,67,0,73,0,72,0,70,0,60,0,63,0,61,0,57,0,62,0,66,0,67,0,65,0,71,0,65,0,0,0,0,0,0,0,0,0,0,,August_Andrew,0,0,0,0,(),0,0,0.0,0,0,0.0,0,0,0,0,0,0,0,0,0,0,0,0,0,1,0,0
8320,Rootkin-Gray,Jack,Rootkin-Gray J.,119,1801,0,0,0,jrootkin-gray,20021105,0.0,0.0,0,4.5,0.0,0.0,0,0,3,0,0,0,178,67,0,0,0,69,0,56,0,62,0,70,0,67,0,63,0,65,0,65,0,64,0,63,0,64,0,64,0,68,0,71,0,0,0,0,0,0,0,0,0,0,,Rootkin-gray_Jack,0,0,0,0,(),0,0,0.0,0,0,0.0,0,0,0,0,0,0,0,0,0,0,0,0,0,1,0,0
8321,van der Lee,Jardi,van der Lee J.,5,507,0,0,0,jvanderlee,20010806,0.0,0.0,0,4.0,0.0,0.0,0,0,3,0,0,0,185,0,0,0,0,70,0,70,0,72,0,68,0,64,0,62,0,62,0,59,0,58,0,66,0,64,0,63,0,71,0,76,0,0,0,0,0,0,0,0,0,0,,Van-Der-Lee_Jardi,0,0,0,0,(),0,0,0.0,0,0,0.0,0,0,0,0,0,0,0,0,0,0,1,0,0,1,0,0
8322,Beloki,Markel,Beloki M.,5,816,0,0,0,mbeloki,20050727,0.0,0.0,0,4.5,0.0,0.0,0,0,3,0,0,0,183,0,0,0,0,68,0,75,0,74,0,69,0,61,0,71,0,70,0,61,0,70,0,70,0,69,0,66,0,74,0,62,0,0,0,0,0,0,0,0,0,0,,Beloki_Markel,0,0,0,0,(),0,0,0.0,0,0,0.0,0,0,0,0,0,0,0,0,0,0,1,0,0,0,0,0
8323,Nerurkar,Lukas,Nerurkar L.,5,1801,0,0,0,lnerurkar,20031114,0.0,0.0,0,4.5,0.0,0.0,0,0,3,0,0,0,177,0,0,0,0,68,0,67,0,70,0,70,0,62,0,64,0,64,0,68,0,70,0,68,0,68,0,67,0,73,0,69,0,0,0,0,0,0,0,0,0,0,,Nerurkar_Lukas,0,0,0,0,(),0,0,0.0,0,0,0.0,0,0,0,0,0,0,0,0,0,0,1,0,0,1,0,0
8324,Lamperti,Luke,Lamperti L.,5,601,0,0,0,llamperti,20021231,0.0,0.0,0,5.0,0.0,0.0,0,0,3,0,0,0,180,74,0,0,0,74,0,60,0,66,0,72,0,72,0,63,0,64,0,77,0,74,0,71,0,73,0,66,0,74,0,61,0,0,1,3,0,0,0,0,0,0,,Lamperti_Luke,0,0,0,0,(),0,0,0.0,0,0,0.0,0,0,0,0,0,0,0,6,0,2,0,1,1,1,0,0
8325,Magnier,Paul,Magnier P.,10,322,0,0,0,pmagnier,20040414,0.0,0.0,0,5.5,0.0,0.0,0,0,3,0,0,0,187,70,0,0,0,76,0,60,0,64,0,76,0,73,0,64,0,68,0,81,0,79,0,74,0,75,0,69,0,72,0,63,0,0,4,4,0,0,0,0,0,0,,Magnier_Paul,0,0,0,0,"(11,24,175)",0,0,0.0,0,0,0.0,0,0,0,0,0,0,0,24,0,1,0,0,1,0,0,0
8326,López,Harold Martín,López H.M.,12,9401,0,0,0,hmlopez,20001203,0.0,0.0,0,4.0,0.0,0.0,0,0,3,0,0,0,160,55,0,0,0,67,0,76,0,78,0,66,0,59,0,57,0,57,0,66,0,70,0,72,0,70,0,66,0,71,0,68,0,0,2,2,0,0,0,0,0,0,,Lopez_Harold-Martin,0,0,0,0,(),0,0,0.0,0,0,0.0,0,0,0,0,0,0,0,4,0,0,2,0,0,0,0,1
8327,Vinokurov,Nicolas,Vinokurov N.,12,1301,0,0,0,nvinokurov,20020707,0.0,0.0,0,3.0,0.0,0.0,0,0,3,0,0,0,184,65,0,0,0,67,0,71,0,72,0,70,0,60,0,63,0,62,0,60,0,65,0,69,0,67,0,68,0,70,0,70,0,0,3,2,0,0,0,0,0,0,,Vinokurov_Nicolas,0,0,0,0,(),0,0,0.0,0,0,0.0,0,0,0,0,0,0,0,0,0,0,2,1,0,0,0,0
8328,Del Toro,Isaac,Del Toro I.,16,2301,0,0,0,ideltoro,20031127,0.0,0.0,0,6.0,0.0,0.0,0,0,3,0,0,0,180,64,0,0,0,72,0,80,0,80,0,80,0,69,0,74,0,74,0,68,0,78,0,79,0,76,0,78,0,81,0,75,0,0,4,4,0,0,0,0,192,0,,Del-Toro_Isaac,0,0,0,0,"(25,87,172)",0,0,0.0,0,0,0.0,0,0,0,0,0,0,0,21,0,1,1,2,0,0,0,1
8329,De Pretto,Davide,De Pretto D.,20,206,0,0,0,ddepretto,20020419,0.0,0.0,0,4.5,0.0,0.0,0,0,3,0,0,0,172,58,0,0,0,68,0,67,0,74,0,74,0,63,0,57,0,58,0,69,0,72,0,69,0,69,0,67,0,75,0,70,0,0,0,0,0,0,0,0,0,0,,De-Pretto_Davide,0,0,0,0,(),0,0,0.0,0,0,0.0,0,0,0,0,0,0,0,1,0,1,0,2,0,0,1,1
8330,Knight,Oliver,Knight O.,34,1801,0,0,0,oknight,20010125,0.0,0.0,0,3.5,0.0,0.0,0,0,3,0,0,0,0,0,0,0,0,75,0,61,0,65,0,68,0,66,0,72,0,72,0,69,0,70,0,69,0,69,0,63,0,72,0,70,0,0,0,0,0,0,0,0,0,0,,Knight_Oliver,0,0,0,0,(),0,0,0.0,0,0,0.0,0,0,0,0,0,0,0,1,0,0,1,0,0,1,0,0
8332,Muñoz,Francisco,Muñoz F.,102,809,0,0,0,fmunoz,20010624,0.0,0.0,0,3.5,0.0,0.0,0,0,3,0,0,0,181,71,0,0,0,67,0,62,0,63,0,65,0,60,0,60,0,60,0,60,0,63,0,64,0,64,0,61,0,66,0,60,0,0,0,0,0,0,0,0,0,0,,Munoz_Francisco,0,0,0,0,(),0,0,0.0,0,0,0.0,0,0,0,0,0,0,0,0,0,0,0,0,0,0,0,0
8334,Sheehan,Riley,Sheehan R.,42,601,0,0,0,rsheehan,20000616,0.0,0.0,0,4.5,0.0,0.0,0,0,3,0,0,0,182,67,0,0,0,74,0,64,0,69,0,70,0,73,0,66,0,69,0,72,0,72,0,71,0,73,0,66,0,74,0,71,0,0,0,0,0,0,0,0,0,0,,Sheehan_Riley,0,0,0,0,(),0,0,0.0,0,0,0.0,0,0,0,0,0,0,0,1,0,0,1,1,2,2,0,0
8335,Beneteau,Lucas,Beneteau L.,68,318,0,0,0,,20020315,0.0,0.0,0,3.0,0.0,0.0,0,0,3,0,0,0,171,58,0,0,0,66,0,61,0,63,0,67,0,61,0,58,0,58,0,62,0,66,0,64,0,63,0,60,0,68,0,73,0,0,0,0,0,0,0,0,0,0,,Beneteau_Lucas,0,0,0,0,(),0,0,0.0,0,0,0.0,0,0,0,0,0,0,0,0,0,0,0,0,0,0,0,0
8336,Breuillard,Nicolas,Breuillard N.,25,321,0,0,0,nbreuillard,20000313,0.0,0.0,0,4.0,0.0,0.0,0,0,3,0,0,0,0,0,0,0,0,68,0,72,0,75,0,71,0,62,0,66,0,66,0,63,0,68,0,70,0,69,0,68,0,72,0,66,0,0,0,0,0,0,0,0,0,0,,Breuillard_Nicolas,0,0,0,0,(),0,0,0.0,0,0,0.0,0,0,0,0,0,0,0,0,0,0,0,0,0,0,0,0
8337,Corkery,Dillon,Corkery D.,15,3101,0,0,0,dcorkery,19990212,0.0,0.0,0,3.5,0.0,0.0,0,0,3,0,0,0,0,0,0,0,0,71,0,59,0,63,0,71,0,70,0,64,0,65,0,71,0,72,0,66,0,67,0,65,0,68,0,70,0,0,0,0,0,0,0,0,0,0,,Corkery_Dillon,0,0,0,0,(),0,0,0.0,0,0,0.0,0,0,0,0,0,0,0,0,0,0,0,0,0,0,0,0
8338,Chumil,Sergio,Chumil S.,92,9001,0,0,0,schumil,20001008,0.0,0.0,0,4.0,0.0,0.0,0,0,3,0,0,0,167,62,0,0,0,66,0,72,0,72,0,72,0,61,0,60,0,62,0,66,0,71,0,66,0,67,0,65,0,71,0,67,0,0,0,0,0,0,0,0,0,0,,Chumil_Sergio,0,0,0,0,(),0,0,0.0,0,0,0.0,0,0,0,0,0,0,0,4,0,0,1,0,0,0,0,0
8339,Delgado,David,Delgado D.,119,801,0,0,0,ddelgado,20000713,0.0,0.0,0,4.0,0.0,0.0,0,0,3,0,0,0,174,53,0,0,0,61,0,70,0,68,0,65,0,57,0,60,0,60,0,58,0,53,0,63,0,62,0,65,0,66,0,68,0,0,0,0,0,0,0,0,0,0,,Delgado_David,0,0,0,0,(),0,0,0.0,0,0,0.0,0,0,0,0,0,0,0,0,0,0,0,0,0,0,0,0
8340,Fernández,Sinuhé,Fernández Si.,92,803,0,0,0,sfernandez,20000615,0.0,0.0,0,3.0,0.0,0.0,0,0,3,0,0,0,180,60,0,0,0,62,0,68,0,67,0,68,0,56,0,55,0,57,0,57,0,53,0,61,0,60,0,62,0,67,0,58,0,0,0,0,0,0,0,0,0,0,,Fernandez_Sinuhe,0,0,0,0,(),0,0,0.0,0,0,0.0,0,0,0,0,0,0,0,0,0,0,1,0,0,0,0,0
8341,Arriola-Bengoa,Julen,Arriola-Bengoa J.,35,816,0,0,0,jarriola-bengoa,20010216,0.0,0.0,0,3.5,0.0,0.0,0,0,3,0,0,0,174,52,0,0,0,60,0,67,0,67,0,66,0,55,0,56,0,55,0,62,0,65,0,61,0,60,0,61,0,68,0,65,0,0,0,0,0,0,0,0,0,0,,Arriola-bengoa_Julen,0,0,0,0,(),0,0,0.0,0,0,0.0,0,0,0,0,0,0,0,0,0,0,0,0,0,0,0,0
8342,Fernández,Samuel,Fernández S.,35,803,0,0,0,safernandez,20030711,0.0,0.0,0,4.0,0.0,0.0,0,0,3,0,0,0,176,57,0,0,0,65,0,73,0,74,0,69,0,57,0,59,0,61,0,58,0,68,0,66,0,65,0,67,0,72,0,68,0,0,0,0,0,0,0,0,0,0,,Fernandez_Samuel,0,0,0,0,(),0,0,0.0,0,0,0.0,0,0,0,0,0,0,0,0,0,0,0,0,0,0,0,0
8343,Guardeño,Jaume,Guardeño J.,35,810,0,0,0,jguardeno,20030220,0.0,0.0,0,4.0,0.0,0.0,0,0,3,0,0,0,175,62,0,0,0,65,0,74,0,74,0,69,0,60,0,65,0,65,0,60,0,66,0,70,0,68,0,71,0,70,0,69,0,0,4,3,0,0,0,0,0,0,,Guardeno_Jaume,0,0,0,0,(),0,0,0.0,0,0,0.0,0,0,0,0,0,0,0,0,0,0,1,0,0,0,0,0
8344,Silva,Thomas,Silva T.,12,6701,0,0,0,tsilva,20011230,0.0,0.0,0,4.0,0.0,0.0,0,0,3,0,0,0,175,64,0,0,0,71,0,69,0,73,0,70,0,65,0,64,0,64,0,72,0,75,0,71,0,74,0,71,0,76,0,70,0,0,0,0,0,0,0,0,0,0,,Silva_Thomas,0,0,0,0,(),0,0,0.0,0,0,0.0,0,0,0,0,0,0,0,4,0,0,1,0,0,0,0,0
8345,Sorarrain,Gorka,Sorarrain G.,35,816,0,0,0,gsorarrain,19960521,0.0,0.0,0,3.0,0.0,0.0,0,0,3,0,0,0,185,74,0,0,0,71,0,62,0,69,0,70,0,66,0,65,0,65,0,66,0,64,0,66,0,67,0,61,0,71,0,72,0,0,0,0,0,0,0,0,0,0,,Sorarrain_Gorka,0,0,0,0,(),0,0,0.0,0,0,0.0,0,0,0,0,0,0,0,0,0,0,0,0,0,0,0,0
8346,Aznar,Hugo,Aznar H.,70,815,0,0,0,haznar,20031201,0.0,0.0,0,3.5,0.0,0.0,0,0,3,0,0,0,168,59,0,0,0,67,0,61,0,67,0,68,0,60,0,62,0,64,0,61,0,64,0,61,0,62,0,63,0,69,0,64,0,0,0,0,0,0,0,0,0,0,,Aznar_Hugo,0,0,0,0,(),0,0,0.0,0,0,0.0,0,0,0,0,0,0,0,0,0,0,0,0,0,0,0,0
8347,Aznar,Unai,Aznar U.,100,815,0,0,0,uaznar,20020726,0.0,0.0,0,2.5,0.0,0.0,0,0,3,0,0,0,175,68,0,0,0,63,0,61,0,63,0,67,0,61,0,64,0,63,0,62,0,64,0,60,0,62,0,59,0,64,0,72,0,0,0,0,0,0,0,0,0,0,,Aznar_Unai,0,0,0,0,(),0,0,0.0,0,0,0.0,0,0,0,0,0,0,0,0,0,0,0,0,0,0,0,0
8348,Gutiérrez,Jorge,Gutiérrez J.,70,811,0,0,0,jgutierrez,20020923,0.0,0.0,0,5.0,0.0,0.0,0,0,3,0,0,0,176,56,0,0,0,63,0,72,0,71,0,68,0,59,0,61,0,61,0,58,0,60,0,67,0,65,0,67,0,70,0,68,0,0,0,0,0,0,0,0,0,0,,Gutierrez_Jorge,0,0,0,0,(),0,0,0.0,0,0,0.0,0,0,0,0,0,0,0,0,0,0,0,0,0,0,0,0
8349,Uriarte,Diego,Uriarte D.,70,815,0,0,0,duriarte,20011026,0.0,0.0,0,3.5,0.0,0.0,0,0,3,0,0,0,180,67,0,0,0,69,0,60,0,65,0,67,0,59,0,65,0,65,0,56,0,67,0,67,0,69,0,62,0,71,0,78,0,0,0,0,0,0,0,0,0,0,,Uriarte_Diego,0,0,0,0,(),0,0,0.0,0,0,0.0,0,0,0,0,0,0,0,1,0,0,0,0,0,0,0,0
8350,Biagini,Federico,Biagini F.,119,208,0,0,0,fbiagini,20030620,0.0,0.0,0,4.0,0.0,0.0,0,0,3,0,0,0,183,60,0,0,0,62,0,63,0,63,0,68,0,57,0,59,0,59,0,62,0,66,0,57,0,57,0,58,0,64,0,68,0,0,0,0,0,0,0,0,0,0,,Biagini_Federico,0,0,0,0,(),0,0,0.0,0,0,0.0,0,0,0,0,0,0,0,0,0,0,0,0,0,0,0,0
8351,Rojas,Vicente,Rojas V.,81,6901,0,0,0,vrojas,20020430,0.0,0.0,0,3.5,0.0,0.0,0,0,3,0,0,0,169,0,0,0,0,63,0,71,0,71,0,65,0,58,0,59,0,59,0,61,0,63,0,65,0,64,0,65,0,70,0,67,0,0,0,0,0,0,0,0,0,0,,Rojas_Vicente,0,0,0,0,(),0,0,0.0,0,0,0.0,0,0,0,0,0,0,0,0,0,0,0,1,0,0,0,1
8352,Turconi,Filippo,Turconi F.,81,204,0,0,0,fturconi,20051020,0.0,0.0,0,4.0,0.0,0.0,0,0,3,0,0,0,0,0,0,0,0,66,0,66,0,71,0,69,0,62,0,57,0,58,0,68,0,69,0,68,0,71,0,61,0,73,0,58,0,0,0,0,0,0,0,0,0,0,,Turconi_Filippo,0,0,0,0,(),0,0,0.0,0,0,0.0,0,0,0,0,0,0,0,0,0,0,0,1,0,0,0,0
8353,Vercouillie,Victor,Vercouillie V.,69,402,0,0,0,vvercouillie,20021103,0.0,0.0,0,4.0,0.0,0.0,0,0,3,0,0,0,181,66,0,0,0,71,0,58,0,62,0,65,0,69,0,68,0,69,0,60,0,57,0,67,0,63,0,65,0,65,0,80,0,0,0,0,0,0,0,0,0,0,,Vercouillie_Victor,0,0,0,0,(),0,0,0.0,0,0,0.0,0,0,0,0,0,0,0,0,0,0,0,0,2,1,0,0
8354,Darbellay,Valentin,Darbellay V.,119,1701,0,0,0,vdarbellay,19971119,0.0,0.0,0,3.5,0.0,0.0,0,0,3,0,0,0,0,0,0,0,0,64,0,66,0,69,0,67,0,60,0,59,0,59,0,60,0,66,0,63,0,65,0,62,0,70,0,67,0,0,0,0,0,0,0,0,0,0,,Darbellay_Valentin,0,0,0,0,(),0,0,0.0,0,0,0.0,0,0,0,0,0,0,0,0,0,0,0,0,0,0,0,1
8355,De Graeve,Quinten,De Graeve Q.,123,402,0,0,0,qdegraeve,20001024,0.0,0.0,0,2.5,0.0,0.0,0,0,3,0,0,0,0,0,0,0,0,65,0,56,0,58,0,66,0,63,0,58,0,58,0,61,0,59,0,59,0,58,0,59,0,62,0,63,0,0,0,0,0,0,0,0,0,0,,De-Graeve_Quinten,0,0,0,0,(),0,0,0.0,0,0,0.0,0,0,0,0,0,0,0,0,0,0,0,0,0,0,0,0
8356,Percrule,Doriand,Percrule D.,119,310,0,0,0,dpercrule,19990521,0.0,0.0,0,2.0,0.0,0.0,0,0,3,0,0,0,0,0,0,0,0,63,0,59,0,61,0,65,0,53,0,57,0,57,0,60,0,56,0,57,0,57,0,53,0,61,0,74,0,0,0,0,0,0,0,0,0,0,,Percrule_Doriand,0,0,0,0,(),0,0,0.0,0,0,0.0,0,0,0,0,0,0,0,0,0,0,0,0,0,0,0,0
8357,Perracchione,Alessandro,Perracchione A.,123,202,0,0,0,aperracchione,20050209,0.0,0.0,0,3.0,0.0,0.0,0,0,3,0,0,0,0,0,0,0,0,65,0,55,0,53,0,67,0,56,0,54,0,59,0,67,0,68,0,64,0,60,0,57,0,60,0,62,0,0,0,0,0,0,0,0,0,0,,Perracchione_Alessandro,0,0,0,0,(),0,0,0.0,0,0,0.0,0,0,0,0,0,0,0,0,0,0,0,0,0,0,0,0
8358,Polga,Antonio,Polga A.,123,206,0,0,0,apolga,19990326,0.0,0.0,0,2.0,0.0,0.0,0,0,3,0,0,0,0,0,0,0,0,64,0,59,0,57,0,68,0,58,0,58,0,57,0,63,0,61,0,58,0,60,0,60,0,57,0,55,0,0,0,0,0,0,0,0,0,0,,Polga_Antonio,0,0,0,0,(),0,0,0.0,0,0,0.0,0,0,0,0,0,0,0,0,0,0,0,0,0,0,0,0
8359,Smith,Nathan,Smith N.,123,1801,0,0,0,nsmith,20000827,0.0,0.0,0,3.0,0.0,0.0,0,0,3,0,0,0,0,0,0,0,0,65,0,60,0,62,0,66,0,53,0,59,0,59,0,60,0,63,0,61,0,60,0,60,0,64,0,70,0,0,0,0,0,0,0,0,0,0,,Smith_Nathan,0,0,0,0,(),0,0,0.0,0,0,0.0,0,0,0,0,0,0,0,0,0,0,0,0,0,0,0,0
8360,Duti,Tommaso,Duti T.,95,209,0,0,0,,20020713,0.0,0.0,0,3.5,0.0,0.0,0,0,3,0,0,0,0,0,0,0,0,69,0,65,0,71,0,70,0,60,0,63,0,68,0,71,0,73,0,68,0,69,0,68,0,72,0,64,0,0,0,0,0,0,0,0,0,0,,Dati_Tommaso,0,0,0,0,(),0,0,0.0,0,0,0.0,0,0,0,0,0,0,0,0,0,0,0,0,0,0,0,0
8361,Donati,Davide,Donati D.,233,204,0,0,0,,20050408,0.0,0.0,0,5.0,0.0,0.0,0,0,3,0,0,0,0,0,0,0,0,72,0,61,0,64,0,66,0,72,0,63,0,67,0,72,0,71,0,66,0,66,0,65,0,70,0,70,0,0,0,0,0,0,0,0,0,0,,Donati_Davide,0,0,0,0,(),0,0,0.0,0,0,0.0,0,0,0,0,0,0,0,1,0,0,0,0,0,0,0,0
8362,Grimod,Etienne,Grimod E.,119,201,0,0,0,,20051125,0.0,0.0,0,2.5,0.0,0.0,0,0,3,0,0,0,0,0,0,0,0,60,0,61,0,61,0,61,0,57,0,54,0,53,0,54,0,60,0,53,0,55,0,55,0,64,0,67,0,0,0,0,0,0,0,0,0,0,,Grimod_Etienne,0,0,0,0,(),0,0,0.0,0,0,0.0,0,0,0,0,0,0,0,0,0,0,0,0,0,0,0,0
8363,Gruszczynski,Filip,Gruszczynski F.,103,3001,0,0,0,fgruszczynski,20050213,0.0,0.0,0,3.5,0.0,0.0,0,0,3,0,0,0,0,0,0,0,0,66,0,68,0,70,0,70,0,61,0,64,0,63,0,58,0,60,0,65,0,64,0,65,0,68,0,67,0,0,0,0,0,0,0,0,0,0,,Gruszczynski_Filip,0,0,0,0,(),0,0,0.0,0,0,0.0,0,0,0,0,0,0,0,0,0,0,0,0,0,0,0,0
8365,Pettiti,Nicolò,Pettiti N.,119,202,0,0,0,,20020810,0.0,0.0,0,3.0,0.0,0.0,0,0,3,0,0,0,176,62,0,0,0,63,0,60,0,62,0,61,0,55,0,59,0,59,0,63,0,61,0,58,0,58,0,57,0,63,0,66,0,0,0,0,0,0,0,0,0,0,,Pettiti_Nicolo,0,0,0,0,(),0,0,0.0,0,0,0.0,0,0,0,0,0,0,0,0,0,0,0,0,0,0,0,0
8366,Hödlmiser,Dominik,Hödlmiser D.,112,3701,0,0,0,,20050927,0.0,0.0,0,2.5,0.0,0.0,0,0,3,0,0,0,0,0,0,0,0,65,0,61,0,60,0,71,0,60,0,57,0,57,0,62,0,62,0,56,0,60,0,57,0,62,0,58,0,0,0,0,0,0,0,0,0,0,,Hodlmoser_Dominik,0,0,0,0,(),0,0,0.0,0,0,0.0,0,0,0,0,0,0,0,0,0,0,0,0,0,0,0,0
8368,Kuba,Jakub,Kuba J.,119,3301,0,0,0,,20050724,0.0,0.0,0,3.0,0.0,0.0,0,0,3,0,0,0,0,0,0,0,0,61,0,60,0,61,0,70,0,63,0,60,0,61,0,59,0,62,0,57,0,59,0,58,0,63,0,65,0,0,0,0,0,0,0,0,0,0,,Kuba_Jakub,0,0,0,0,(),0,0,0.0,0,0,0.0,0,0,0,0,0,0,0,0,0,0,0,0,0,0,0,0
8369,Kubiš,Lukáš,Kubiš L.,107,2701,0,0,0,lkubis,20000131,0.0,0.0,0,4.5,0.0,0.0,0,0,3,0,0,0,175,70,0,0,0,75,0,57,0,66,0,72,0,72,0,65,0,68,0,75,0,75,0,73,0,74,0,65,0,73,0,69,0,0,0,0,0,0,0,0,129,0,,Kubis_Lukas,0,0,0,0,(),0,0,0.0,0,0,0.0,0,0,0,0,0,0,0,4,0,0,0,0,0,1,0,0
8370,Rubeš,Daniel,Rubeš D.,119,3301,0,0,0,,20051110,0.0,0.0,0,3.0,0.0,0.0,0,0,3,0,0,0,0,0,0,0,0,62,0,60,0,61,0,68,0,62,0,63,0,63,0,59,0,56,0,54,0,55,0,53,0,60,0,60,0,0,0,0,0,0,0,0,0,0,,Rubes_Daniel,0,0,0,0,(),0,0,0.0,0,0,0.0,0,0,0,0,0,0,0,0,0,0,0,0,0,0,0,0
8371,Sedlák,Lukáš,Sedlák L.,119,3301,0,0,0,,20050724,0.0,0.0,0,3.0,0.0,0.0,0,0,3,0,0,0,0,0,0,0,0,59,0,53,0,58,0,68,0,60,0,60,0,52,0,52,0,60,0,53,0,53,0,56,0,61,0,69,0,0,0,0,0,0,0,0,0,0,,Sedlak_Lukas,0,0,0,0,(),0,0,0.0,0,0,0.0,0,0,0,0,0,0,0,0,0,0,0,0,0,0,0,0
8373,Konijn,Alexander,Konijn A.,124,508,0,0,0,akonijn,19991015,0.0,0.0,0,3.0,0.0,0.0,0,0,3,0,0,0,0,0,0,0,0,69,0,59,0,60,0,67,0,63,0,60,0,60,0,70,0,69,0,63,0,65,0,62,0,64,0,64,0,0,0,0,0,0,0,0,0,0,,Konijn_Alexander,0,0,0,0,(),0,0,0.0,0,0,0.0,0,0,0,0,0,0,0,0,0,0,0,0,0,0,0,0
8375,Basset,Pierre-Henry,Basset P.H.,212,305,0,0,0,,20040329,0.0,0.0,0,4.0,0.0,0.0,0,0,3,0,0,0,178,69,0,0,0,70,0,65,0,68,0,68,0,63,0,60,0,60,0,62,0,64,0,64,0,64,0,64,0,70,0,72,0,0,0,0,0,0,0,0,0,0,,Basset_Pierre-henry,0,0,0,0,(),0,0,0.0,0,0,0.0,0,0,0,0,0,0,0,0,0,0,0,0,0,0,0,0
8376,Braz Afonso,Clément,Braz Afonso C.,6,314,0,0,0,cbrazafonso,19991108,0.0,0.0,0,4.0,0.0,0.0,0,0,3,0,0,0,163,53,0,0,0,69,0,72,0,74,0,67,0,62,0,64,0,64,0,61,0,67,0,71,0,72,0,70,0,76,0,75,0,0,3,3,0,0,0,0,0,0,,Braz-Afonso_Clement,0,0,0,0,(),0,0,0.0,0,0,0.0,0,0,0,0,0,0,0,0,0,0,1,0,0,0,0,1
8377,Hue,Antoine,Hue A.,119,305,0,0,0,,20041217,0.0,0.0,0,3.0,0.0,0.0,0,0,3,0,0,0,180,61,0,0,0,63,0,59,0,60,0,68,0,60,0,58,0,58,0,64,0,65,0,59,0,60,0,58,0,65,0,64,0,0,0,0,0,0,0,0,0,0,,Hue_Antoine,0,0,0,0,(),0,0,0.0,0,0,0.0,0,0,0,0,0,0,0,0,0,0,0,0,0,0,0,0
8378,Jaladeau,Artus,Jaladeau A.,119,320,0,0,0,,20000208,0.0,0.0,0,3.5,0.0,0.0,0,0,3,0,0,0,183,63,0,0,0,64,0,68,0,70,0,66,0,59,0,60,0,62,0,63,0,65,0,63,0,62,0,64,0,68,0,68,0,0,0,0,0,0,0,0,0,0,,Jaladeau_Artus,0,0,0,0,(),0,0,0.0,0,0,0.0,0,0,0,0,0,0,0,0,0,0,0,0,0,0,0,0
8379,Julien,Matisse,Julien M.,119,2201,0,0,0,,20030121,0.0,0.0,0,2.5,0.0,0.0,0,0,3,0,0,0,175,70,0,0,0,66,0,56,0,60,0,67,0,65,0,62,0,63,0,66,0,66,0,61,0,61,0,60,0,62,0,69,0,0,0,0,0,0,0,0,0,0,,Julien_Matisse,0,0,0,0,(),0,0,0.0,0,0,0.0,0,0,0,0,0,0,0,0,0,0,0,0,0,0,0,0
8380,Rye-Johnsen,Jon,Rye-Johnsen J.,119,3501,0,0,0,,20030208,0.0,0.0,0,3.0,0.0,0.0,0,0,3,0,0,0,0,0,0,0,0,67,0,59,0,60,0,65,0,61,0,60,0,59,0,62,0,64,0,64,0,63,0,62,0,63,0,69,0,0,0,0,0,0,0,0,0,0,,Rye-johnsen_Jon,0,0,0,0,(),0,0,0.0,0,0,0.0,0,0,0,0,0,0,0,0,0,0,0,0,0,0,0,0
8381,Avoine,Kévin,Avoine K.,59,315,0,0,0,kavoine,19971114,0.0,0.0,0,3.0,0.0,0.0,0,0,3,0,0,0,183,70,0,0,0,70,0,56,0,63,0,66,0,65,0,58,0,59,0,60,0,61,0,65,0,65,0,66,0,69,0,76,0,0,0,0,0,0,0,0,0,0,,Avoine_Kevin,0,0,0,0,(),0,0,0.0,0,0,0.0,0,0,0,0,0,0,0,0,0,0,0,0,0,0,0,0
8383,Rees,Oliver,Rees O.,119,1801,0,0,0,,20010316,0.0,0.0,0,3.5,0.0,0.0,0,0,3,0,0,0,0,0,0,0,0,66,0,65,0,67,0,70,0,60,0,63,0,65,0,60,0,58,0,65,0,62,0,65,0,68,0,68,0,0,0,0,0,0,0,0,0,0,,Rees_Oliver,0,0,0,0,(),0,0,0.0,0,0,0.0,0,0,0,0,0,0,0,0,0,0,0,0,0,0,0,0
8384,Moscardo,Oscar,Moscardo O.,119,810,0,0,0,,19980602,0.0,0.0,0,2.0,0.0,0.0,0,0,3,0,0,0,0,0,0,0,0,60,0,61,0,60,0,68,0,55,0,54,0,57,0,55,0,62,0,56,0,56,0,55,0,64,0,55,0,0,0,0,0,0,0,0,0,0,,Moscardo_Oscar,0,0,0,0,(),0,0,0.0,0,0,0.0,0,0,0,0,0,0,0,0,0,0,0,0,0,0,0,0
8385,Baptista,Gabriel,Baptista G.,119,2901,0,0,0,,20050428,0.0,0.0,0,2.5,0.0,0.0,0,0,3,0,0,0,0,0,0,0,0,63,0,59,0,60,0,62,0,52,0,59,0,59,0,57,0,64,0,55,0,55,0,56,0,62,0,71,0,0,0,0,0,0,0,0,0,0,,Baptista_Gabriel,0,0,0,0,(),0,0,0.0,0,0,0.0,0,0,0,0,0,0,0,0,0,0,0,0,0,0,0,0
8386,Clueys,Robbe,Clueys R.,116,402,0,0,0,,20001113,0.0,0.0,0,2.5,0.0,0.0,0,0,3,0,0,0,0,0,0,0,0,67,0,60,0,64,0,65,0,67,0,59,0,59,0,66,0,65,0,65,0,65,0,64,0,66,0,62,0,0,0,0,0,0,0,0,0,0,,Claeys_Robbe,0,0,0,0,(),0,0,0.0,0,0,0.0,0,0,0,0,0,0,0,0,0,0,0,0,0,0,0,0
8387,De Keyser,Ewout,De Keyser E.,119,402,0,0,0,,20010512,0.0,0.0,0,3.0,0.0,0.0,0,0,3,0,0,0,0,0,0,0,0,68,0,65,0,67,0,66,0,59,0,60,0,60,0,59,0,63,0,65,0,63,0,65,0,68,0,65,0,0,0,0,0,0,0,0,0,0,,De-Keyser_Ewout,0,0,0,0,(),0,0,0.0,0,0,0.0,0,0,0,0,0,0,0,0,0,0,0,0,0,0,0,0
8389,Sunty,Arne,Sunty A.,110,402,0,0,0,,20001020,0.0,0.0,0,3.0,0.0,0.0,0,0,3,0,0,0,0,0,0,0,0,70,0,57,0,60,0,66,0,63,0,58,0,60,0,68,0,67,0,64,0,64,0,65,0,63,0,62,0,0,0,0,0,0,0,0,0,0,,Santy_Arne,0,0,0,0,(),0,0,0.0,0,0,0.0,0,0,0,0,0,0,0,0,0,0,0,0,0,0,0,0
8390,Strand,Peter Dahl,Strand P.D.,119,3501,0,0,0,,20001001,0.0,0.0,0,3.0,0.0,0.0,0,0,3,0,0,0,0,0,0,0,0,70,0,55,0,59,0,69,0,65,0,64,0,64,0,68,0,69,0,63,0,63,0,60,0,65,0,68,0,0,0,0,0,0,0,0,0,0,,Strand_Peter-Dahl,0,0,0,0,(),0,0,0.0,0,0,0.0,0,0,0,0,0,0,0,0,0,0,0,0,0,0,0,0
8391,Sentjens,Sente,Sentjens S.,37,402,0,0,0,ssentjens,20050902,0.0,0.0,0,5.0,0.0,0.0,0,0,3,0,0,0,191,85,0,0,0,71,0,57,0,62,0,72,0,69,0,64,0,64,0,70,0,70,0,62,0,64,0,62,0,65,0,68,0,0,0,0,0,0,0,0,0,0,,Sentjens_Sente,0,0,0,0,(),0,0,0.0,0,0,0.0,0,0,0,0,0,0,0,0,0,0,0,0,0,0,0,0
8392,Bouglas,Georgios,Bouglas G.,92,6001,0,0,0,gbouglas,19901117,0.0,0.0,0,3.5,0.0,0.0,0,0,3,0,0,0,181,71,0,0,0,71,0,57,0,61,0,67,0,66,0,63,0,66,0,70,0,72,0,65,0,67,0,66,0,67,0,64,0,0,0,0,0,0,0,0,66,0,,Bouglas_Georgios,0,0,0,0,(),0,0,0.0,0,0,0.0,0,0,0,0,0,0,0,7,0,0,0,0,0,0,0,0
8393,Sainbayar,Jambaljamts,Sainbayar J.,92,8301,0,0,0,jsainbayar,19960904,0.0,0.0,0,4.0,0.0,0.0,0,0,3,0,0,0,172,60,0,0,0,67,0,67,0,68,0,67,0,60,0,62,0,62,0,69,0,69,0,64,0,65,0,65,0,69,0,63,0,0,0,0,0,0,0,0,66,0,,Sainbayar_Jambaljamts,0,0,0,0,(),0,0,0.0,0,0,0.0,0,0,0,0,0,0,0,7,0,0,0,0,0,0,0,0
8394,Graff,William,Graff W.,119,401,0,0,0,,20051106,0.0,0.0,0,4.5,0.0,0.0,0,0,3,0,0,0,0,0,0,0,0,62,0,66,0,66,0,74,0,64,0,60,0,60,0,58,0,64,0,63,0,60,0,62,0,64,0,74,0,0,0,0,0,0,0,0,0,0,,Graff_William,0,0,0,0,(),0,0,0.0,0,0,0.0,0,0,0,0,0,0,0,0,0,0,0,0,0,0,0,0
8395,Geerinckx,Wout,Geerinckx W.,119,402,0,0,0,,20031102,0.0,0.0,0,3.5,0.0,0.0,0,0,3,0,0,0,0,0,0,0,0,63,0,60,0,61,0,66,0,62,0,56,0,58,0,54,0,56,0,57,0,56,0,57,0,65,0,63,0,0,0,0,0,0,0,0,0,0,,Geerinckx_Wout,0,0,0,0,(),0,0,0.0,0,0,0.0,0,0,0,0,0,0,0,0,0,0,0,0,0,0,0,0
8396,Gualdi,Simone,Gualdi S.,9,204,0,0,0,sgualdi,20050416,0.0,0.0,0,4.5,0.0,0.0,0,0,3,0,0,0,173,61,0,0,0,68,0,69,0,72,0,70,0,62,0,60,0,60,0,64,0,65,0,68,0,68,0,70,0,73,0,72,0,0,0,0,0,0,0,0,0,0,,Gualdi_Simone,0,0,0,0,(),0,0,0.0,0,0,0.0,0,0,0,0,0,0,0,0,0,0,0,0,0,0,0,0
8397,Muonen,Zeno,Muonen Z.,110,402,0,0,0,,20030703,0.0,0.0,0,3.0,0.0,0.0,0,0,3,0,0,0,0,0,0,0,0,68,0,56,0,58,0,67,0,65,0,57,0,58,0,69,0,68,0,61,0,62,0,62,0,63,0,63,0,0,0,0,0,0,0,0,0,0,,Moonen_Zeno,0,0,0,0,(),0,0,0.0,0,0,0.0,0,0,0,0,0,0,0,0,0,0,0,0,0,0,0,0
8398,Fiurstein,Kilian,Fiurstein K.,40,3701,0,0,0,,20030606,0.0,0.0,0,3.0,0.0,0.0,0,0,3,0,0,0,0,0,0,0,0,63,0,60,0,63,0,71,0,62,0,60,0,63,0,64,0,66,0,58,0,61,0,60,0,66,0,69,0,0,0,0,0,0,0,0,0,0,,Feurstein_Kilian,0,0,0,0,(),0,0,0.0,0,0,0.0,0,0,0,0,0,0,0,0,0,0,0,0,0,0,0,0
8399,Blackmore,Joseph,Blackmore J.,42,1801,0,0,0,jblackmore,20030223,0.0,0.0,0,4.5,0.0,0.0,0,0,3,0,0,0,181,66,0,0,0,69,0,70,0,71,0,75,0,67,0,62,0,63,0,65,0,70,0,64,0,65,0,65,0,74,0,69,0,0,1,1,0,0,0,0,0,0,,Blackmore_Joseph,0,0,0,0,(),0,0,0.0,0,0,0.0,0,0,0,0,0,0,0,4,1,0,0,0,1,0,1,0
8400,Garcia,Alvaro,Garcia A.,242,817,0,0,0,,20050406,0.0,0.0,0,4.5,0.0,0.0,0,0,3,0,0,0,0,0,0,0,0,60,0,66,0,65,0,67,0,58,0,62,0,62,0,55,0,62,0,57,0,54,0,60,0,64,0,62,0,0,0,0,0,0,0,0,0,0,,Garcia_Alvaro,0,0,0,0,(),0,0,0.0,0,0,0.0,0,0,0,0,0,0,0,0,0,0,0,0,0,0,0,0
8401,Kurits,Karl,Kurits K.,119,1201,0,0,0,,20050614,0.0,0.0,0,4.0,0.0,0.0,0,0,3,0,0,0,0,0,0,0,0,65,0,53,0,54,0,68,0,62,0,57,0,59,0,67,0,67,0,54,0,55,0,55,0,60,0,58,0,0,0,0,0,0,0,0,0,0,,Kurits_Karl,0,0,0,0,(),0,0,0.0,0,0,0.0,0,0,0,0,0,0,0,0,0,0,0,0,0,0,0,0
8402,Van Tricht,Floris,Van Tricht F.,42,402,0,0,0,fvantricht,20010623,0.0,0.0,0,3.5,0.0,0.0,0,0,3,0,0,0,0,0,0,0,0,71,0,57,0,63,0,70,0,69,0,62,0,64,0,72,0,71,0,64,0,66,0,62,0,69,0,70,0,0,0,0,0,0,0,0,0,0,,Van-Tricht_Floris,0,0,0,0,(),0,0,0.0,0,0,0.0,0,0,0,0,0,0,0,0,0,0,0,0,0,0,0,0
8403,Storm,Theodor,Storm T.,202,1005,0,0,0,tstorm,20050331,0.0,0.0,0,3.5,0.0,0.0,0,0,3,0,0,0,0,0,0,0,0,68,0,57,0,60,0,69,0,65,0,64,0,65,0,65,0,64,0,60,0,63,0,60,0,65,0,70,0,0,0,0,0,0,0,0,0,0,,Storm_Theodor,0,0,0,0,(),0,0,0.0,0,0,0.0,0,0,0,0,0,0,0,0,0,0,0,0,0,0,0,0
8404,Huyet,Baptiste,Huyet B.,166,307,0,0,0,,20000706,0.0,0.0,0,3.5,0.0,0.0,0,0,3,0,0,0,0,0,0,0,0,63,0,69,0,70,0,71,0,60,0,57,0,57,0,56,0,62,0,64,0,62,0,62,0,68,0,68,0,0,0,0,0,0,0,0,0,0,,Huyet_Baptiste,0,0,0,0,(),0,0,0.0,0,0,0.0,0,0,0,0,0,0,0,0,0,0,0,0,0,0,0,0
8405,Kyffin,Zeb,Kyffin Z.,168,1801,0,0,0,,19980223,0.0,0.0,0,4.0,0.0,0.0,0,0,3,0,0,0,188,72,0,0,0,67,0,60,0,67,0,70,0,69,0,65,0,66,0,62,0,63,0,66,0,67,0,66,0,70,0,71,0,0,0,0,0,0,0,0,0,0,,Kyffin_Zeb,0,0,0,0,(),0,0,0.0,0,0,0.0,0,0,0,0,0,0,0,1,0,0,0,0,0,0,0,0
8406,Loockx,Lander,Loockx L.,107,402,0,0,0,lloockx,19970425,0.0,0.0,0,3.5,0.0,0.0,0,0,3,0,0,0,186,71,0,0,0,70,0,70,0,73,0,77,0,71,0,63,0,68,0,67,0,70,0,69,0,71,0,69,0,74,0,62,0,0,0,0,0,0,0,0,0,0,,Loockx_Lander,0,0,0,0,(),0,0,0.0,0,0,0.0,0,0,0,0,0,0,0,1,0,0,0,0,0,0,0,0
8407,Maire,Adrien,Maire A.,107,321,0,0,0,amaire,20001117,0.0,0.0,0,4.0,0.0,0.0,0,0,3,0,0,0,0,0,0,0,0,67,0,73,0,74,0,68,0,62,0,60,0,63,0,63,0,69,0,68,0,68,0,67,0,73,0,65,0,0,0,0,0,0,0,0,0,0,,Maire_Adrien,0,0,0,0,(),0,0,0.0,0,0,0.0,0,0,0,0,0,0,0,1,0,0,0,0,0,0,0,0
8408,Paige,Charles,Paige C.,119,1801,0,0,0,,20010707,0.0,0.0,0,3.0,0.0,0.0,0,0,3,0,0,0,0,0,0,0,0,62,0,69,0,68,0,69,0,63,0,60,0,60,0,57,0,53,0,65,0,62,0,65,0,67,0,59,0,0,0,0,0,0,0,0,0,0,,Paige_Charles,0,0,0,0,(),0,0,0.0,0,0,0.0,0,0,0,0,0,0,0,0,0,0,0,0,0,0,0,0
8410,Driesen,Niels,Driesen N.,209,402,0,0,0,,20050825,0.0,0.0,0,4.5,0.0,0.0,0,0,3,0,0,0,0,0,0,0,0,70,0,70,0,71,0,68,0,65,0,60,0,61,0,62,0,66,0,65,0,65,0,65,0,72,0,62,0,0,0,0,0,0,0,0,0,0,,Driesen_Niels,0,0,0,0,(),0,0,0.0,0,0,0.0,0,0,0,0,0,0,0,0,0,0,0,0,0,0,0,0
8411,Fovero,Renato,Fovero R.,160,206,0,0,0,,20050227,0.0,0.0,0,2.5,0.0,0.0,0,0,3,0,0,0,0,0,0,0,0,60,0,61,0,60,0,63,0,57,0,55,0,58,0,53,0,60,0,56,0,56,0,56,0,62,0,63,0,0,0,0,0,0,0,0,0,0,,Favero_Renato,0,0,0,0,(),0,0,0.0,0,0,0.0,0,0,0,0,0,0,0,0,0,0,0,0,0,0,0,0
8413,Servranckx,Gauthier,Servranckx G.,210,402,0,0,0,,20050707,0.0,0.0,0,4.5,0.0,0.0,0,0,3,0,0,0,0,0,0,0,0,68,0,67,0,67,0,69,0,63,0,61,0,61,0,60,0,63,0,65,0,63,0,65,0,68,0,68,0,0,0,0,0,0,0,0,0,0,,Servranckx_Gauthier,0,0,0,0,(),0,0,0.0,0,0,0.0,0,0,0,0,0,0,0,0,0,0,0,0,0,0,0,0
8414,Soenens,Viktor,Soenens V.,210,402,0,0,0,,20051005,0.0,0.0,0,5.0,0.0,0.0,0,0,3,0,0,0,0,0,0,0,0,70,0,66,0,71,0,67,0,66,0,62,0,62,0,64,0,68,0,66,0,65,0,66,0,72,0,65,0,0,0,0,0,0,0,0,0,0,,Soenens_Viktor,0,0,0,0,(),0,0,0.0,0,0,0.0,0,0,0,0,0,0,0,0,0,0,0,0,0,0,0,0
8415,Vanden Heede,Lars,Vanden Heede L.,210,402,0,0,0,,20050318,0.0,0.0,0,4.5,0.0,0.0,0,0,3,0,0,0,0,0,0,0,0,70,0,57,0,60,0,64,0,64,0,66,0,66,0,66,0,64,0,63,0,64,0,62,0,67,0,70,0,0,0,0,0,0,0,0,0,0,,Vanden-Heede_Lars,0,0,0,0,(),0,0,0.0,0,0,0.0,0,0,0,0,0,0,0,0,0,0,0,0,0,0,0,0
8416,Boyle,Evan,Boyle E.,119,601,0,0,0,,20040627,0.0,0.0,0,3.0,0.0,0.0,0,0,3,0,0,0,187,77,0,0,0,66,0,56,0,58,0,62,0,63,0,67,0,67,0,56,0,53,0,58,0,58,0,57,0,62,0,71,0,0,0,0,0,0,0,0,0,0,,Boyle_Evan,0,0,0,0,(),0,0,0.0,0,0,0.0,0,0,0,0,0,0,0,0,0,0,0,0,0,0,0,0
8418,McKenzie,Hamish,McKenzie H.,20,2001,0,0,0,hmckenzie,20040913,0.0,0.0,0,4.0,0.0,0.0,0,0,3,0,0,0,176,70,0,0,0,70,0,55,0,60,0,70,0,64,0,66,0,67,0,65,0,66,0,62,0,63,0,60,0,68,0,71,0,0,0,0,0,0,0,0,0,0,,Mckenzie_Hamish,0,0,0,0,(),0,0,0.0,0,0,0.0,0,0,0,0,0,0,0,0,0,0,0,0,0,0,0,0
8419,Parham,Darren,Parham D.,119,601,0,0,0,,20050412,0.0,0.0,0,3.5,0.0,0.0,0,0,3,0,0,0,0,0,0,0,0,64,0,58,0,60,0,67,0,55,0,58,0,58,0,60,0,62,0,56,0,56,0,58,0,63,0,60,0,0,0,0,0,0,0,0,0,0,,Parham_Darren,0,0,0,0,(),0,0,0.0,0,0,0.0,0,0,0,0,0,0,0,0,0,0,0,0,0,0,0,0
8421,Rafferty,Adam,Rafferty A.,135,3101,0,0,0,,20051004,0.0,0.0,0,4.5,0.0,0.0,0,0,3,0,0,0,0,0,0,0,0,68,0,64,0,67,0,69,0,64,0,66,0,67,0,58,0,59,0,62,0,63,0,64,0,69,0,66,0,0,0,0,0,0,0,0,0,0,,Rafferty_Adam,0,0,0,0,(),0,0,0.0,0,0,0.0,0,0,0,0,0,0,0,0,0,0,0,0,0,0,0,0
8422,Redae,Bizaye,Redae B.,119,7401,0,0,0,,20021205,0.0,0.0,0,3.0,0.0,0.0,0,0,3,0,0,0,0,0,0,0,0,58,0,65,0,65,0,67,0,57,0,61,0,61,0,60,0,64,0,58,0,56,0,57,0,64,0,61,0,0,0,0,0,0,0,0,0,0,,Redae_Bizaye,0,0,0,0,(),0,0,0.0,0,0,0.0,0,0,0,0,0,0,0,1,0,0,0,0,0,0,0,0
8423,Sambinello,Mattia,Sambinello M.,135,204,0,0,0,,20051103,0.0,0.0,0,3.0,0.0,0.0,0,0,3,0,0,0,0,0,0,0,0,59,0,61,0,60,0,62,0,55,0,57,0,54,0,60,0,55,0,57,0,57,0,56,0,64,0,69,0,0,0,0,0,0,0,0,0,0,,Sambinello_Mattia,0,0,0,0,(),0,0,0.0,0,0,0.0,0,0,0,0,0,0,0,0,0,0,0,0,0,0,0,0
8424,Wiggins,Ben,Wiggins B.,135,1801,0,0,0,bwiggins,20050326,0.0,0.0,0,4.5,0.0,0.0,0,0,3,0,0,0,185,80,0,0,0,64,0,54,0,56,0,68,0,65,0,65,0,65,0,60,0,61,0,59,0,60,0,58,0,62,0,58,0,0,0,0,0,0,0,0,0,0,,Wiggins_Ben,0,0,0,0,(),0,0,0.0,0,0,0.0,0,0,0,0,0,0,0,0,0,0,0,0,0,0,0,0
8425,Bisiaux,Léo,Bisiaux L.,3,303,0,0,0,lbisiaux,20050214,0.0,0.0,0,5.5,0.0,0.0,0,0,3,0,0,0,178,58,0,0,0,69,0,74,0,75,0,77,0,65,0,64,0,65,0,63,0,71,0,70,0,72,0,67,0,75,0,64,0,0,2,4,0,0,0,0,0,0,,Bisiaux_Leo,0,0,0,0,(25),0,0,0.0,0,0,0.0,0,0,0,0,0,0,0,1,0,0,1,0,0,0,0,1
8426,Blaise,Arthur,Blaise A.,119,310,0,0,0,,20050315,0.0,0.0,0,3.5,0.0,0.0,0,0,3,0,0,0,183,73,0,0,0,67,0,56,0,58,0,68,0,65,0,66,0,67,0,56,0,57,0,60,0,62,0,60,0,64,0,64,0,0,0,0,0,0,0,0,0,0,,Blaise_Arthur,0,0,0,0,(),0,0,0.0,0,0,0.0,0,0,0,0,0,0,0,0,0,0,0,0,0,0,0,0
8427,Chamberlain,Oscar,Chamberlain O.,3,2001,0,0,0,ochamberlain,20050115,0.0,0.0,0,4.5,0.0,0.0,0,0,3,0,0,0,194,74,0,0,0,71,0,59,0,61,0,67,0,68,0,68,0,67,0,61,0,59,0,65,0,66,0,64,0,67,0,70,0,0,2,3,0,0,0,0,0,0,,Chamberlain_Oscar,0,0,0,0,(4),0,0,0.0,0,0,0.0,0,0,0,0,0,0,0,0,0,0,0,0,1,1,0,0
8428,Donnenwirth,Tom,Donnenwirth T.,6,314,0,0,0,tdonnenwirth,19980119,0.0,0.0,0,4.0,0.0,0.0,0,0,3,0,0,0,178,63,0,0,0,68,0,69,0,72,0,68,0,64,0,64,0,67,0,68,0,68,0,67,0,67,0,66,0,73,0,58,0,0,0,0,0,0,0,0,0,0,,Donnenwirth_Tom,0,0,0,0,(),0,0,0.0,0,0,0.0,0,0,0,0,0,0,0,1,0,0,0,0,0,0,0,0
8429,L'Hote,Antoine,L'Hote A.,3,315,0,0,0,alhote,20050527,0.0,0.0,0,5.0,0.0,0.0,0,0,3,0,0,0,190,72,0,0,0,73,0,60,0,66,0,70,0,68,0,64,0,69,0,65,0,67,0,69,0,70,0,66,0,73,0,73,0,0,0,0,0,0,0,0,0,0,,LHote_Antoine,0,0,0,0,(11),0,0,0.0,0,0,0.0,0,0,0,0,0,0,0,0,0,0,0,0,0,0,0,0
8430,Nielsen,Daniel Weis,Nielsen D.W.,161,1001,0,0,0,,20050707,0.0,0.0,0,4.0,0.0,0.0,0,0,3,0,0,0,166,60,0,0,0,64,0,55,0,58,0,72,0,65,0,60,0,61,0,62,0,65,0,57,0,61,0,57,0,64,0,72,0,0,0,0,0,0,0,0,0,0,,Nielsen_Daniel-Weis,0,0,0,0,(),0,0,0.0,0,0,0.0,0,0,0,0,0,0,0,0,0,0,0,0,0,0,0,0
8431,Veistroffer,Baptiste,Veistroffer B.,9,322,0,0,0,bveistroffer,20000529,0.0,0.0,0,3.5,0.0,0.0,0,0,3,0,0,0,180,75,0,0,0,74,0,58,0,62,0,68,0,67,0,69,0,67,0,58,0,66,0,73,0,67,0,66,0,68,0,83,0,0,0,0,0,0,0,0,0,0,,Veistroffer_Baptiste,0,0,0,0,(),0,0,0.0,0,0,0.0,0,0,0,0,0,0,0,0,0,0,0,1,0,1,0,0
8432,Verschuren,Killian,Verschuren K.,107,305,0,0,0,kverschuren,20021020,0.0,0.0,0,4.0,0.0,0.0,0,0,3,0,0,0,165,54,0,0,0,66,0,71,0,72,0,73,0,64,0,60,0,60,0,62,0,68,0,67,0,68,0,64,0,72,0,69,0,0,0,0,0,0,0,0,0,0,,Verschuren_Killian,0,0,0,0,(),0,0,0.0,0,0,0.0,0,0,0,0,0,0,0,0,0,0,0,0,0,0,0,0
8433,Alustiza,Nicolás,Alustiza N.,100,816,0,0,0,nalustiza,20030104,0.0,0.0,0,3.0,0.0,0.0,0,0,3,0,0,0,185,0,0,0,0,66,0,67,0,69,0,69,0,58,0,58,0,60,0,64,0,66,0,65,0,65,0,66,0,69,0,74,0,0,0,0,0,0,0,0,0,0,,Alustiza_Nicolas,0,0,0,0,(),0,0,0.0,0,0,0.0,0,0,0,0,0,0,0,0,0,0,0,0,0,0,0,0
8434,Mintegi,Iker,Mintegi I.,100,815,0,0,0,imintegui,20021115,0.0,0.0,0,3.5,0.0,0.0,0,0,3,0,0,0,0,0,0,0,0,66,0,71,0,71,0,61,0,58,0,59,0,59,0,62,0,68,0,67,0,64,0,61,0,66,0,73,0,0,0,0,0,0,0,0,0,0,,Mintegui_Iker,0,0,0,0,(),0,0,0.0,0,0,0.0,0,0,0,0,0,0,0,0,0,0,0,0,0,0,0,0
8436,Pinto,Diogo,Pinto D.,119,2901,0,0,0,,20050916,0.0,0.0,0,2.5,0.0,0.0,0,0,3,0,0,0,0,0,0,0,0,59,0,64,0,64,0,63,0,55,0,60,0,60,0,55,0,60,0,54,0,54,0,58,0,63,0,72,0,0,0,0,0,0,0,0,0,0,,Pinto_Diogo,0,0,0,0,(),0,0,0.0,0,0,0.0,0,0,0,0,0,0,0,0,0,0,0,0,0,0,0,0
8437,Chingui,Euclides,Chingui E.,119,7701,0,0,0,,20001031,0.0,0.0,0,2.5,0.0,0.0,0,0,3,0,0,0,0,0,0,0,0,62,0,57,0,58,0,60,0,53,0,62,0,63,0,57,0,50,0,55,0,57,0,57,0,60,0,65,0,0,0,0,0,0,0,0,0,0,,Chingui_Euclides,0,0,0,0,(),0,0,0.0,0,0,0.0,0,0,0,0,0,0,0,0,0,0,0,0,0,0,0,0
8438,Czabok,Konrad,Czabok K.,162,3001,0,0,0,,20010319,0.0,0.0,0,3.5,0.0,0.0,0,0,3,0,0,0,185,65,0,0,0,67,0,57,0,57,0,61,0,64,0,58,0,57,0,67,0,66,0,62,0,64,0,64,0,64,0,66,0,0,0,0,0,0,0,0,0,0,,Czabok_Konrad,0,0,0,0,(),0,0,0.0,0,0,0.0,0,0,0,0,0,0,0,0,0,0,0,0,0,0,0,0
8439,Lach,Kamil,Lach K.,119,3001,0,0,0,,20030726,0.0,0.0,0,3.0,0.0,0.0,0,0,3,0,0,0,0,0,0,0,0,61,0,60,0,61,0,70,0,62,0,59,0,61,0,59,0,65,0,58,0,60,0,60,0,63,0,56,0,0,0,0,0,0,0,0,0,0,,Lach_Kamil,0,0,0,0,(),0,0,0.0,0,0,0.0,0,0,0,0,0,0,0,0,0,0,0,0,0,0,0,0
8440,Wasowicz,Kajetan,Wasowicz K.,119,3001,0,0,0,,20040603,0.0,0.0,0,2.0,0.0,0.0,0,0,3,0,0,0,182,72,0,0,0,63,0,57,0,57,0,66,0,54,0,54,0,58,0,51,0,58,0,55,0,53,0,53,0,60,0,70,0,0,0,0,0,0,0,0,0,0,,Wasowicz_Kajetan,0,0,0,0,(),0,0,0.0,0,0,0.0,0,0,0,0,0,0,0,0,0,0,0,0,0,0,0,0
8441,Beirig,Ferdinand,Beirig F.,119,701,0,0,0,,20050308,0.0,0.0,0,3.0,0.0,0.0,0,0,3,0,0,0,0,0,0,0,0,64,0,60,0,61,0,64,0,60,0,63,0,63,0,51,0,55,0,57,0,55,0,55,0,64,0,72,0,0,0,0,0,0,0,0,0,0,,Beirig_Ferdinand,0,0,0,0,(),0,0,0.0,0,0,0.0,0,0,0,0,0,0,0,0,0,0,0,0,0,0,0,0
8442,Bangert,Nick,Bangert N.,119,701,0,0,0,,20040825,0.0,0.0,0,3.0,0.0,0.0,0,0,3,0,0,0,177,66,0,0,0,66,0,56,0,56,0,65,0,60,0,64,0,64,0,60,0,66,0,58,0,58,0,58,0,62,0,56,0,0,0,0,0,0,0,0,0,0,,Bangert_Nick,0,0,0,0,(),0,0,0.0,0,0,0.0,0,0,0,0,0,0,0,0,0,0,0,0,0,0,0,0
8443,Girmay,Meweal,Girmay M.,119,4101,0,0,0,,20050415,0.0,0.0,0,3.0,0.0,0.0,0,0,3,0,0,0,0,0,0,0,0,61,0,61,0,61,0,65,0,59,0,59,0,59,0,57,0,64,0,57,0,56,0,57,0,62,0,55,0,0,0,0,0,0,0,0,0,0,,Girmay_Meweal,0,0,0,0,(),0,0,0.0,0,0,0.0,0,0,0,0,0,0,0,0,0,0,0,0,0,0,0,0
8445,Zabelinskiy,Bogdan,Zabelinskiy B.,119,10101,0,0,0,,20050112,0.0,0.0,0,4.0,0.0,0.0,0,0,3,0,0,0,0,0,0,0,0,65,0,55,0,58,0,65,0,64,0,61,0,62,0,65,0,67,0,58,0,58,0,54,0,60,0,67,0,0,0,0,0,0,0,0,0,0,,Zabelinskiy_Bogdan,0,0,0,0,(),0,0,0.0,0,0,0.0,0,0,0,0,0,0,0,0,0,0,0,0,0,0,0,0
8446,Bock,Max,Bock M.,233,702,0,0,0,,20050310,0.0,0.0,0,4.5,0.0,0.0,0,0,3,0,0,0,174,56,0,0,0,62,0,72,0,72,0,68,0,58,0,58,0,59,0,60,0,59,0,64,0,63,0,65,0,70,0,65,0,0,0,0,0,0,0,0,0,0,,Bock_Max,0,0,0,0,(),0,0,0.0,0,0,0.0,0,0,0,0,0,0,0,0,0,0,0,0,0,0,0,0
8447,Decomble,Maxime,Decomble M.,6,321,0,0,0,mdecomble,20050716,0.0,0.0,0,5.0,0.0,0.0,0,0,3,0,0,0,174,62,0,0,0,71,0,68,0,73,0,70,0,64,0,72,0,72,0,61,0,64,0,68,0,68,0,67,0,74,0,67,0,0,0,0,0,0,0,0,0,0,,Decomble_Maxime,0,0,0,0,(),0,0,0.0,0,0,0.0,0,0,0,0,0,0,0,0,0,0,0,0,0,0,0,0
8448,Fontaine,Titouan,Fontaine T.,6,322,0,0,0,tfontaine,20050620,0.0,0.0,0,3.5,0.0,0.0,0,0,3,0,0,0,183,70,0,0,0,67,0,61,0,63,0,70,0,63,0,64,0,65,0,63,0,65,0,60,0,62,0,60,0,65,0,61,0,0,0,0,0,0,0,0,0,0,,Fontaine_Titouan,0,0,0,0,(),0,0,0.0,0,0,0.0,0,0,0,0,0,0,0,0,0,0,0,0,0,0,0,0
8449,Tsarenko,Kyrylo,Tsarenko K.,119,3801,0,0,0,ktsarenko,20001013,0.0,0.0,0,3.5,0.0,0.0,0,0,3,0,0,0,0,0,0,0,0,69,0,67,0,70,0,65,0,58,0,60,0,60,0,61,0,68,0,68,0,70,0,67,0,73,0,69,0,0,0,0,0,0,0,0,0,0,,Tsarenko_Kyrylo,0,0,0,0,(),0,0,0.0,0,0,0.0,0,0,0,0,0,0,0,5,0,0,0,2,0,0,0,0
8450,Brennan,Matthew,Brennan M.,14,1801,0,0,0,mbrennan,20050806,0.0,0.0,0,5.5,0.0,0.0,0,0,3,0,0,0,177,68,0,0,0,75,0,59,0,67,0,74,0,75,0,63,0,65,0,78,0,77,0,74,0,76,0,71,0,75,0,68,0,0,3,4,0,0,0,0,0,0,,Brennan_Matthew,0,0,0,0,(),0,0,0.0,0,0,0.0,0,0,0,0,0,0,0,12,0,0,0,0,0,1,0,0
8451,Høydahl,Jonas,Høydahl J.,214,3501,0,0,0,,20051219,0.0,0.0,0,4.0,0.0,0.0,0,0,3,0,0,0,0,0,0,0,0,66,0,64,0,65,0,70,0,62,0,62,0,61,0,58,0,63,0,62,0,61,0,61,0,66,0,62,0,0,0,0,0,0,0,0,0,0,,Hoydahl_Jonas,0,0,0,0,(),0,0,0.0,0,0,0.0,0,0,0,0,0,0,0,0,0,0,0,0,0,0,0,0
8453,Nordhagen,Jørgen,Nordhagen J.,14,3501,0,0,0,jnordhagen,20050110,0.0,0.0,0,5.0,0.0,0.0,0,0,3,0,0,0,177,59,0,0,0,69,0,76,0,77,0,70,0,63,0,71,0,68,0,63,0,68,0,72,0,69,0,69,0,75,0,60,0,0,4,3,0,0,0,0,0,0,,Nordhagen_Jorgen,0,0,0,0,(),0,0,0.0,0,0,0.0,0,0,0,0,0,0,0,0,0,0,0,0,0,0,0,0
8454,Pattinson,Tomos,Pattinson T.,205,1801,0,0,0,,20051017,0.0,0.0,0,4.0,0.0,0.0,0,0,3,0,0,0,0,0,0,0,0,68,0,64,0,69,0,70,0,63,0,66,0,67,0,66,0,67,0,65,0,64,0,65,0,70,0,63,0,0,0,0,0,0,0,0,0,0,,Pattinson_Tomos,0,0,0,0,(),0,0,0.0,0,0,0.0,0,0,0,0,0,0,0,0,0,0,0,0,0,0,0,0
8455,Schellekens,Tom,Schellekens T.,119,507,0,0,0,,20030305,0.0,0.0,0,3.5,0.0,0.0,0,0,3,0,0,0,0,0,0,0,0,64,0,61,0,60,0,72,0,65,0,57,0,59,0,62,0,66,0,60,0,58,0,57,0,67,0,73,0,0,0,0,0,0,0,0,0,0,,Schellekens_Tom,0,0,0,0,(),0,0,0.0,0,0,0.0,0,0,0,0,0,0,0,0,0,0,0,0,0,0,0,0
8456,Smithson,Jed,Smithson J.,135,1801,0,0,0,,20050819,0.0,0.0,0,3.5,0.0,0.0,0,0,3,0,0,0,0,0,0,0,0,67,0,59,0,63,0,71,0,66,0,61,0,63,0,70,0,70,0,64,0,66,0,65,0,67,0,66,0,0,0,0,0,0,0,0,0,0,,Smithson_Jed,0,0,0,0,(),0,0,0.0,0,0,0.0,0,0,0,0,0,0,0,0,0,0,0,0,0,0,0,0
8458,Cuylits,Mauro,Cuylits M.,209,402,0,0,0,,20050523,0.0,0.0,0,4.0,0.0,0.0,0,0,3,0,0,0,0,0,0,0,0,66,0,65,0,68,0,64,0,63,0,65,0,67,0,64,0,67,0,63,0,65,0,65,0,70,0,55,0,0,0,0,0,0,0,0,0,0,,Cuylits_Mauro,0,0,0,0,(),0,0,0.0,0,0,0.0,0,0,0,0,0,0,0,2,0,0,0,0,0,0,0,0
8459,De Ceuster,Milan,De Ceuster M.,215,402,0,0,0,,20051229,0.0,0.0,0,3.5,0.0,0.0,0,0,3,0,0,0,188,76,0,0,0,68,0,53,0,55,0,67,0,66,0,65,0,66,0,67,0,69,0,59,0,60,0,57,0,63,0,58,0,0,0,0,0,0,0,0,0,0,,De-Ceuster_Milan,0,0,0,0,(),0,0,0.0,0,0,0.0,0,0,0,0,0,0,0,0,0,0,0,0,0,0,0,0
8460,De Schuyteneer,Steffen,De Schuyteneer S.,9,402,0,0,0,sdeschuyteneer,20050224,0.0,0.0,0,4.5,0.0,0.0,0,0,3,0,0,0,183,73,0,0,0,72,0,57,0,62,0,70,0,69,0,67,0,67,0,75,0,73,0,68,0,69,0,64,0,69,0,73,0,0,0,0,0,0,0,0,0,0,,De-Schuyteneer_Steffen,0,0,0,0,(),0,0,0.0,0,0,0.0,0,0,0,0,0,0,0,2,0,0,0,0,0,0,0,0
8461,Donie,Milan,Donie M.,209,402,0,0,0,,20050103,0.0,0.0,0,5.0,0.0,0.0,0,0,3,0,0,0,0,0,0,0,0,65,0,71,0,71,0,69,0,62,0,60,0,60,0,57,0,65,0,65,0,63,0,64,0,70,0,69,0,0,0,0,0,0,0,0,0,0,,Donie_Milan,0,0,0,0,(),0,0,0.0,0,0,0.0,0,0,0,0,0,0,0,0,0,0,0,0,0,0,0,0
8462,Eeman,Kamiel,Eeman K.,209,402,0,0,0,,20050810,0.0,0.0,0,4.0,0.0,0.0,0,0,3,0,0,0,0,0,0,0,0,66,0,62,0,66,0,67,0,62,0,59,0,61,0,64,0,66,0,63,0,65,0,63,0,70,0,59,0,0,0,0,0,0,0,0,0,0,,Eeman_Kamiel,0,0,0,0,(),0,0,0.0,0,0,0.0,0,0,0,0,0,0,0,0,0,0,0,0,0,0,0,0
8463,Grisel,Matys,Grisel M.,9,319,0,0,0,mgrisel,20050714,0.0,0.0,0,4.5,0.0,0.0,0,0,3,0,0,0,0,0,0,0,0,70,0,58,0,63,0,72,0,68,0,63,0,63,0,75,0,74,0,68,0,69,0,65,0,69,0,70,0,0,0,0,0,0,0,0,0,0,,Grisel_Matys,0,0,0,0,(),0,0,0.0,0,0,0.0,0,0,0,0,0,0,0,0,0,0,0,0,0,0,0,0
8464,Poelvoorde,Tars,Poelvoorde T.,209,402,0,0,0,,20051125,0.0,0.0,0,4.0,0.0,0.0,0,0,3,0,0,0,0,0,0,0,0,69,0,56,0,60,0,69,0,67,0,61,0,60,0,63,0,65,0,63,0,61,0,59,0,64,0,62,0,0,0,0,0,0,0,0,0,0,,Poelvoorde_Tars,0,0,0,0,(),0,0,0.0,0,0,0.0,0,0,0,0,0,0,0,0,0,0,0,0,0,0,0,0
8465,Van Bylen,Liam,Van Bylen L.,203,402,0,0,0,,20050227,0.0,0.0,0,4.0,0.0,0.0,0,0,3,0,0,0,0,0,0,0,0,69,0,56,0,61,0,67,0,66,0,60,0,62,0,69,0,70,0,62,0,63,0,62,0,63,0,60,0,0,0,0,0,0,0,0,0,0,,Van-Bylen_Liam,0,0,0,0,(),0,0,0.0,0,0,0.0,0,0,0,0,0,0,0,0,0,0,0,0,0,0,0,0
8466,Vaneeckhoutte,Victor,Vaneeckhoutte V.,209,402,0,0,0,,20051228,0.0,0.0,0,3.5,0.0,0.0,0,0,3,0,0,0,0,0,0,0,0,68,0,61,0,63,0,65,0,65,0,63,0,63,0,63,0,65,0,62,0,60,0,59,0,66,0,71,0,0,0,0,0,0,0,0,0,0,,Vaneeckhoutte_Victor,0,0,0,0,(),0,0,0.0,0,0,0.0,0,0,0,0,0,0,0,0,0,0,0,0,0,0,0,0
8467,Vuerinckx,Thomas,Vuerinckx T.,119,402,0,0,0,,20051114,0.0,0.0,0,3.0,0.0,0.0,0,0,3,0,0,0,0,0,0,0,0,65,0,54,0,55,0,65,0,62,0,57,0,57,0,66,0,66,0,57,0,54,0,53,0,60,0,66,0,0,0,0,0,0,0,0,0,0,,Vuerinckx_Thomas,0,0,0,0,(),0,0,0.0,0,0,0.0,0,0,0,0,0,0,0,0,0,0,0,0,0,0,0,0
8468,Widar,Jarno,Widar J.,9,402,0,0,0,jwidar,20051113,0.0,0.0,0,5.5,0.0,0.0,0,0,3,0,0,0,166,52,0,0,0,67,0,75,0,75,0,71,0,64,0,61,0,61,0,64,0,73,0,67,0,69,0,66,0,75,0,71,0,0,2,4,0,0,0,0,0,0,,Widar_Jarno,0,0,0,0,"(87,15,173)",0,0,0.0,0,0,0.0,0,0,0,0,0,0,0,0,0,0,0,0,0,0,0,0
8469,Yakovlev,Daniil,Yakovlev D.,119,3801,0,0,0,,20050613,0.0,0.0,0,3.0,0.0,0.0,0,0,3,0,0,0,0,0,0,0,0,64,0,61,0,61,0,64,0,60,0,57,0,57,0,59,0,64,0,57,0,53,0,57,0,62,0,61,0,0,0,0,0,0,0,0,0,0,,Yakovlev_Daniil,0,0,0,0,(),0,0,0.0,0,0,0.0,0,0,0,0,0,0,0,0,0,0,0,0,0,0,0,0
8470,Faingezicht,Emry,Faingezicht E.,242,7001,0,0,0,,20030211,0.0,0.0,0,3.5,0.0,0.0,0,0,3,0,0,0,0,0,0,0,0,64,0,62,0,62,0,69,0,56,0,53,0,57,0,56,0,56,0,60,0,61,0,53,0,65,0,66,0,0,0,0,0,0,0,0,0,0,,Faingezicht_Emry,0,0,0,0,(),0,0,0.0,0,0,0.0,0,0,0,0,0,0,0,0,0,0,0,0,0,0,0,0
8471,Peretz,Matar,Peretz M.,242,7001,0,0,0,,20051006,0.0,0.0,0,3.0,0.0,0.0,0,0,3,0,0,0,0,0,0,0,0,63,0,61,0,63,0,66,0,54,0,54,0,56,0,60,0,59,0,58,0,60,0,54,0,65,0,72,0,0,0,0,0,0,0,0,0,0,,Peretz_Matar,0,0,0,0,(),0,0,0.0,0,0,0.0,0,0,0,0,0,0,0,0,0,0,0,0,0,0,0,0
8472,Tahar,Guy,Tahar G.,119,7001,0,0,0,,20041101,0.0,0.0,0,3.0,0.0,0.0,0,0,3,0,0,0,0,0,0,0,0,63,0,55,0,55,0,68,0,60,0,60,0,61,0,60,0,63,0,57,0,55,0,58,0,57,0,73,0,0,0,0,0,0,0,0,0,0,,Tahar_Guy,0,0,0,0,(),0,0,0.0,0,0,0.0,0,0,0,0,0,0,0,0,0,0,0,0,0,0,0,0
8473,Muore,Vigo,Muore V.,114,601,0,0,0,,20040508,0.0,0.0,0,3.5,0.0,0.0,0,0,3,0,0,0,0,0,0,0,0,72,0,58,0,62,0,65,0,63,0,67,0,66,0,65,0,65,0,66,0,65,0,61,0,68,0,70,0,0,0,0,0,0,0,0,0,0,,Moore_Vigo,0,0,0,0,(),0,0,0.0,0,0,0.0,0,0,0,0,0,0,0,0,0,0,0,0,0,0,0,0
8474,Valenti,Luke,Valenti L.,119,2201,0,0,0,,20040605,0.0,0.0,0,4.0,0.0,0.0,0,0,3,0,0,0,186,69,0,0,0,66,0,64,0,68,0,67,0,62,0,64,0,64,0,59,0,55,0,60,0,60,0,64,0,66,0,66,0,0,0,0,0,0,0,0,0,0,,Valenti_Luke,0,0,0,0,(),0,0,0.0,0,0,0.0,0,0,0,0,0,0,0,0,0,0,0,0,0,0,0,0
8475,Abmi,Elmar,Abmi E.,116,503,0,0,0,,20040426,0.0,0.0,0,3.5,0.0,0.0,0,0,3,0,0,0,0,0,0,0,0,70,0,54,0,56,0,67,0,67,0,65,0,65,0,63,0,63,0,62,0,64,0,60,0,61,0,68,0,0,0,0,0,0,0,0,0,0,,Abma_Elmar,0,0,0,0,(),0,0,0.0,0,0,0.0,0,0,0,0,0,0,0,0,0,0,0,0,0,0,0,0
8476,Buiter,Rindert,Buiter R.,119,512,0,0,0,,20030714,0.0,0.0,0,2.5,0.0,0.0,0,0,3,0,0,0,0,0,0,0,0,65,0,55,0,58,0,65,0,63,0,61,0,61,0,64,0,62,0,59,0,60,0,58,0,60,0,60,0,0,0,0,0,0,0,0,0,0,,Buiter_Rindert,0,0,0,0,(),0,0,0.0,0,0,0.0,0,0,0,0,0,0,0,0,0,0,0,0,0,0,0,0
8477,Gedeman,Sam,Gedeman S.,116,506,0,0,0,,20000802,0.0,0.0,0,3.0,0.0,0.0,0,0,3,0,0,0,0,0,0,0,0,68,0,56,0,58,0,72,0,67,0,62,0,60,0,61,0,61,0,61,0,61,0,63,0,61,0,64,0,0,0,0,0,0,0,0,0,0,,Gademan_Sam,0,0,0,0,(),0,0,0.0,0,0,0.0,0,0,0,0,0,0,0,0,0,0,0,0,0,0,0,0
8479,Hoornsman,Niek,Hoornsman N.,119,508,0,0,0,,20010914,0.0,0.0,0,3.0,0.0,0.0,0,0,3,0,0,0,0,0,0,0,0,67,0,58,0,61,0,75,0,67,0,63,0,63,0,62,0,65,0,60,0,60,0,63,0,65,0,70,0,0,0,0,0,0,0,0,0,0,,Hoornsman_Niek,0,0,0,0,(),0,0,0.0,0,0,0.0,0,0,0,0,0,0,0,0,0,0,0,0,0,0,0,0
8480,Klaver,Jente,Klaver J.,119,503,0,0,0,,20030807,0.0,0.0,0,2.0,0.0,0.0,0,0,3,0,0,0,0,0,0,0,0,66,0,56,0,55,0,67,0,61,0,61,0,61,0,61,0,60,0,60,0,59,0,58,0,59,0,69,0,0,0,0,0,0,0,0,0,0,,Klaver_Jente,0,0,0,0,(),0,0,0.0,0,0,0.0,0,0,0,0,0,0,0,0,0,0,0,0,0,0,0,0
8481,Kroonen,Max,Kroonen M.,158,512,0,0,0,mkroonen,20000823,0.0,0.0,0,3.0,0.0,0.0,0,0,3,0,0,0,187,79,0,0,0,69,0,53,0,56,0,60,0,66,0,63,0,63,0,66,0,68,0,64,0,65,0,63,0,62,0,71,0,0,0,0,0,0,0,0,0,0,,Kroonen_Max,0,0,0,0,(),0,0,0.0,0,0,0.0,0,0,0,0,0,0,0,0,0,0,0,0,0,0,0,0
8482,Omloop,Mats,Omloop M.,119,402,0,0,0,,20021014,0.0,0.0,0,3.0,0.0,0.0,0,0,3,0,0,0,181,70,0,0,0,66,0,59,0,61,0,68,0,63,0,60,0,59,0,67,0,66,0,61,0,63,0,60,0,64,0,68,0,0,0,0,0,0,0,0,0,0,,Omloop_Mats,0,0,0,0,(),0,0,0.0,0,0,0.0,0,0,0,0,0,0,0,0,0,0,0,0,0,0,0,0
8484,vin Herwaarden,Thom,vin Herwaarden T.,116,507,0,0,0,,20050612,0.0,0.0,0,3.0,0.0,0.0,0,0,3,0,0,0,0,0,0,0,0,63,0,60,0,60,0,61,0,60,0,61,0,60,0,57,0,62,0,57,0,56,0,56,0,62,0,61,0,0,0,0,0,0,0,0,0,0,,Van-Herwaarden_Thom,0,0,0,0,(),0,0,0.0,0,0,0.0,0,0,0,0,0,0,0,0,0,0,0,0,0,0,0,0
8485,Oosterlinck,Joes,Oosterlinck J.,59,402,0,0,0,,20030522,0.0,0.0,0,3.5,0.0,0.0,0,0,3,0,0,0,0,0,0,0,0,70,0,55,0,58,0,68,0,68,0,60,0,62,0,70,0,71,0,63,0,65,0,65,0,65,0,64,0,0,0,0,0,0,0,0,0,0,,Oosterlinck_Joes,0,0,0,0,(),0,0,0.0,0,0,0.0,0,0,0,0,0,0,0,0,0,0,0,0,0,0,0,0
8486,Crabbe,Tom,Crabbe T.,69,402,0,0,0,tcrabbe,20050602,0.0,0.0,0,4.0,0.0,0.0,0,0,3,0,0,0,179,70,0,0,0,71,0,57,0,60,0,67,0,65,0,60,0,62,0,76,0,75,0,68,0,70,0,68,0,72,0,57,0,0,0,0,0,0,0,0,0,0,,Crabbe_Tom,0,0,0,0,(),0,0,0.0,0,0,0.0,0,0,0,0,0,0,0,0,0,0,0,0,0,0,0,0
8487,Avondts,Mathis,Avondts M.,146,402,0,0,0,,20030615,0.0,0.0,0,4.0,0.0,0.0,0,0,3,0,0,0,173,62,0,0,0,70,0,56,0,61,0,71,0,68,0,61,0,62,0,71,0,71,0,65,0,64,0,63,0,67,0,64,0,0,0,0,0,0,0,0,0,0,,Avondts_Mathis,0,0,0,0,(),0,0,0.0,0,0,0.0,0,0,0,0,0,0,0,0,0,0,0,0,0,0,0,0
8488,Dorenbos,Yanne,Dorenbos Y.,146,508,0,0,0,,20000915,0.0,0.0,0,2.5,0.0,0.0,0,0,3,0,0,0,0,0,0,0,0,68,0,54,0,57,0,65,0,63,0,56,0,57,0,66,0,69,0,60,0,60,0,58,0,61,0,58,0,0,0,0,0,0,0,0,0,0,,Dorenbos_Yanne,0,0,0,0,(),0,0,0.0,0,0,0.0,0,0,0,0,0,0,0,0,0,0,0,0,0,0,0,0
8489,Koning,Stef,Koning S.,146,508,0,0,0,,20040318,0.0,0.0,0,3.0,0.0,0.0,0,0,3,0,0,0,0,0,0,0,0,65,0,61,0,62,0,67,0,60,0,58,0,58,0,58,0,63,0,62,0,59,0,60,0,65,0,66,0,0,0,0,0,0,0,0,0,0,,Koning_Stef,0,0,0,0,(),0,0,0.0,0,0,0.0,0,0,0,0,0,0,0,0,0,0,0,0,0,0,0,0
8490,Krijnsen,Jelte,Krijnsen J.,20,503,0,0,0,jkrijnsen,20010512,0.0,0.0,0,3.5,0.0,0.0,0,0,3,0,0,0,184,73,0,0,0,72,0,62,0,67,0,67,0,69,0,57,0,59,0,69,0,69,0,67,0,65,0,67,0,71,0,70,0,0,0,0,0,0,0,0,0,0,,Krijnsen_Jelte,0,0,0,0,(),0,0,0.0,0,0,0.0,0,0,0,0,0,0,0,4,0,0,0,0,1,1,0,0
8491,Oosterveld,Steijn,Oosterveld S.,146,505,0,0,0,,20051106,0.0,0.0,0,3.0,0.0,0.0,0,0,3,0,0,0,0,0,0,0,0,64,0,55,0,57,0,62,0,63,0,61,0,61,0,60,0,63,0,58,0,58,0,57,0,60,0,59,0,0,0,0,0,0,0,0,0,0,,Oosterveld_Steijn,0,0,0,0,(),0,0,0.0,0,0,0.0,0,0,0,0,0,0,0,0,0,0,0,0,0,0,0,0
8492,Voogt,Niek,Voogt N.,146,508,0,0,0,,20010115,0.0,0.0,0,3.0,0.0,0.0,0,0,3,0,0,0,0,0,0,0,0,66,0,63,0,64,0,67,0,60,0,58,0,58,0,65,0,66,0,61,0,61,0,62,0,66,0,60,0,0,0,0,0,0,0,0,0,0,,Voogt_Niek,0,0,0,0,(),0,0,0.0,0,0,0.0,0,0,0,0,0,0,0,0,0,0,0,0,0,0,0,0
8493,Kitzki,Louis,Kitzki L.,119,715,0,0,0,,20040120,0.0,0.0,0,4.0,0.0,0.0,0,0,3,0,0,0,0,0,0,0,0,64,0,60,0,60,0,61,0,52,0,60,0,61,0,59,0,55,0,57,0,57,0,54,0,62,0,64,0,0,0,0,0,0,0,0,0,0,,Kitzki_Louis,0,0,0,0,(),0,0,0.0,0,0,0.0,0,0,0,0,0,0,0,0,0,0,0,0,0,0,0,0
8494,van den Eijnden,Guus,van den Eijnden G.,237,509,0,0,0,,20051003,0.0,0.0,0,4.5,0.0,0.0,0,0,3,0,0,0,178,63,0,0,0,68,0,60,0,65,0,70,0,69,0,61,0,62,0,64,0,68,0,63,0,63,0,59,0,70,0,59,0,0,0,0,0,0,0,0,0,0,,Van-den-Eijnden_Guus,0,0,0,0,(),0,0,0.0,0,0,0.0,0,0,0,0,0,0,0,0,0,0,0,0,0,0,0,0
8495,Kamp,Ryan,Kamp R.,119,507,0,0,0,,20001212,0.0,0.0,0,3.0,0.0,0.0,0,0,3,0,0,0,178,69,0,0,0,69,0,57,0,60,0,71,0,66,0,60,0,65,0,68,0,69,0,63,0,65,0,63,0,65,0,60,0,0,0,0,0,0,0,0,0,0,,Kamp_Ryan,0,0,0,0,(),0,0,0.0,0,0,0.0,0,0,0,0,0,0,0,0,0,0,0,0,0,0,0,0
8496,Coppens,Michiel,Coppens M.,158,402,0,0,0,mcoppens,20021217,0.0,0.0,0,4.0,0.0,0.0,0,0,3,0,0,0,183,75,0,0,0,72,0,57,0,62,0,66,0,69,0,64,0,66,0,66,0,65,0,65,0,67,0,63,0,67,0,74,0,0,0,0,0,0,0,0,0,0,,Coppens_Michiel,0,0,0,0,(),0,0,0.0,0,0,0.0,0,0,0,0,0,0,0,0,0,0,0,0,0,0,0,0
8497,Eising,Tijmen,Eising T.,158,509,0,0,0,teising,19910327,0.0,0.0,0,3.0,0.0,0.0,0,0,3,0,0,0,198,80,0,0,0,70,0,55,0,58,0,70,0,67,0,60,0,62,0,64,0,67,0,66,0,67,0,63,0,65,0,72,0,0,0,0,0,0,0,0,0,0,,Eising_Tijmen,0,0,0,0,(),0,0,0.0,0,0,0.0,0,0,0,0,0,0,0,0,0,0,0,0,0,0,0,0
8498,Puardekooper,Thijmen,Puardekooper T.,116,509,0,0,0,,20041224,0.0,0.0,0,3.0,0.0,0.0,0,0,3,0,0,0,0,0,0,0,0,63,0,57,0,59,0,65,0,63,0,62,0,62,0,59,0,56,0,57,0,58,0,60,0,62,0,74,0,0,0,0,0,0,0,0,0,0,,Paardekooper_Thijmen,0,0,0,0,(),0,0,0.0,0,0,0.0,0,0,0,0,0,0,0,0,0,0,0,0,0,0,0,0
8499,van Krimpen,Jeroen,van Krimpen J.,119,510,0,0,0,jvankrimpen,19990302,0.0,0.0,0,2.5,0.0,0.0,0,0,3,0,0,0,0,0,0,0,0,65,0,61,0,63,0,68,0,64,0,60,0,60,0,65,0,67,0,64,0,62,0,63,0,66,0,68,0,0,0,0,0,0,0,0,0,0,,Van-Krimpen_Jeroen,0,0,0,0,(),0,0,0.0,0,0,0.0,0,0,0,0,0,0,0,0,0,0,0,0,0,0,0,0
8500,van Sintmaartensdijk,Daan,van Sintmaartensdijk D.,158,509,0,0,0,dvansintmaartensdijk,19980611,0.0,0.0,0,3.5,0.0,0.0,0,0,3,0,0,0,190,77,0,0,0,69,0,55,0,58,0,67,0,67,0,63,0,64,0,69,0,69,0,64,0,65,0,63,0,63,0,63,0,0,0,0,0,0,0,0,0,0,,Van-Sintmaartensdijk_Daan,0,0,0,0,(),0,0,0.0,0,0,0.0,0,0,0,0,0,0,0,0,0,0,0,0,0,0,0,0
8501,Krogh Jensen,Andreas,Krogh Jensen A.,119,1001,0,0,0,akroghjensen,20050226,0.0,0.0,0,4.0,0.0,0.0,0,0,3,0,0,0,0,0,0,0,0,66,0,56,0,60,0,65,0,61,0,61,0,61,0,61,0,60,0,60,0,59,0,58,0,64,0,67,0,0,0,0,0,0,0,0,0,0,,Krogh-Jensen_Andreas,0,0,0,0,(),0,0,0.0,0,0,0.0,0,0,0,0,0,0,0,0,0,0,0,0,0,0,0,0
8502,Schebye,Jacob,Schebye J.,119,1001,0,0,0,jschebye,20000823,0.0,0.0,0,3.0,0.0,0.0,0,0,3,0,0,0,0,0,0,0,0,62,0,65,0,65,0,68,0,60,0,57,0,55,0,55,0,61,0,61,0,57,0,55,0,64,0,59,0,0,0,0,0,0,0,0,0,0,,Schebye_Jacob,0,0,0,0,(),0,0,0.0,0,0,0.0,0,0,0,0,0,0,0,0,0,0,0,0,0,0,0,0
8503,Szokody,Martin,Szokody M.,119,1001,0,0,0,mszokody,19990404,0.0,0.0,0,3.0,0.0,0.0,0,0,3,0,0,0,0,0,0,0,0,67,0,55,0,55,0,69,0,60,0,58,0,59,0,59,0,67,0,60,0,60,0,59,0,59,0,72,0,0,0,0,0,0,0,0,0,0,,Szokody_Martin,0,0,0,0,(),0,0,0.0,0,0,0.0,0,0,0,0,0,0,0,0,0,0,0,0,0,0,0,0
8504,Biehl,Kevin,Biehl K.,119,1001,0,0,0,,20040108,0.0,0.0,0,3.0,0.0,0.0,0,0,3,0,0,0,0,0,0,0,0,62,0,66,0,67,0,63,0,60,0,59,0,59,0,55,0,58,0,61,0,59,0,60,0,65,0,64,0,0,0,0,0,0,0,0,0,0,,Biehl_Kevin,0,0,0,0,(),0,0,0.0,0,0,0.0,0,0,0,0,0,0,0,0,0,0,0,0,0,0,0,0
8505,Øxenberg,Peter,Øxenberg P.,2,1003,0,0,0,poxenberg,20051023,0.0,0.0,0,4.5,0.0,0.0,0,0,3,0,0,0,191,69,0,0,0,67,0,69,0,70,0,70,0,64,0,67,0,66,0,63,0,66,0,63,0,65,0,65,0,67,0,68,0,0,0,0,0,0,0,0,0,0,,oxenberg_Peter,0,0,0,0,(),0,0,0.0,0,0,0.0,0,0,0,0,0,0,0,0,0,0,0,0,0,0,0,0
8507,Haugsted,Conrad,Haugsted C.,147,1001,0,0,0,chaugsted,20050113,0.0,0.0,0,3.0,0.0,0.0,0,0,3,0,0,0,0,0,0,0,0,66,0,58,0,60,0,68,0,62,0,62,0,62,0,63,0,63,0,61,0,61,0,60,0,65,0,74,0,0,0,0,0,0,0,0,0,0,,Haugsted_Conrad,0,0,0,0,(),0,0,0.0,0,0,0.0,0,0,0,0,0,0,0,0,0,0,0,0,0,0,0,0
8508,Køstir,Pelle,Køstir P.,164,1004,0,0,0,,20030425,0.0,0.0,0,3.0,0.0,0.0,0,0,3,0,0,0,188,72,0,0,0,68,0,56,0,57,0,65,0,64,0,59,0,59,0,60,0,63,0,62,0,62,0,60,0,63,0,69,0,0,0,0,0,0,0,0,0,0,,Koster_Pelle,0,0,0,0,(),0,0,0.0,0,0,0.0,0,0,0,0,0,0,0,0,0,0,0,0,0,0,0,0
8509,Troelsen,Tore,Troelsen T.,147,1001,0,0,0,ttroelsen,20050617,0.0,0.0,0,4.0,0.0,0.0,0,0,3,0,0,0,0,0,0,0,0,66,0,61,0,67,0,68,0,65,0,64,0,64,0,60,0,63,0,62,0,64,0,61,0,67,0,72,0,0,0,0,0,0,0,0,0,0,,Troelsen_Tore,0,0,0,0,(),0,0,0.0,0,0,0.0,0,0,0,0,0,0,0,0,0,0,0,0,0,0,0,0
8510,Fougner,Eivind Broholt,Fougner E.B.,107,3501,0,0,0,ebfougner,20030302,0.0,0.0,0,3.5,0.0,0.0,0,0,3,0,0,0,0,0,0,0,0,67,0,71,0,72,0,70,0,61,0,56,0,56,0,56,0,65,0,66,0,66,0,67,0,70,0,56,0,0,0,0,0,0,0,0,0,0,,Fougner_Eivind-Broholt,0,0,0,0,(),0,0,0.0,0,0,0.0,0,0,0,0,0,0,0,0,0,0,0,0,0,0,0,0
8511,Ingebrigtsen,Storm,Ingebrigtsen S.,99,3501,0,0,0,singebrigtsen,20050217,0.0,0.0,0,4.0,0.0,0.0,0,0,3,0,0,0,0,0,0,0,0,72,0,60,0,60,0,68,0,64,0,62,0,64,0,65,0,68,0,63,0,67,0,64,0,66,0,65,0,0,0,0,0,0,0,0,0,0,,Ingebrigtsen_Storm,0,0,0,0,(),0,0,0.0,0,0,0.0,0,0,0,0,0,0,0,1,0,0,0,0,0,0,0,0
8512,Sørbø,Magnus,Sørbø M.,119,3501,0,0,0,msorbo,20020321,0.0,0.0,0,3.0,0.0,0.0,0,0,3,0,0,0,0,0,0,0,0,68,0,56,0,60,0,67,0,64,0,60,0,60,0,66,0,67,0,63,0,64,0,65,0,63,0,74,0,0,0,0,0,0,0,0,0,0,,Sorbo_Magnus,0,0,0,0,(),0,0,0.0,0,0,0.0,0,0,0,0,0,0,0,0,0,0,0,0,0,0,0,0
8513,Sandstad,Halvor Utengen,Sandstad H.U.,150,3501,0,0,0,husandstad,20050123,0.0,0.0,0,3.5,0.0,0.0,0,0,3,0,0,0,0,0,0,0,0,68,0,60,0,63,0,68,0,63,0,62,0,64,0,62,0,62,0,58,0,60,0,60,0,66,0,71,0,0,0,0,0,0,0,0,0,0,,Sandstad_Halvor-Utengen,0,0,0,0,(),0,0,0.0,0,0,0.0,0,0,0,0,0,0,0,0,0,0,0,0,0,0,0,0
8514,Gojkovic,Nicolas,Gojkovic N.,119,4401,0,0,0,,20040626,0.0,0.0,0,3.0,0.0,0.0,0,0,3,0,0,0,180,68,0,0,0,63,0,60,0,60,0,61,0,60,0,58,0,56,0,60,0,60,0,58,0,58,0,55,0,62,0,60,0,0,0,0,0,0,0,0,128,0,,Gojkovic_Nicolas,0,0,0,0,(),0,0,0.0,0,0,0.0,0,0,0,0,0,0,0,2,0,0,0,0,0,0,0,0
8516,Skok,Anze,Skok A.,50,2801,0,0,0,askok,20000915,0.0,0.0,0,3.0,0.0,0.0,0,0,3,0,0,0,180,73,0,0,0,68,0,55,0,57,0,65,0,64,0,61,0,61,0,65,0,64,0,64,0,64,0,62,0,64,0,62,0,0,0,0,0,0,0,0,0,0,,Skok_Anze,0,0,0,0,(),0,0,0.0,0,0,0.0,0,0,0,0,0,0,0,0,0,0,0,0,0,0,0,0
8517,Skok,Marcel,Skok M.,50,2801,0,0,0,mskok,20050523,0.0,0.0,0,3.0,0.0,0.0,0,0,3,0,0,0,172,65,0,0,0,59,0,60,0,61,0,65,0,60,0,53,0,59,0,54,0,60,0,57,0,58,0,57,0,63,0,57,0,0,0,0,0,0,0,0,0,0,,Skok_Marcel,0,0,0,0,(),0,0,0.0,0,0,0.0,0,0,0,0,0,0,0,0,0,0,0,0,0,0,0,0
8518,Yilmaz,Ramazan,Yilmaz R.,119,7101,0,0,0,,20050124,0.0,0.0,0,3.0,0.0,0.0,0,0,3,0,0,0,174,65,0,0,0,66,0,56,0,58,0,68,0,60,0,57,0,59,0,67,0,67,0,61,0,63,0,63,0,62,0,64,0,0,0,0,0,0,0,0,0,0,,Yilmaz_Ramazan,0,0,0,0,(),0,0,0.0,0,0,0.0,0,0,0,0,0,0,0,0,0,0,0,0,0,0,0,0
8519,Kamada,Koki,Kamada K.,119,2101,0,0,0,,20040513,0.0,0.0,0,3.0,0.0,0.0,0,0,3,0,0,0,0,0,0,0,0,62,0,56,0,57,0,66,0,56,0,57,0,59,0,60,0,63,0,58,0,58,0,55,0,60,0,70,0,0,0,0,0,0,0,0,0,0,,Kamada_Koki,0,0,0,0,(),0,0,0.0,0,0,0.0,0,0,0,0,0,0,0,0,0,0,0,0,0,0,0,0
8520,Sato,Koryo,Sato K.,119,2101,0,0,0,,20050803,0.0,0.0,0,3.0,0.0,0.0,0,0,3,0,0,0,0,0,0,0,0,60,0,60,0,61,0,60,0,53,0,55,0,57,0,53,0,60,0,55,0,53,0,56,0,63,0,63,0,0,0,0,0,0,0,0,0,0,,Sato_Koryo,0,0,0,0,(),0,0,0.0,0,0,0.0,0,0,0,0,0,0,0,0,0,0,0,0,0,0,0,0
8521,Romers,Boris,Romers B.,119,501,0,0,0,,20021119,0.0,0.0,0,3.0,0.0,0.0,0,0,3,0,0,0,0,0,0,0,0,66,0,57,0,60,0,67,0,65,0,65,0,65,0,65,0,66,0,64,0,63,0,60,0,63,0,67,0,0,0,0,0,0,0,0,0,0,,Romers_Boris,0,0,0,0,(),0,0,0.0,0,0,0.0,0,0,0,0,0,0,0,0,0,0,0,0,0,0,0,0
8522,Tijssen,Viego,Tijssen V.,119,501,0,0,0,,20050405,0.0,0.0,0,4.0,0.0,0.0,0,0,3,0,0,0,0,0,0,0,0,63,0,62,0,64,0,65,0,61,0,60,0,61,0,60,0,60,0,61,0,60,0,60,0,65,0,73,0,0,0,0,0,0,0,0,0,0,,Tijssen_Viego,0,0,0,0,(),0,0,0.0,0,0,0.0,0,0,0,0,0,0,0,0,0,0,0,0,0,0,0,0
8523,Virgouw,Julian,Virgouw J.,140,508,0,0,0,,20050928,0.0,0.0,0,3.5,0.0,0.0,0,0,3,0,0,0,0,0,0,0,0,61,0,60,0,60,0,65,0,50,0,53,0,59,0,57,0,64,0,57,0,57,0,55,0,64,0,74,0,0,0,0,0,0,0,0,0,0,,Vergouw_Julian,0,0,0,0,(),0,0,0.0,0,0,0.0,0,0,0,0,0,0,0,0,0,0,0,0,0,0,0,0
8524,Hiyma,Karst,Hiyma K.,140,501,0,0,0,,20051016,0.0,0.0,0,3.0,0.0,0.0,0,0,3,0,0,0,0,0,0,0,0,62,0,61,0,60,0,61,0,59,0,56,0,58,0,52,0,59,0,57,0,55,0,53,0,63,0,63,0,0,0,0,0,0,0,0,0,0,,Hayma_Karst,0,0,0,0,(),0,0,0.0,0,0,0.0,0,0,0,0,0,0,0,0,0,0,0,0,0,0,0,0
8525,Huiting,Eskil,Huiting E.,119,501,0,0,0,,20030805,0.0,0.0,0,2.0,0.0,0.0,0,0,3,0,0,0,0,0,0,0,0,66,0,55,0,56,0,65,0,63,0,60,0,59,0,61,0,60,0,60,0,61,0,59,0,60,0,65,0,0,0,0,0,0,0,0,0,0,,Huiting_Eskil,0,0,0,0,(),0,0,0.0,0,0,0.0,0,0,0,0,0,0,0,0,0,0,0,0,0,0,0,0
8526,Mouris,Wessel,Mouris W.,107,501,0,0,0,wmouris,20021230,0.0,0.0,0,4.0,0.0,0.0,0,0,3,0,0,0,0,0,0,0,0,74,0,61,0,66,0,68,0,69,0,69,0,69,0,64,0,66,0,67,0,67,0,65,0,70,0,72,0,0,0,0,0,0,0,0,0,0,,Mouris_Wessel,0,0,0,0,(),0,0,0.0,0,0,0.0,0,0,0,0,0,0,0,0,0,0,0,0,0,0,0,0
8527,van der Woude,Casper,van der Woude C.,119,510,0,0,0,,20000517,0.0,0.0,0,3.5,0.0,0.0,0,0,3,0,0,0,0,0,0,0,0,70,0,56,0,60,0,65,0,64,0,63,0,63,0,65,0,67,0,66,0,64,0,66,0,64,0,74,0,0,0,0,0,0,0,0,0,0,,Van-der-Woude_Casper,0,0,0,0,(),0,0,0.0,0,0,0.0,0,0,0,0,0,0,0,0,0,0,0,0,0,0,0,0
8528,Fratczak,Radoslaw,Fratczak R.,119,3001,0,0,0,,20020918,0.0,0.0,0,3.5,0.0,0.0,0,0,3,0,0,0,178,70,0,0,0,67,0,55,0,59,0,70,0,61,0,57,0,59,0,69,0,71,0,61,0,62,0,60,0,64,0,58,0,0,0,0,0,0,0,0,0,0,,Fratczak_Radoslaw,0,0,0,0,(),0,0,0.0,0,0,0.0,0,0,0,0,0,0,0,0,0,0,0,0,0,0,0,0
8529,Maslak,Piotr,Maslak P.,162,3001,0,0,0,,20031215,0.0,0.0,0,3.0,0.0,0.0,0,0,3,0,0,0,181,73,0,0,0,66,0,56,0,57,0,65,0,57,0,56,0,56,0,66,0,66,0,60,0,62,0,60,0,61,0,70,0,0,0,0,0,0,0,0,0,0,,Maslak_Piotr,0,0,0,0,(),0,0,0.0,0,0,0.0,0,0,0,0,0,0,0,0,0,0,0,0,0,0,0,0
8530,Olszar,Antoni,Olszar A.,119,3001,0,0,0,,20010918,0.0,0.0,0,2.5,0.0,0.0,0,0,3,0,0,0,0,0,0,0,0,64,0,60,0,60,0,65,0,58,0,59,0,58,0,61,0,59,0,59,0,60,0,60,0,63,0,56,0,0,0,0,0,0,0,0,0,0,,Olszar_Antoni,0,0,0,0,(),0,0,0.0,0,0,0.0,0,0,0,0,0,0,0,0,0,0,0,0,0,0,0,0
8532,Wisniowski,Maksymilian,Wisniowski M.,119,3001,0,0,0,,20040713,0.0,0.0,0,2.0,0.0,0.0,0,0,3,0,0,0,0,0,0,0,0,61,0,55,0,58,0,70,0,63,0,58,0,60,0,59,0,66,0,55,0,56,0,59,0,61,0,69,0,0,0,0,0,0,0,0,0,0,,Wisniowski_Maksymilian,0,0,0,0,(),0,0,0.0,0,0,0.0,0,0,0,0,0,0,0,0,0,0,0,0,0,0,0,0
8535,Kabas,Maximilian,Kabas M.,119,3701,0,0,0,,20010802,0.0,0.0,0,3.5,0.0,0.0,0,0,3,0,0,0,178,60,0,0,0,65,0,67,0,67,0,68,0,59,0,64,0,64,0,58,0,60,0,64,0,62,0,63,0,66,0,75,0,0,0,0,0,0,0,0,0,0,,Kabas_Maximilian,0,0,0,0,(),0,0,0.0,0,0,0.0,0,0,0,0,0,0,0,0,0,0,0,0,0,0,0,0
8537,Giraudo,Giulio,Giraudo G.,119,201,0,0,0,,20050225,0.0,0.0,0,2.0,0.0,0.0,0,0,3,0,0,0,0,0,0,0,0,58,0,60,0,62,0,69,0,52,0,56,0,58,0,56,0,57,0,56,0,55,0,53,0,62,0,62,0,0,0,0,0,0,0,0,0,0,,Giraudo_Giulio,0,0,0,0,(),0,0,0.0,0,0,0.0,0,0,0,0,0,0,0,0,0,0,0,0,0,0,0,0
8539,Kamberaj,Valentino,Kamberaj V.,119,9701,0,0,0,,20050511,0.0,0.0,0,2.5,0.0,0.0,0,0,3,0,0,0,0,0,0,0,0,60,0,59,0,60,0,60,0,53,0,56,0,58,0,59,0,59,0,54,0,55,0,53,0,60,0,59,0,0,0,0,0,0,0,0,0,0,,Kamberaj_Valentino,0,0,0,0,(),0,0,0.0,0,0,0.0,0,0,0,0,0,0,0,0,0,0,0,0,0,0,0,0
8540,Quintavalla,Filippo,Quintavalla F.,119,201,0,0,0,,20050202,0.0,0.0,0,2.0,0.0,0.0,0,0,3,0,0,0,0,0,0,0,0,57,0,60,0,61,0,63,0,58,0,53,0,58,0,53,0,55,0,53,0,56,0,57,0,63,0,59,0,0,0,0,0,0,0,0,0,0,,Quintavalla_Filippo,0,0,0,0,(),0,0,0.0,0,0,0.0,0,0,0,0,0,0,0,0,0,0,0,0,0,0,0,0
8541,Scappini,Samuele,Scappini S.,119,201,0,0,0,,20050424,0.0,0.0,0,3.0,0.0,0.0,0,0,3,0,0,0,0,0,0,0,0,64,0,55,0,56,0,71,0,63,0,58,0,60,0,60,0,64,0,56,0,58,0,58,0,57,0,67,0,0,0,0,0,0,0,0,0,0,,Scappini_Samuele,0,0,0,0,(),0,0,0.0,0,0,0.0,0,0,0,0,0,0,0,0,0,0,0,0,0,0,0,0
8542,Bagatin,Christian,Bagatin C.,103,204,0,0,0,cbagatin,20020614,0.0,0.0,0,3.0,0.0,0.0,0,0,3,0,0,0,183,75,0,0,0,67,0,58,0,60,0,65,0,57,0,64,0,66,0,63,0,63,0,60,0,62,0,58,0,65,0,71,0,0,0,0,0,0,0,0,0,0,,Bagatin_Christian,0,0,0,0,(),0,0,0.0,0,0,0.0,0,0,0,0,0,0,0,0,0,0,0,0,0,0,0,0
8543,Cipollini,Edoardo,Cipollini E.,103,201,0,0,0,ecipollini,20050427,0.0,0.0,0,2.0,0.0,0.0,0,0,3,0,0,0,0,0,0,0,0,66,0,54,0,55,0,72,0,62,0,57,0,58,0,65,0,66,0,58,0,59,0,54,0,60,0,55,0,0,0,0,0,0,0,0,0,0,,Cipollini_Edoardo,0,0,0,0,(),0,0,0.0,0,0,0.0,0,0,0,0,0,0,0,0,0,0,0,0,0,0,0,0
8544,Fiorin,Matteo,Fiorin M.,119,204,0,0,0,,20050614,0.0,0.0,0,2.0,0.0,0.0,0,0,3,0,0,0,181,76,0,0,0,64,0,56,0,56,0,64,0,60,0,61,0,59,0,58,0,58,0,59,0,60,0,58,0,60,0,73,0,0,0,0,0,0,0,0,0,0,,Fiorin_Matteo,0,0,0,0,(),0,0,0.0,0,0,0.0,0,0,0,0,0,0,0,0,0,0,0,0,0,0,0,0
8546,Monister,Angelo,Monister A.,119,201,0,0,0,,20050520,0.0,0.0,0,1.5,0.0,0.0,0,0,3,0,0,0,170,62,0,0,0,64,0,55,0,57,0,64,0,58,0,56,0,59,0,65,0,64,0,54,0,55,0,56,0,59,0,69,0,0,0,0,0,0,0,0,0,0,,Monister_Angelo,0,0,0,0,(),0,0,0.0,0,0,0.0,0,0,0,0,0,0,0,0,0,0,0,0,0,0,0,0
8548,Valent,Márk,Valent M.,103,4001,0,0,0,mvalent,20040611,0.0,0.0,0,4.0,0.0,0.0,0,0,3,0,0,0,0,0,0,0,0,64,0,67,0,67,0,72,0,60,0,59,0,59,0,61,0,65,0,64,0,62,0,63,0,66,0,66,0,0,0,0,0,0,0,0,0,0,,Valent_Mark,0,0,0,0,(),0,0,0.0,0,0,0.0,0,0,0,0,0,0,0,0,0,0,0,0,0,0,0,0
8549,Visco,Leonardo,Visco L.,160,204,0,0,0,,20050730,0.0,0.0,0,3.0,0.0,0.0,0,0,3,0,0,0,0,0,0,0,0,65,0,63,0,66,0,65,0,59,0,58,0,58,0,65,0,67,0,63,0,64,0,63,0,67,0,70,0,0,0,0,0,0,0,0,0,0,,Vesco_Leonardo,0,0,0,0,(),0,0,0.0,0,0,0.0,0,0,0,0,0,0,0,0,0,0,0,0,0,0,0,0
8550,Bunder,Moritz,Bunder M.,152,701,0,0,0,,20051028,0.0,0.0,0,2.5,0.0,0.0,0,0,3,0,0,0,0,0,0,0,0,62,0,59,0,60,0,67,0,60,0,58,0,58,0,60,0,61,0,56,0,57,0,57,0,62,0,70,0,0,0,0,0,0,0,0,0,0,,Binder_Moritz,0,0,0,0,(),0,0,0.0,0,0,0.0,0,0,0,0,0,0,0,0,0,0,0,0,0,0,0,0
8551,Grozev,Gabriel,Grozev G.,119,5401,0,0,0,,20030504,0.0,0.0,0,3.0,0.0,0.0,0,0,3,0,0,0,170,61,0,0,0,63,0,61,0,62,0,65,0,60,0,59,0,60,0,63,0,62,0,62,0,62,0,62,0,65,0,60,0,0,0,0,0,0,0,0,0,0,,Grozev_Gabriel,0,0,0,0,(),0,0,0.0,0,0,0.0,0,0,0,0,0,0,0,0,0,0,0,0,0,0,0,0
8553,Kessler,Bruno,Kessler B.,225,701,0,0,0,,20050909,0.0,0.0,0,4.0,0.0,0.0,0,0,3,0,0,0,0,0,0,0,0,71,0,59,0,61,0,68,0,67,0,66,0,66,0,68,0,69,0,65,0,66,0,65,0,65,0,67,0,0,0,0,0,0,0,0,0,0,,Kessler_Bruno,0,0,0,0,(),0,0,0.0,0,0,0.0,0,0,0,0,0,0,0,0,0,0,0,0,0,0,0,0
8554,Müller,Nico,Müller N.,119,701,0,0,0,,20050903,0.0,0.0,0,1.5,0.0,0.0,0,0,3,0,0,0,0,0,0,0,0,63,0,56,0,55,0,60,0,61,0,61,0,59,0,61,0,65,0,55,0,55,0,60,0,59,0,66,0,0,0,0,0,0,0,0,0,0,,Muller_Nico,0,0,0,0,(),0,0,0.0,0,0,0.0,0,0,0,0,0,0,0,0,0,0,0,0,0,0,0,0
8555,John,Vincent,John V.,119,713,0,0,0,,20041213,0.0,0.0,0,3.5,0.0,0.0,0,0,3,0,0,0,183,65,0,0,0,68,0,64,0,65,0,68,0,61,0,62,0,62,0,63,0,66,0,65,0,64,0,65,0,67,0,75,0,0,0,0,0,0,0,0,0,0,,John_Vincent,0,0,0,0,(),0,0,0.0,0,0,0.0,0,0,0,0,0,0,0,0,0,0,0,0,0,0,0,0
8556,Barhoumi,Ilian Alexandre,Barhoumi I.A.,119,1702,0,0,0,,20050514,0.0,0.0,0,4.0,0.0,0.0,0,0,3,0,0,0,190,73,0,0,0,65,0,63,0,64,0,70,0,63,0,61,0,63,0,62,0,65,0,58,0,57,0,56,0,64,0,62,0,0,0,0,0,0,0,0,0,0,,Barhoumi_Ilian-Alexandre,0,0,0,0,(),0,0,0.0,0,0,0.0,0,0,0,0,0,0,0,0,0,0,0,0,0,0,0,0
8557,Bodet,Vincent,Bodet V.,207,314,0,0,0,,20050611,0.0,0.0,0,3.5,0.0,0.0,0,0,3,0,0,0,0,0,0,0,0,67,0,64,0,65,0,67,0,57,0,63,0,63,0,59,0,62,0,62,0,63,0,63,0,66,0,69,0,0,0,0,0,0,0,0,0,0,,Bodet_Vincent,0,0,0,0,(),0,0,0.0,0,0,0.0,0,0,0,0,0,0,0,0,0,0,0,0,0,0,0,0
8558,Bush,Jacob,Bush J.,215,1801,0,0,0,,20050602,0.0,0.0,0,3.0,0.0,0.0,0,0,3,0,0,0,172,58,0,0,0,64,0,63,0,64,0,75,0,65,0,65,0,66,0,60,0,62,0,60,0,61,0,57,0,64,0,65,0,0,0,0,0,0,0,0,0,0,,Bush_Jacob,0,0,0,0,(),0,0,0.0,0,0,0.0,0,0,0,0,0,0,0,0,0,0,0,0,0,0,0,0
8559,Durussen,Johan,Durussen J.,140,504,0,0,0,,20030809,0.0,0.0,0,3.5,0.0,0.0,0,0,3,0,0,0,178,74,0,0,0,69,0,54,0,58,0,69,0,64,0,58,0,60,0,67,0,67,0,62,0,64,0,58,0,62,0,64,0,0,0,0,0,0,0,0,0,0,,Dorussen_Johan,0,0,0,0,(),0,0,0.0,0,0,0.0,0,0,0,0,0,0,0,0,0,0,0,0,0,0,0,0
8560,Gel,Ryan,Gel R.,140,501,0,0,0,,20050307,0.0,0.0,0,4.0,0.0,0.0,0,0,3,0,0,0,0,0,0,0,0,68,0,68,0,70,0,65,0,61,0,65,0,65,0,58,0,55,0,65,0,63,0,65,0,70,0,67,0,0,0,0,0,0,0,0,0,0,,Gal_Ryan,0,0,0,0,(),0,0,0.0,0,0,0.0,0,0,0,0,0,0,0,0,0,0,0,0,0,0,0,0
8561,Peace,Oliver,Peace O.,15,1801,0,0,0,opeace,20050402,0.0,0.0,0,4.5,0.0,0.0,0,0,3,0,0,0,186,64,0,0,0,67,0,69,0,70,0,71,0,62,0,63,0,63,0,57,0,62,0,67,0,64,0,66,0,69,0,60,0,0,0,0,0,0,0,0,0,0,,Peace_Oliver,0,0,0,0,(),0,0,0.0,0,0,0.0,0,0,0,0,0,0,0,0,0,0,0,0,0,0,0,0
8562,Stoneham,Angus,Stoneham A.,119,1801,0,0,0,,20050223,0.0,0.0,0,3.5,0.0,0.0,0,0,3,0,0,0,178,67,0,0,0,63,0,60,0,61,0,67,0,61,0,59,0,58,0,57,0,56,0,57,0,57,0,59,0,63,0,61,0,0,0,0,0,0,0,0,0,0,,Stoneham_Angus,0,0,0,0,(),0,0,0.0,0,0,0.0,0,0,0,0,0,0,0,0,0,0,0,0,0,0,0,0
8563,van der Werff,Thom,van der Werff T.,215,501,0,0,0,,20050114,0.0,0.0,0,3.0,0.0,0.0,0,0,3,0,0,0,175,60,0,0,0,69,0,58,0,60,0,65,0,64,0,59,0,58,0,65,0,67,0,63,0,65,0,63,0,63,0,65,0,0,0,0,0,0,0,0,0,0,,Van-der-Werff_Thom,0,0,0,0,(),0,0,0.0,0,0,0.0,0,0,0,0,0,0,0,0,0,0,0,0,0,0,0,0
8564,Vlot,Mees,Vlot M.,215,512,0,0,0,,20050409,0.0,0.0,0,2.0,0.0,0.0,0,0,3,0,0,0,180,60,0,0,0,65,0,60,0,61,0,63,0,57,0,62,0,63,0,58,0,55,0,60,0,60,0,58,0,61,0,66,0,0,0,0,0,0,0,0,0,0,,Vlot_Mees,0,0,0,0,(),0,0,0.0,0,0,0.0,0,0,0,0,0,0,0,0,0,0,0,0,0,0,0,0
8565,Aguilera,Nil,Aguilera N.,119,801,0,0,0,,20040530,0.0,0.0,0,4.0,0.0,0.0,0,0,3,0,0,0,0,0,0,0,0,64,0,65,0,65,0,67,0,57,0,58,0,58,0,55,0,52,0,60,0,56,0,62,0,64,0,67,0,0,0,0,0,0,0,0,0,0,,Aguilera_Nil,0,0,0,0,(),0,0,0.0,0,0,0.0,0,0,0,0,0,0,0,0,0,0,0,0,0,0,0,0
8566,Yelyubayev,Ruslan,Yelyubayev R.,212,1301,0,0,0,,20020628,0.0,0.0,0,2.0,0.0,0.0,0,0,3,0,0,0,0,0,0,0,0,64,0,55,0,55,0,64,0,61,0,59,0,62,0,64,0,63,0,56,0,57,0,58,0,60,0,62,0,0,0,0,0,0,0,0,0,0,,Yelyubayev_Ruslan,0,0,0,0,(),0,0,0.0,0,0,0.0,0,0,0,0,0,0,0,0,0,0,0,0,0,0,0,0
8567,Fofonov,Artem,Fofonov A.,212,303,0,0,0,,20050108,0.0,0.0,0,3.5,0.0,0.0,0,0,3,0,0,0,0,0,0,0,0,61,0,60,0,60,0,69,0,57,0,54,0,55,0,56,0,55,0,57,0,58,0,56,0,63,0,61,0,0,0,0,0,0,0,0,0,0,,Fofonov_Artem,0,0,0,0,(),0,0,0.0,0,0,0.0,0,0,0,0,0,0,0,0,0,0,0,0,0,0,0,0
8568,Laptev,Savelii,Laptev S.,119,1501,0,0,0,,20040623,0.0,0.0,0,3.0,0.0,0.0,0,0,3,0,0,0,178,68,0,0,0,67,0,56,0,60,0,68,0,65,0,60,0,61,0,63,0,63,0,61,0,63,0,61,0,64,0,74,0,0,0,0,0,0,0,0,0,0,,Laptev_Savelii,0,0,0,0,(),0,0,0.0,0,0,0.0,0,0,0,0,0,0,0,0,0,0,0,0,0,0,0,0
8569,Negrente,Mattia,Negrente M.,212,201,0,0,0,,20050528,0.0,0.0,0,3.5,0.0,0.0,0,0,3,0,0,0,0,0,0,0,0,70,0,63,0,67,0,70,0,65,0,58,0,60,0,69,0,70,0,63,0,65,0,64,0,70,0,61,0,0,0,0,0,0,0,0,0,0,,Negrente_Mattia,0,0,0,0,(),0,0,0.0,0,0,0.0,0,0,0,0,0,0,0,0,0,0,0,0,0,0,0,0
8570,Reibsch,Jonas,Reibsch J.,119,701,0,0,0,,20050119,0.0,0.0,0,2.5,0.0,0.0,0,0,3,0,0,0,0,0,0,0,0,61,0,59,0,60,0,69,0,54,0,56,0,59,0,59,0,55,0,56,0,57,0,56,0,60,0,60,0,0,0,0,0,0,0,0,0,0,,Reibsch_Jonas,0,0,0,0,(),0,0,0.0,0,0,0.0,0,0,0,0,0,0,0,0,0,0,0,0,0,0,0,0
8571,Remkhe,Andrey,Remkhe A.,119,1301,0,0,0,,20030104,0.0,0.0,0,3.0,0.0,0.0,0,0,3,0,0,0,0,0,0,0,0,64,0,61,0,59,0,62,0,58,0,57,0,58,0,60,0,61,0,56,0,53,0,53,0,64,0,68,0,0,0,0,0,0,0,0,0,0,,Remkhe_Andrey,0,0,0,0,(),0,0,0.0,0,0,0.0,0,0,0,0,0,0,0,0,0,0,0,0,0,0,0,0
8572,Remkhi,Rudolf,Remkhi R.,119,1301,0,0,0,,20031005,0.0,0.0,0,4.0,0.0,0.0,0,0,3,0,0,0,170,60,0,0,0,65,0,66,0,68,0,69,0,59,0,62,0,62,0,60,0,59,0,65,0,63,0,65,0,68,0,55,0,0,0,0,0,0,0,0,0,0,,Remkhi_Rudolf,0,0,0,0,(),0,0,0.0,0,0,0.0,0,0,0,0,0,0,0,0,0,0,0,0,0,0,0,0
8573,Toneatti,Davide,Toneatti D.,12,201,0,0,0,dtoneatti,20010409,0.0,0.0,0,3.0,0.0,0.0,0,0,3,0,0,0,180,65,0,0,0,69,0,67,0,71,0,71,0,69,0,65,0,66,0,67,0,72,0,66,0,68,0,65,0,72,0,57,0,0,0,0,0,0,0,0,0,0,,Toneatti_Davide,0,0,0,0,(),0,0,0.0,0,0,0.0,0,0,0,0,0,0,0,0,0,0,0,0,1,1,0,0
8575,Walker,Max,Walker M.,5,1801,0,0,0,mwalker,20010712,0.0,0.0,0,3.5,0.0,0.0,0,0,3,0,0,0,0,0,0,0,0,72,0,61,0,64,0,68,0,67,0,71,0,73,0,66,0,68,0,66,0,67,0,67,0,67,0,71,0,0,0,0,0,0,0,0,0,0,,Walker_Max,0,0,0,0,(),0,0,0.0,0,0,0.0,0,0,0,0,0,0,0,1,0,0,0,1,1,1,0,0
8576,Zanini,Simone,Zanini S.,212,204,0,0,0,,20040326,0.0,0.0,0,3.5,0.0,0.0,0,0,3,0,0,0,0,0,0,0,0,67,0,68,0,69,0,66,0,63,0,59,0,61,0,63,0,62,0,63,0,62,0,64,0,67,0,59,0,0,0,0,0,0,0,0,0,0,,Zanini_Simone,0,0,0,0,(),0,0,0.0,0,0,0.0,0,0,0,0,0,0,0,0,0,0,0,0,0,0,0,0
8577,Lanhove,Milan,Lanhove M.,69,402,0,0,0,mlanhove,20031101,0.0,0.0,0,3.5,0.0,0.0,0,0,3,0,0,0,181,68,0,0,0,69,0,64,0,69,0,68,0,68,0,63,0,66,0,65,0,68,0,68,0,69,0,65,0,72,0,68,0,0,0,0,0,0,0,0,0,0,,Lanhove_Milan,0,0,0,0,(),0,0,0.0,0,0,0.0,0,0,0,0,0,0,0,0,0,0,0,0,0,0,0,0
8578,Nennen,Thomas,Nennen T.,119,401,0,0,0,,20040624,0.0,0.0,0,3.0,0.0,0.0,0,0,3,0,0,0,0,0,0,0,0,63,0,59,0,61,0,68,0,60,0,57,0,57,0,58,0,59,0,58,0,60,0,58,0,61,0,63,0,0,0,0,0,0,0,0,0,0,,Nennen_Thomas,0,0,0,0,(),0,0,0.0,0,0,0.0,0,0,0,0,0,0,0,0,0,0,0,0,0,0,0,0
8579,Borgo,Alessandro,Borgo A.,13,201,0,0,0,aborgo,20050206,0.0,0.0,0,4.5,0.0,0.0,0,0,3,0,0,0,0,0,0,0,0,72,0,63,0,66,0,70,0,70,0,65,0,65,0,69,0,70,0,67,0,67,0,65,0,69,0,74,0,0,0,0,0,0,0,0,0,0,,Borgo_Alessandro,0,0,0,0,(),0,0,0.0,0,0,0.0,0,0,0,0,0,0,0,0,0,0,0,0,0,0,0,0
8580,Capra,Thomas,Capra T.,213,205,0,0,0,,20050203,0.0,0.0,0,4.5,0.0,0.0,0,0,3,0,0,0,180,73,0,0,0,69,0,58,0,61,0,68,0,65,0,60,0,62,0,72,0,71,0,63,0,64,0,61,0,67,0,57,0,0,0,0,0,0,0,0,0,0,,Capra_Thomas,0,0,0,0,(),0,0,0.0,0,0,0.0,0,0,0,0,0,0,0,0,0,0,0,0,0,0,0,0
8581,Eržen,Žak,Eržen Ž.,13,2801,0,0,0,zerzen,20051019,0.0,0.0,0,4.5,0.0,0.0,0,0,3,0,0,0,0,0,0,0,0,73,0,60,0,64,0,67,0,70,0,62,0,65,0,73,0,73,0,67,0,69,0,64,0,68,0,68,0,0,0,0,0,0,0,0,0,0,,ErZen_Zak,0,0,0,0,(),0,0,0.0,0,0,0.0,0,0,0,0,0,0,0,0,0,0,0,0,0,0,0,0
8582,Mottes,Lorenzo,Mottes L.,119,201,0,0,0,,20050915,0.0,0.0,0,2.5,0.0,0.0,0,0,3,0,0,0,0,0,0,0,0,60,0,64,0,63,0,61,0,51,0,54,0,56,0,55,0,61,0,59,0,58,0,57,0,62,0,66,0,0,0,0,0,0,0,0,0,0,,Mottes_Lorenzo,0,0,0,0,(),0,0,0.0,0,0,0.0,0,0,0,0,0,0,0,0,0,0,0,0,0,0,0,0
8583,Surian,Alessio,Surian A.,119,201,0,0,0,,20020719,0.0,0.0,0,1.5,0.0,0.0,0,0,3,0,0,0,0,0,0,0,0,55,0,53,0,56,0,67,0,53,0,58,0,59,0,55,0,54,0,52,0,54,0,55,0,57,0,56,0,0,0,0,0,0,0,0,0,0,,Surian_Alessio,0,0,0,0,(),0,0,0.0,0,0,0.0,0,0,0,0,0,0,0,0,0,0,0,0,0,0,0,0
8584,Vijfvinkel,Mika,Vijfvinkel M.,119,501,0,0,0,,20050601,0.0,0.0,0,2.0,0.0,0.0,0,0,3,0,0,0,0,0,0,0,0,66,0,55,0,55,0,67,0,60,0,59,0,58,0,59,0,62,0,60,0,61,0,58,0,63,0,63,0,0,0,0,0,0,0,0,0,0,,Vijfvinkel_Mika,0,0,0,0,(),0,0,0.0,0,0,0.0,0,0,0,0,0,0,0,0,0,0,0,0,0,0,0,0
8585,Aebersold,Nils,Aebersold N.,119,1701,0,0,0,,20030215,0.0,0.0,0,3.5,0.0,0.0,0,0,3,0,0,0,0,0,0,0,0,64,0,64,0,63,0,73,0,62,0,57,0,60,0,59,0,65,0,57,0,57,0,56,0,64,0,66,0,0,0,0,0,0,0,0,0,0,,Aebersold_Nils,0,0,0,0,(),0,0,0.0,0,0,0.0,0,0,0,0,0,0,0,0,0,0,0,0,0,0,0,0
8586,Behrens,Niklas,Behrens N.,14,705,0,0,0,nbehrens,20031106,0.0,0.0,0,4.0,0.0,0.0,0,0,3,0,0,0,195,80,0,0,0,73,0,58,0,65,0,69,0,69,0,63,0,62,0,63,0,66,0,68,0,67,0,64,0,70,0,61,0,0,1,4,0,0,0,0,0,0,,Behrens_Niklas,0,0,0,0,(),0,0,0.0,0,0,0.0,0,0,0,0,0,0,0,0,0,0,0,0,0,1,0,0
8587,Egholm,Kristian,Egholm K.,211,1005,0,0,0,,20040316,0.0,0.0,0,3.0,0.0,0.0,0,0,3,0,0,0,0,0,0,0,0,68,0,55,0,60,0,67,0,64,0,65,0,66,0,60,0,62,0,58,0,60,0,58,0,64,0,72,0,0,0,0,0,0,0,0,0,0,,Egholm_Kristian,0,0,0,0,(),0,0,0.0,0,0,0.0,0,0,0,0,0,0,0,0,0,0,0,0,0,0,0,0
8588,Frydkjær,Patrick Boje,Frydkjær P.B.,211,1005,0,0,0,,20050319,0.0,0.0,0,4.5,0.0,0.0,0,0,3,0,0,0,0,0,0,0,0,67,0,58,0,63,0,67,0,63,0,63,0,63,0,62,0,64,0,58,0,58,0,60,0,65,0,61,0,0,0,0,0,0,0,0,0,0,,Frydkjaer_Patrick-Boje,0,0,0,0,(),0,0,0.0,0,0,0.0,0,0,0,0,0,0,0,0,0,0,0,0,0,0,0,0
8590,Leidert,Louis,Leidert L.,211,701,0,0,0,,20050516,0.0,0.0,0,4.5,0.0,0.0,0,0,3,0,0,0,0,0,0,0,0,66,0,64,0,65,0,69,0,62,0,64,0,64,0,62,0,60,0,63,0,62,0,65,0,66,0,69,0,0,0,0,0,0,0,0,0,0,,Leidert_Louis,0,0,0,0,(),0,0,0.0,0,0,0.0,0,0,0,0,0,0,0,0,0,0,0,0,0,0,0,0
8591,O'Brien,Liam,O'Brien L.,211,3101,0,0,0,,20050316,0.0,0.0,0,4.5,0.0,0.0,0,0,3,0,0,0,0,0,0,0,0,65,0,70,0,70,0,72,0,64,0,64,0,64,0,60,0,63,0,65,0,64,0,65,0,68,0,67,0,0,0,0,0,0,0,0,0,0,,Obrien_Liam,0,0,0,0,(),0,0,0.0,0,0,0.0,0,0,0,0,0,0,0,0,0,0,0,0,0,0,0,0
8592,Pedersen,Martin,Pedersen Ma.,211,1005,0,0,0,mpedersen,19980128,0.0,0.0,0,1.5,0.0,0.0,0,0,3,0,0,0,0,0,0,0,0,67,0,56,0,55,0,68,0,63,0,62,0,62,0,60,0,64,0,57,0,57,0,58,0,60,0,56,0,0,0,0,0,0,0,0,0,0,,Pedersen_Martin,0,0,0,0,(),0,0,0.0,0,0,0.0,0,0,0,0,0,0,0,5,0,1,1,0,0,1,0,0
8593,Söderqvist,Jakob,Söderqvist J.,11,3201,0,0,0,jsoderqvist,20030531,0.0,0.0,0,5.0,0.0,0.0,0,0,3,0,0,0,187,83,0,0,0,74,0,59,0,64,0,70,0,72,0,75,0,76,0,70,0,68,0,68,0,69,0,67,0,70,0,70,0,0,0,0,0,0,0,0,64,0,,Soderqvist_Jakob,0,0,0,0,(),0,0,0.0,0,0,0.0,0,0,0,0,0,0,0,3,0,0,0,0,0,0,0,0
8594,Dolven,Halvor,Dolven H.,209,3501,0,0,0,,20040413,0.0,0.0,0,4.5,0.0,0.0,0,0,3,0,0,0,183,74,0,0,0,73,0,60,0,64,0,67,0,68,0,65,0,65,0,70,0,68,0,65,0,66,0,65,0,69,0,73,0,0,0,0,0,0,0,0,0,0,,Dolven_Halvor,0,0,0,0,(),0,0,0.0,0,0,0.0,0,0,0,0,0,0,0,0,0,0,0,0,0,0,0,0
8595,Grimstad Uglehus,Mikal,Grimstad Uglehus M.,214,3501,0,0,0,,20050515,0.0,0.0,0,3.5,0.0,0.0,0,0,3,0,0,0,0,0,0,0,0,67,0,56,0,58,0,65,0,65,0,61,0,62,0,61,0,62,0,61,0,61,0,60,0,63,0,60,0,0,0,0,0,0,0,0,0,0,,Grimstad-Uglehus_Mikal,0,0,0,0,(),0,0,0.0,0,0,0.0,0,0,0,0,0,0,0,0,0,0,0,0,0,0,0,0
8596,Alari,Samuele,Alari S.,119,201,0,0,0,,20050311,0.0,0.0,0,3.5,0.0,0.0,0,0,3,0,0,0,174,60,0,0,0,60,0,63,0,63,0,64,0,55,0,59,0,59,0,60,0,61,0,60,0,60,0,60,0,64,0,62,0,0,0,0,0,0,0,0,0,0,,Alari_Samuele,0,0,0,0,(),0,0,0.0,0,0,0.0,0,0,0,0,0,0,0,0,0,0,0,0,0,0,0,0
8597,Benareau,Victor,Benareau V.,119,1702,0,0,0,,20050412,0.0,0.0,0,2.0,0.0,0.0,0,0,3,0,0,0,0,0,0,0,0,60,0,60,0,60,0,68,0,52,0,54,0,59,0,59,0,58,0,55,0,55,0,53,0,63,0,62,0,0,0,0,0,0,0,0,0,0,,Benareau_Victor,0,0,0,0,(),0,0,0.0,0,0,0.0,0,0,0,0,0,0,0,0,0,0,0,0,0,0,0,0
8598,Gross,Matteo,Gross M.,119,701,0,0,0,,20040210,0.0,0.0,0,2.5,0.0,0.0,0,0,3,0,0,0,183,67,0,0,0,59,0,65,0,64,0,67,0,53,0,56,0,57,0,51,0,58,0,56,0,56,0,56,0,64,0,56,0,0,0,0,0,0,0,0,0,0,,Gross_Matteo,0,0,0,0,(),0,0,0.0,0,0,0.0,0,0,0,0,0,0,0,0,0,0,0,0,0,0,0,0
8599,Holzer,Roman,Holzer R.,119,1701,0,0,0,,20030312,0.0,0.0,0,3.0,0.0,0.0,0,0,3,0,0,0,0,0,0,0,0,64,0,61,0,63,0,68,0,55,0,57,0,57,0,56,0,62,0,61,0,60,0,61,0,65,0,57,0,0,0,0,0,0,0,0,0,0,,Holzer_Roman,0,0,0,0,(),0,0,0.0,0,0,0.0,0,0,0,0,0,0,0,0,0,0,0,0,0,0,0,0
8600,Lykke,Frederik,Lykke F.,119,1001,0,0,0,,20040401,0.0,0.0,0,3.5,0.0,0.0,0,0,3,0,0,0,0,0,0,0,0,64,0,58,0,61,0,75,0,65,0,56,0,56,0,57,0,59,0,58,0,60,0,58,0,63,0,62,0,0,0,0,0,0,0,0,0,0,,Lykke_Frederik,0,0,0,0,(),0,0,0.0,0,0,0.0,0,0,0,0,0,0,0,0,0,0,0,0,0,0,0,0
8601,Mikutis,Aivaras,Mikutis A.,125,1401,0,0,0,amikutis,20020916,0.0,0.0,0,3.5,0.0,0.0,0,0,3,0,0,0,184,0,0,0,0,72,0,57,0,62,0,69,0,65,0,69,0,69,0,61,0,67,0,67,0,65,0,64,0,67,0,71,0,0,0,0,0,0,0,0,192,0,,Mikutis_Aivaras,0,0,0,0,(),0,0,0.0,0,0,0.0,0,0,0,0,0,0,0,4,0,0,0,0,0,1,0,0
8602,Barusseau,Mathéo,Barusseau M.,207,302,0,0,0,,20050430,0.0,0.0,0,3.0,0.0,0.0,0,0,3,0,0,0,0,0,0,0,0,63,0,60,0,62,0,66,0,60,0,61,0,61,0,60,0,62,0,57,0,56,0,57,0,64,0,69,0,0,0,0,0,0,0,0,0,0,,Barusseau_Matheo,0,0,0,0,(),0,0,0.0,0,0,0.0,0,0,0,0,0,0,0,0,0,0,0,0,0,0,0,0
8603,Charteau,Diego,Charteau D.,119,318,0,0,0,,20050711,0.0,0.0,0,1.5,0.0,0.0,0,0,3,0,0,0,0,0,0,0,0,59,0,60,0,61,0,68,0,56,0,53,0,58,0,60,0,64,0,54,0,54,0,57,0,62,0,72,0,0,0,0,0,0,0,0,0,0,,Charteau_Diego,0,0,0,0,(),0,0,0.0,0,0,0.0,0,0,0,0,0,0,0,0,0,0,0,0,0,0,0,0
8604,Floch Prigent,Tanguy,Floch Prigent T.,119,310,0,0,0,,20040903,0.0,0.0,0,3.0,0.0,0.0,0,0,3,0,0,0,0,0,0,0,0,62,0,57,0,56,0,60,0,58,0,62,0,62,0,55,0,50,0,57,0,56,0,55,0,59,0,73,0,0,0,0,0,0,0,0,0,0,,Floch-Prigent_Tanguy,0,0,0,0,(),0,0,0.0,0,0,0.0,0,0,0,0,0,0,0,0,0,0,0,0,0,0,0,0
8605,Guefveneu,Swann,Guefveneu S.,207,319,0,0,0,,20050630,0.0,0.0,0,3.0,0.0,0.0,0,0,3,0,0,0,0,0,0,0,0,62,0,61,0,61,0,64,0,57,0,57,0,56,0,58,0,62,0,58,0,55,0,57,0,64,0,72,0,0,0,0,0,0,0,0,0,0,,Guefveneu_Swann,0,0,0,0,(),0,0,0.0,0,0,0.0,0,0,0,0,0,0,0,0,0,0,0,0,0,0,0,0
8606,Lagrave,Dorian,Lagrave D.,207,314,0,0,0,,20040820,0.0,0.0,0,2.5,0.0,0.0,0,0,3,0,0,0,0,0,0,0,0,63,0,56,0,56,0,67,0,61,0,60,0,58,0,60,0,66,0,58,0,58,0,58,0,59,0,61,0,0,0,0,0,0,0,0,0,0,,Lagrave_Dorian,0,0,0,0,(),0,0,0.0,0,0,0.0,0,0,0,0,0,0,0,0,0,0,0,0,0,0,0,0
8607,Maisonobe,Sam,Maisonobe S.,34,310,0,0,0,smaisonobe,20030908,0.0,0.0,0,4.0,0.0,0.0,0,0,3,0,0,0,0,0,0,0,0,71,0,63,0,67,0,62,0,66,0,64,0,63,0,58,0,63,0,67,0,67,0,62,0,72,0,75,0,0,0,0,0,0,0,0,0,0,,Maisonobe_Sam,0,0,0,0,(),0,0,0.0,0,0,0.0,0,0,0,0,0,0,0,0,0,0,0,0,0,0,0,0
8608,Mercier,Edwin,Mercier E.,119,310,0,0,0,,20050702,0.0,0.0,0,2.5,0.0,0.0,0,0,3,0,0,0,0,0,0,0,0,63,0,59,0,61,0,65,0,60,0,58,0,58,0,56,0,56,0,57,0,57,0,54,0,60,0,74,0,0,0,0,0,0,0,0,0,0,,Mercier_Edwin,0,0,0,0,(),0,0,0.0,0,0,0.0,0,0,0,0,0,0,0,0,0,0,0,0,0,0,0,0
8609,Mitchell,Adam,Mitchell A.,207,1801,0,0,0,,20020224,0.0,0.0,0,3.5,0.0,0.0,0,0,3,0,0,0,0,0,0,0,0,68,0,60,0,63,0,64,0,51,0,63,0,63,0,66,0,67,0,63,0,63,0,65,0,65,0,58,0,0,0,0,0,0,0,0,0,0,,Mitchell_Adam,0,0,0,0,(),0,0,0.0,0,0,0.0,0,0,0,0,0,0,0,0,0,0,0,0,0,0,0,0
8610,Sanchez,Clément,Sanchez C.,207,318,0,0,0,,20051001,0.0,0.0,0,4.0,0.0,0.0,0,0,3,0,0,0,0,0,0,0,0,62,0,65,0,66,0,69,0,58,0,58,0,57,0,61,0,64,0,61,0,60,0,63,0,64,0,66,0,0,0,0,0,0,0,0,0,0,,Sanchez_Clement,0,0,0,0,(),0,0,0.0,0,0,0.0,0,0,0,0,0,0,0,0,0,0,0,0,0,0,0,0
8611,Dauphin,Florian,Dauphin F.,25,305,0,0,0,fdauphin,19990406,0.0,0.0,0,4.0,0.0,0.0,0,0,3,0,0,0,181,70,0,0,0,72,0,58,0,61,0,66,0,71,0,63,0,63,0,71,0,72,0,68,0,71,0,63,0,70,0,64,0,0,2,4,0,0,0,0,0,0,,Dauphin_Florian,0,0,0,0,(),0,0,0.0,0,0,0.0,0,0,0,0,0,0,0,0,0,0,0,0,0,1,0,0
8612,Epis,Giosuè,Epis G.,119,204,0,0,0,gepis,20020304,0.0,0.0,0,3.0,0.0,0.0,0,0,3,0,0,0,169,64,0,0,0,65,0,56,0,59,0,67,0,63,0,59,0,61,0,65,0,67,0,61,0,61,0,60,0,65,0,60,0,0,0,0,0,0,0,0,0,0,,Epis_Giosue,0,0,0,0,(),0,0,0.0,0,0,0.0,0,0,0,0,0,0,0,0,0,1,0,0,1,1,0,1
8613,Fayolle,Jean-Loup,Fayolle J.L.,126,322,0,0,0,jlfayolle,20050615,0.0,0.0,0,3.5,0.0,0.0,0,0,3,0,0,0,0,0,0,0,0,61,0,68,0,68,0,69,0,55,0,59,0,59,0,57,0,62,0,63,0,60,0,63,0,67,0,67,0,0,0,0,0,0,0,0,0,0,,Fayolle_Jean-loup,0,0,0,0,(),0,0,0.0,0,0,0.0,0,0,0,0,0,0,0,0,0,0,0,0,0,0,0,0
8614,Gillet,Baptiste,Gillet B.,124,305,0,0,0,bgillet,20041129,0.0,0.0,0,3.5,0.0,0.0,0,0,3,0,0,0,0,0,0,0,0,69,0,64,0,64,0,65,0,60,0,63,0,64,0,60,0,63,0,63,0,63,0,63,0,67,0,66,0,0,0,0,0,0,0,0,0,0,,Gillet_Baptiste,0,0,0,0,(),0,0,0.0,0,0,0.0,0,0,0,0,0,0,0,0,0,0,0,0,0,0,0,0
8615,Harvey,Hugh,Harvey H.,119,2001,0,0,0,,20050111,0.0,0.0,0,3.0,0.0,0.0,0,0,3,0,0,0,176,75,0,0,0,64,0,53,0,56,0,67,0,62,0,60,0,61,0,66,0,68,0,55,0,57,0,56,0,59,0,63,0,0,0,0,0,0,0,0,0,0,,Harvey_Hugh,0,0,0,0,(),0,0,0.0,0,0,0.0,0,0,0,0,0,0,0,0,0,0,0,0,0,0,0,0
8616,Lelandais,Rémi,Lelandais R.,119,322,0,0,0,,20020827,0.0,0.0,0,3.0,0.0,0.0,0,0,3,0,0,0,0,0,0,0,0,64,0,56,0,58,0,72,0,64,0,60,0,63,0,63,0,65,0,59,0,60,0,60,0,63,0,62,0,0,0,0,0,0,0,0,0,0,,Lelandais_Remi,0,0,0,0,(),0,0,0.0,0,0,0.0,0,0,0,0,0,0,0,0,0,0,0,0,0,0,0,0
8617,Lozouet,Léandre,Lozouet L.,126,316,0,0,0,llozouet,20040903,0.0,0.0,0,4.0,0.0,0.0,0,0,3,0,0,0,184,0,0,0,0,70,0,60,0,65,0,68,0,66,0,65,0,68,0,69,0,69,0,65,0,65,0,64,0,69,0,67,0,0,0,0,0,0,0,0,0,0,,Lozouet_Leandre,0,0,0,0,(),0,0,0.0,0,0,0.0,0,0,0,0,0,0,0,0,0,0,1,0,1,1,0,0
8618,Rouland,Louis,Rouland L.,34,318,0,0,0,lrouland,20021021,0.0,0.0,0,4.0,0.0,0.0,0,0,3,0,0,0,184,55,0,0,0,67,0,74,0,74,0,70,0,60,0,62,0,62,0,56,0,60,0,69,0,68,0,69,0,74,0,67,0,0,0,0,0,0,0,0,0,0,,Rouland_Louis,0,0,0,0,(),0,0,0.0,0,0,0.0,0,0,0,0,0,0,0,0,0,0,1,0,0,0,1,0
8619,Thierry,Pierre,Thierry P.,25,305,0,0,0,pthierry,20030531,0.0,0.0,0,4.5,0.0,0.0,0,0,3,0,0,0,185,0,0,0,0,71,0,65,0,66,0,70,0,68,0,69,0,67,0,64,0,66,0,67,0,66,0,69,0,69,0,70,0,0,0,0,0,0,0,0,0,0,,Thierry_Pierre,0,0,0,0,(),0,0,0.0,0,0,0.0,0,0,0,0,0,0,0,0,0,0,1,0,1,1,0,0
8620,Tjøtta,Martin,Tjøtta M.,99,3501,0,0,0,mtjotta,20010327,0.0,0.0,0,4.0,0.0,0.0,0,0,3,0,0,0,0,0,0,0,0,67,0,69,0,73,0,69,0,62,0,63,0,63,0,60,0,68,0,70,0,68,0,67,0,75,0,68,0,0,0,0,0,0,0,0,0,0,,Tjotta_Martin,0,0,0,0,(),0,0,0.0,0,0,0.0,0,0,0,0,0,0,0,0,0,1,0,0,0,0,0,1
8621,Torres,Pablo,Torres P.,16,814,0,0,0,ptorres,20051110,0.0,0.0,0,5.0,0.0,0.0,0,0,3,0,0,0,174,63,0,0,0,67,0,72,0,72,0,70,0,59,0,64,0,60,0,58,0,60,0,68,0,67,0,66,0,71,0,63,0,0,4,2,0,0,0,0,0,0,,Torres_Pablo,0,0,0,0,(),0,0,0.0,0,0,0.0,0,0,0,0,0,0,0,1,0,0,1,0,0,0,0,0
8622,Alhammadi,Abdulla,Alhammadi A.,119,10501,0,0,0,,20000130,0.0,0.0,0,2.0,0.0,0.0,0,0,3,0,0,0,0,0,0,0,0,62,0,57,0,58,0,56,0,55,0,61,0,62,0,55,0,53,0,56,0,56,0,60,0,60,0,58,0,0,0,0,0,0,0,0,0,0,,Alhammadi_Abdulla,0,0,0,0,(),0,0,0.0,0,0,0.0,0,0,0,0,0,0,0,1,0,0,0,0,0,0,0,0
8623,Almutaiwei,Mohammad,Almutaiwei M.,216,10501,0,0,0,,20031128,0.0,0.0,0,3.0,0.0,0.0,0,0,3,0,0,0,0,0,0,0,0,68,0,60,0,60,0,66,0,58,0,61,0,60,0,63,0,65,0,60,0,61,0,62,0,62,0,60,0,0,0,0,0,0,0,0,0,0,,Almutaiwei_Mohammad,0,0,0,0,(),0,0,0.0,0,0,0.0,0,0,0,0,0,0,0,0,0,0,0,0,0,0,0,0
8624,Cole,Owen,Cole O.,119,601,0,0,0,,20040501,0.0,0.0,0,3.5,0.0,0.0,0,0,3,0,0,0,184,70,0,0,0,66,0,60,0,60,0,70,0,64,0,66,0,67,0,59,0,63,0,61,0,63,0,64,0,64,0,64,0,0,0,0,0,0,0,0,0,0,,Cole_Owen,0,0,0,0,(),0,0,0.0,0,0,0.0,0,0,0,0,0,0,0,0,0,0,0,0,0,0,0,0
8625,Giaimi,Luca,Giaimi L.,16,203,0,0,0,lgiaimi,20050112,0.0,0.0,0,5.0,0.0,0.0,0,0,3,0,0,0,0,0,0,0,0,67,0,57,0,60,0,69,0,61,0,65,0,67,0,65,0,65,0,60,0,60,0,58,0,63,0,62,0,0,0,0,0,0,0,0,0,0,,Giaimi_Luca,0,0,0,0,(),0,0,0.0,0,0,0.0,0,0,0,0,0,0,0,0,0,0,0,0,0,0,0,0
8626,Guatibonza,Jonathan,Guatibonza J.,201,1101,0,0,0,,20040601,0.0,0.0,0,3.0,0.0,0.0,0,0,3,0,0,0,0,0,0,0,0,65,0,60,0,60,0,70,0,64,0,60,0,61,0,65,0,65,0,62,0,60,0,56,0,62,0,69,0,0,0,0,0,0,0,0,0,0,,Guatibonza_Jonathan,0,0,0,0,(),0,0,0.0,0,0,0.0,0,0,0,0,0,0,0,0,0,0,0,0,0,0,0,0
8627,Jasim Al-Ali,Abdulla,Jasim Al-Ali A.,216,10501,0,0,0,,20030117,0.0,0.0,0,4.0,0.0,0.0,0,0,3,0,0,0,0,0,0,0,0,67,0,63,0,65,0,65,0,58,0,64,0,65,0,60,0,58,0,64,0,62,0,63,0,67,0,65,0,0,0,0,0,0,0,0,0,0,,Jasim-Al-Ali_Abdulla,0,0,0,0,(),0,0,0.0,0,0,0.0,0,0,0,0,0,0,0,1,0,0,0,0,0,0,0,0
8628,Marivoet,Duarte,Marivoet D.,209,402,0,0,0,,20050202,0.0,0.0,0,4.5,0.0,0.0,0,0,3,0,0,0,185,59,0,0,0,68,0,67,0,68,0,69,0,63,0,64,0,64,0,60,0,62,0,64,0,63,0,65,0,68,0,68,0,0,0,0,0,0,0,0,0,0,,Marivoet_Duarte,0,0,0,0,(),0,0,0.0,0,0,0.0,0,0,0,0,0,0,0,1,0,0,0,0,0,0,0,0
8629,Ravbar,Anze,Ravbar A.,119,2801,0,0,0,,20050511,0.0,0.0,0,3.5,0.0,0.0,0,0,3,0,0,0,0,0,0,0,0,66,0,59,0,60,0,71,0,65,0,60,0,62,0,65,0,67,0,62,0,64,0,64,0,65,0,58,0,0,0,0,0,0,0,0,0,0,,Ravbar_Anze,0,0,0,0,(),0,0,0.0,0,0,0.0,0,0,0,0,0,0,0,0,0,0,0,0,0,0,0,0
8630,Staes,Gibbe,Staes G.,119,402,0,0,0,,20051009,0.0,0.0,0,3.0,0.0,0.0,0,0,3,0,0,0,0,0,0,0,0,67,0,56,0,58,0,63,0,64,0,63,0,63,0,61,0,67,0,61,0,61,0,60,0,60,0,57,0,0,0,0,0,0,0,0,0,0,,Staes_Gibbe,0,0,0,0,(),0,0,0.0,0,0,0.0,0,0,0,0,0,0,0,0,0,0,0,0,0,0,0,0
8631,Albrecht,Toni,Albrecht T.,119,701,0,0,0,,20050321,0.0,0.0,0,2.0,0.0,0.0,0,0,3,0,0,0,0,0,0,0,0,65,0,55,0,53,0,65,0,58,0,59,0,57,0,58,0,62,0,54,0,55,0,55,0,54,0,63,0,0,0,0,0,0,0,0,0,0,,Albrecht_Toni,0,0,0,0,(),0,0,0.0,0,0,0.0,0,0,0,0,0,0,0,0,0,0,0,0,0,0,0,0
8632,Arunz,Leon,Arunz L.,152,701,0,0,0,,20050819,0.0,0.0,0,3.0,0.0,0.0,0,0,3,0,0,0,0,0,0,0,0,63,0,58,0,60,0,72,0,63,0,60,0,60,0,61,0,65,0,60,0,61,0,60,0,62,0,70,0,0,0,0,0,0,0,0,0,0,,Arenz_Leon,0,0,0,0,(),0,0,0.0,0,0,0.0,0,0,0,0,0,0,0,0,0,0,0,0,0,0,0,0
8633,Bárto,Martin,Bárto M.,163,3301,0,0,0,,20050522,0.0,0.0,0,4.0,0.0,0.0,0,0,3,0,0,0,182,64,0,0,0,64,0,61,0,61,0,70,0,65,0,61,0,61,0,62,0,65,0,61,0,61,0,62,0,64,0,68,0,0,0,0,0,0,0,0,0,0,,Barta_Martin,0,0,0,0,(),0,0,0.0,0,0,0.0,0,0,0,0,0,0,0,0,0,0,0,0,0,0,0,0
8634,Logachyev,Yegor,Logachyev Y.,96,1301,0,0,0,,20050303,0.0,0.0,0,2.5,0.0,0.0,0,0,3,0,0,0,0,0,0,0,0,62,0,63,0,65,0,68,0,58,0,58,0,57,0,58,0,56,0,61,0,60,0,61,0,64,0,67,0,0,0,0,0,0,0,0,0,0,,Logachyev_Yegor,0,0,0,0,(),0,0,0.0,0,0,0.0,0,0,0,0,0,0,0,0,0,0,0,0,0,0,0,0
8635,Tekturganov,Aslan,Tekturganov A.,119,1301,0,0,0,,20051219,0.0,0.0,0,1.5,0.0,0.0,0,0,3,0,0,0,170,67,0,0,0,59,0,59,0,54,0,69,0,57,0,54,0,61,0,52,0,60,0,57,0,55,0,54,0,56,0,74,0,0,0,0,0,0,0,0,0,0,,Tekturganov_Aslan,0,0,0,0,(),0,0,0.0,0,0,0.0,0,0,0,0,0,0,0,0,0,0,0,0,0,0,0,0
8636,Konkin,Maxim,Konkin M.,119,1301,0,0,0,,20040930,0.0,0.0,0,2.0,0.0,0.0,0,0,3,0,0,0,0,0,0,0,0,59,0,60,0,61,0,61,0,55,0,52,0,58,0,59,0,54,0,57,0,58,0,55,0,59,0,69,0,0,0,0,0,0,0,0,0,0,,Konkin_Maxim,0,0,0,0,(),0,0,0.0,0,0,0.0,0,0,0,0,0,0,0,0,0,0,0,0,0,0,0,0
8637,Kubelka,Adam,Kubelka A.,119,3301,0,0,0,,20050508,0.0,0.0,0,2.5,0.0,0.0,0,0,3,0,0,0,0,0,0,0,0,59,0,55,0,60,0,69,0,58,0,53,0,53,0,56,0,58,0,57,0,54,0,57,0,53,0,64,0,0,0,0,0,0,0,0,0,0,,Kubelka_Adam,0,0,0,0,(),0,0,0.0,0,0,0.0,0,0,0,0,0,0,0,0,0,0,0,0,0,0,0,0
8638,Rey,Tim,Rey T.,119,1701,0,0,0,,20040310,0.0,0.0,0,2.5,0.0,0.0,0,0,3,0,0,0,0,0,0,0,0,60,0,64,0,63,0,66,0,55,0,54,0,58,0,56,0,65,0,56,0,57,0,54,0,64,0,70,0,0,0,0,0,0,0,0,0,0,,Rey_Tim,0,0,0,0,(),0,0,0.0,0,0,0.0,0,0,0,0,0,0,0,0,0,0,0,0,0,0,0,0
8639,Rondel,Mathys,Rondel M.,125,318,0,0,0,mrondel,20030923,0.0,0.0,0,5.0,0.0,0.0,0,0,3,0,0,0,180,63,0,0,0,69,0,77,0,77,0,65,0,60,0,64,0,63,0,58,0,68,0,71,0,69,0,75,0,75,0,68,0,0,4,3,0,0,0,0,0,0,,Rondel_Mathys,0,0,0,0,(),0,0,0.0,0,0,0.0,0,0,0,0,0,0,0,0,0,0,0,0,0,0,0,0
8640,Sierra,Juan David,Sierra J.D.,225,204,0,0,0,,20050125,0.0,0.0,0,5.0,0.0,0.0,0,0,3,0,0,0,0,0,0,0,0,68,0,59,0,63,0,69,0,63,0,63,0,65,0,69,0,68,0,63,0,65,0,65,0,66,0,73,0,0,0,0,0,0,0,0,0,0,,Sierra_Juan-David,0,0,0,0,(),0,0,0.0,0,0,0.0,0,0,0,0,0,0,0,0,0,0,0,0,0,0,0,0
8642,Carrascosa,Pablo,Carrascosa P.,70,811,0,0,0,pcarrascosa,20021007,0.0,0.0,0,3.0,0.0,0.0,0,0,3,0,0,0,178,58,0,0,0,60,0,63,0,65,0,63,0,55,0,56,0,53,0,58,0,61,0,59,0,58,0,58,0,65,0,59,0,0,0,0,0,0,0,0,0,0,,Carrascosa_Pablo,0,0,0,0,(),0,0,0.0,0,0,0.0,0,0,0,0,0,0,0,0,0,0,0,0,0,0,0,0
8643,Herreño,Martin Santiago,Herreño M.S.,81,1101,0,0,0,msherreno,20060913,0.0,0.0,0,3.0,0.0,0.0,0,0,3,0,0,0,0,0,0,0,0,65,0,69,0,69,0,68,0,52,0,56,0,55,0,57,0,67,0,67,0,67,0,61,0,69,0,59,0,0,0,0,0,0,0,0,0,0,,Herreno_Martin-Santiago,0,0,0,0,(),0,0,0.0,0,0,0.0,0,0,0,0,0,0,0,0,0,0,0,0,0,0,0,0
8644,Kmínek,Vojtěch,Kmínek V.,92,3301,0,0,0,vkminek,20000911,0.0,0.0,0,3.0,0.0,0.0,0,0,3,0,0,0,187,75,0,0,0,68,0,59,0,62,0,70,0,64,0,61,0,61,0,65,0,68,0,63,0,62,0,63,0,65,0,65,0,0,0,0,0,0,0,0,0,0,,Kminek_Vojtech,0,0,0,0,(),0,0,0.0,0,0,0.0,0,0,0,0,0,0,0,0,0,0,0,0,0,0,0,0
8645,Samudio,Carlos,Samudio C.,93,10201,0,0,0,csamudio,19971005,0.0,0.0,0,3.0,0.0,0.0,0,0,3,0,0,0,0,0,0,0,0,62,0,64,0,67,0,60,0,50,0,60,0,53,0,53,0,62,0,63,0,60,0,60,0,67,0,59,0,0,0,0,0,0,0,0,0,0,,Samudio_Carlos,0,0,0,0,(),0,0,0.0,0,0,0.0,0,0,0,0,0,0,0,1,0,0,0,0,0,0,0,0
8646,De la Calle,Hugo,De la Calle H.,92,803,0,0,0,hdelacalle,20040712,0.0,0.0,0,4.0,0.0,0.0,0,0,3,0,0,0,180,65,0,0,0,69,0,66,0,69,0,68,0,67,0,62,0,62,0,63,0,66,0,67,0,69,0,64,0,71,0,66,0,0,0,0,0,0,0,0,0,0,,De-la-Calle_Hugo,0,0,0,0,(),0,0,0.0,0,0,0.0,0,0,0,0,0,0,0,0,0,0,1,0,0,0,0,0
8647,Cavia,Daniel,Cavia D.,92,808,0,0,0,dcavia,20020602,0.0,0.0,0,4.0,0.0,0.0,0,0,3,0,0,0,169,63,0,0,0,69,0,61,0,64,0,67,0,64,0,60,0,62,0,72,0,72,0,65,0,66,0,65,0,69,0,69,0,0,0,0,0,0,0,0,0,0,,Cavia_Daniel,0,0,0,0,(),0,0,0.0,0,0,0.0,0,0,0,0,0,0,0,0,0,0,0,0,0,0,0,0
8648,García,Pablo,García P.,102,814,0,0,0,pgarcia,20010116,0.0,0.0,0,3.0,0.0,0.0,0,0,3,0,0,0,182,0,0,0,0,59,0,60,0,61,0,68,0,57,0,56,0,56,0,60,0,56,0,56,0,56,0,55,0,64,0,62,0,0,0,0,0,0,0,0,0,0,,Garcia_Pablo,0,0,0,0,(),0,0,0.0,0,0,0.0,0,0,0,0,0,0,0,0,0,0,0,0,0,0,0,0
8649,Raccagni,Gabriele,Raccagni G.,102,204,0,0,0,graccagni,20030205,0.0,0.0,0,3.0,0.0,0.0,0,0,3,0,0,0,183,63,0,0,0,63,0,59,0,62,0,69,0,61,0,58,0,57,0,60,0,64,0,62,0,62,0,64,0,65,0,70,0,0,0,0,0,0,0,0,0,0,,Raccagni_Gabriele,0,0,0,0,(),0,0,0.0,0,0,0.0,0,0,0,0,0,0,0,0,0,0,0,0,0,0,0,0
8650,Stites,Tyler,Stites T.,60,601,0,0,0,tstites,19980318,0.0,0.0,0,4.0,0.0,0.0,0,0,3,0,0,0,178,60,0,0,0,69,0,65,0,67,0,69,0,63,0,70,0,70,0,67,0,69,0,67,0,67,0,68,0,68,0,66,0,0,0,0,0,0,0,0,0,0,,Stites_Tyler,0,0,0,0,(),0,0,0.0,0,0,0.0,0,0,0,0,0,0,0,0,0,0,0,0,0,0,0,0
8651,Díaz,Alex,Díaz A.,35,816,0,0,0,adiaz,20010728,0.0,0.0,0,3.0,0.0,0.0,0,0,3,0,0,0,167,62,0,0,0,60,0,60,0,60,0,67,0,50,0,55,0,56,0,58,0,62,0,58,0,57,0,61,0,66,0,60,0,0,0,0,0,0,0,0,0,0,,Diaz_Alex,0,0,0,0,(),0,0,0.0,0,0,0.0,0,0,0,0,0,0,0,0,0,0,0,0,0,0,0,0
8652,Castellon,Jan,Castellon J.,35,809,0,0,0,jcastellon,20030731,0.0,0.0,0,4.0,0.0,0.0,0,0,3,0,0,0,170,56,0,0,0,66,0,73,0,72,0,69,0,58,0,58,0,57,0,57,0,66,0,68,0,66,0,66,0,68,0,60,0,0,0,0,0,0,0,0,0,0,,Castellon_Jan,0,0,0,0,(),0,0,0.0,0,0,0.0,0,0,0,0,0,0,0,0,0,0,0,0,0,0,0,0
8653,Deman,Brem,Deman B.,69,402,0,0,0,bdeman,20020516,0.0,0.0,0,3.0,0.0,0.0,0,0,3,0,0,0,187,76,0,0,0,71,0,56,0,59,0,66,0,67,0,68,0,67,0,57,0,53,0,64,0,64,0,60,0,64,0,70,0,0,0,0,0,0,0,0,0,0,,Deman_Brem,0,0,0,0,(),0,0,0.0,0,0,0.0,0,0,0,0,0,0,0,0,0,0,0,0,1,0,0,0
8654,Ganzabal,Ander,Ganzabal A.,100,816,0,0,0,aganzabal,20000125,0.0,0.0,0,3.0,0.0,0.0,0,0,3,0,0,0,176,62,0,0,0,63,0,63,0,65,0,65,0,56,0,56,0,56,0,57,0,66,0,61,0,61,0,63,0,67,0,73,0,0,0,0,0,0,0,0,0,0,,Ganzabal_Ander,0,0,0,0,(),0,0,0.0,0,0,0.0,0,0,0,0,0,0,0,0,0,0,0,0,0,0,0,0
8655,Sutton,Louis,Sutton L.,100,1801,0,0,0,lsutton,20020527,0.0,0.0,0,3.0,0.0,0.0,0,0,3,0,0,0,178,68,0,0,0,60,0,63,0,65,0,69,0,53,0,56,0,57,0,50,0,63,0,62,0,63,0,56,0,66,0,62,0,0,0,0,0,0,0,0,0,0,,Sutton_Louis,0,0,0,0,(),0,0,0.0,0,0,0.0,0,0,0,0,0,0,0,0,0,0,0,0,0,0,0,0
8656,Cettolin,Filippo,Cettolin F.,81,201,0,0,0,fcettolin,20060623,0.0,0.0,0,2.5,0.0,0.0,0,0,3,0,0,0,0,0,0,0,0,64,0,60,0,61,0,63,0,57,0,60,0,60,0,62,0,62,0,59,0,60,0,60,0,64,0,72,0,0,0,0,0,0,0,0,0,0,,Cettolin_Filippo,0,0,0,0,(),0,0,0.0,0,0,0.0,0,0,0,0,0,0,0,0,0,0,0,0,0,0,0,0
8657,Faura,José Luis,Faura J.L.,92,817,0,0,0,jlfaura,20000915,0.0,0.0,0,3.5,0.0,0.0,0,0,3,0,0,0,182,67,0,0,0,65,0,67,0,69,0,68,0,57,0,60,0,60,0,60,0,57,0,63,0,65,0,66,0,69,0,60,0,0,0,0,0,0,0,0,0,0,,Faura_Jose-Luis,0,0,0,0,(),0,0,0.0,0,0,0.0,0,0,0,0,0,0,0,0,0,0,1,0,0,0,0,0
8658,Ferraro,Santiago,Ferraro S.,81,201,0,0,0,sferraro,20060920,0.0,0.0,0,3.5,0.0,0.0,0,0,3,0,0,0,0,0,0,0,0,65,0,60,0,60,0,61,0,55,0,59,0,62,0,56,0,59,0,62,0,63,0,61,0,65,0,65,0,0,0,0,0,0,0,0,0,0,,Ferraro_Santiago,0,0,0,0,(),0,0,0.0,0,0,0.0,0,0,0,0,0,0,0,0,0,0,0,0,0,0,0,0
8659,Montagner,Andrea,Montagner A.,81,201,0,0,0,amontagner,20060215,0.0,0.0,0,2.0,0.0,0.0,0,0,3,0,0,0,0,0,0,0,0,59,0,61,0,60,0,65,0,56,0,56,0,57,0,58,0,56,0,56,0,56,0,57,0,64,0,61,0,0,0,0,0,0,0,0,0,0,,Montagner_Andrea,0,0,0,0,(),0,0,0.0,0,0,0.0,0,0,0,0,0,0,0,0,0,0,0,0,0,0,0,0
8660,Stenico,Mattia,Stenico M.,81,201,0,0,0,mstenico,20060926,0.0,0.0,0,3.0,0.0,0.0,0,0,3,0,0,0,0,0,0,0,0,64,0,64,0,65,0,70,0,61,0,57,0,59,0,63,0,61,0,62,0,64,0,60,0,66,0,61,0,0,0,0,0,0,0,0,0,0,,Stenico_Mattia,0,0,0,0,(),0,0,0.0,0,0,0.0,0,0,0,0,0,0,0,0,0,0,0,0,0,0,0,1
8661,Armitt,Hamish,Armitt H.,123,1801,0,0,0,harmitt,20020624,0.0,0.0,0,3.0,0.0,0.0,0,0,3,0,0,0,0,0,0,0,0,62,0,55,0,56,0,65,0,61,0,59,0,61,0,59,0,58,0,58,0,60,0,59,0,60,0,65,0,0,0,0,0,0,0,0,0,0,,Armitt_Hamish,0,0,0,0,(),0,0,0.0,0,0,0.0,0,0,0,0,0,0,0,0,0,0,0,0,0,0,0,0
8662,Crescioli,Ludovico,Crescioli L.,102,209,0,0,0,lcrescioli,20031020,0.0,0.0,0,4.5,0.0,0.0,0,0,3,0,0,0,178,63,0,0,0,69,0,72,0,74,0,64,0,61,0,59,0,59,0,65,0,70,0,70,0,69,0,68,0,74,0,65,0,0,0,0,0,0,0,0,0,0,,Crescioli_Ludovico,0,0,0,0,(),0,0,0.0,0,0,0.0,0,0,0,0,0,0,0,0,0,0,0,0,0,0,0,0
8663,Buttigieg,Aidan,Buttigieg A.,102,12101,0,0,0,abuttigieg,19970718,0.0,0.0,0,3.0,0.0,0.0,0,0,3,0,0,0,172,68,0,0,0,64,0,58,0,63,0,60,0,56,0,59,0,58,0,58,0,63,0,62,0,60,0,57,0,66,0,73,0,0,0,0,0,0,0,0,0,0,,Buttigieg_Aidan,0,0,0,0,(),0,0,0.0,0,0,0.0,0,0,0,0,0,0,0,2,0,0,0,0,0,0,0,0
8664,Wattelle,Célestin,Wattelle C.,123,315,0,0,0,cwattelle,20030515,0.0,0.0,0,3.0,0.0,0.0,0,0,3,0,0,0,0,0,0,0,0,66,0,55,0,53,0,64,0,56,0,57,0,58,0,66,0,65,0,53,0,57,0,53,0,66,0,60,0,0,0,0,0,0,0,0,0,0,,Wattelle_Celestin,0,0,0,0,(),0,0,0.0,0,0,0.0,0,0,0,0,0,0,0,0,0,0,0,0,0,0,0,0
8665,Colladon,Jacopo,Colladon J.,123,201,0,0,0,jcolladon,20030331,0.0,0.0,0,3.0,0.0,0.0,0,0,3,0,0,0,0,0,0,0,0,60,0,55,0,60,0,68,0,60,0,52,0,58,0,56,0,52,0,54,0,56,0,57,0,55,0,73,0,0,0,0,0,0,0,0,0,0,,Colladon_Jacopo,0,0,0,0,(),0,0,0.0,0,0,0.0,0,0,0,0,0,0,0,0,0,0,0,0,0,0,0,0
8666,Muller,Anton,Muller A.,123,313,0,0,0,amuller,19980603,0.0,0.0,0,3.0,0.0,0.0,0,0,3,0,0,0,0,0,0,0,0,61,0,59,0,59,0,62,0,55,0,58,0,57,0,57,0,62,0,57,0,57,0,56,0,60,0,61,0,0,0,0,0,0,0,0,0,0,,Muller_Anton,0,0,0,0,(),0,0,0.0,0,0,0.0,0,0,0,0,0,0,0,0,0,0,0,0,0,0,0,0
8667,McDonald,Bailey,McDonald B.,123,2001,0,0,0,bamcdonald,20030502,0.0,0.0,0,3.0,0.0,0.0,0,0,3,0,0,0,0,0,0,0,0,62,0,59,0,60,0,60,0,54,0,57,0,59,0,60,0,60,0,57,0,57,0,54,0,61,0,59,0,0,0,0,0,0,0,0,0,0,,Mcdonald_Bailey,0,0,0,0,(),0,0,0.0,0,0,0.0,0,0,0,0,0,0,0,0,0,0,0,0,0,0,0,0
8668,Bezza,Quentin,Bezza Q.,119,309,0,0,0,qbezza,19980324,0.0,0.0,0,3.0,0.0,0.0,0,0,3,0,0,0,184,76,0,0,0,59,0,61,0,65,0,66,0,56,0,55,0,59,0,63,0,64,0,57,0,60,0,57,0,66,0,63,0,0,0,0,0,0,0,0,0,0,,Bezza_Quentin,0,0,0,0,(),0,0,0.0,0,0,0.0,0,0,0,0,0,0,0,0,0,0,0,0,1,0,0,0
8669,Baguelin,Jocelyn,Baguelin J.,119,318,0,0,0,jbaguelin,19990520,0.0,0.0,0,3.0,0.0,0.0,0,0,3,0,0,0,178,72,0,0,0,68,0,55,0,59,0,67,0,63,0,57,0,58,0,68,0,70,0,63,0,63,0,60,0,64,0,55,0,0,0,0,0,0,0,0,0,0,,Baguelin_Jocelyn,0,0,0,0,(),0,0,0.0,0,0,0.0,0,0,0,0,0,0,0,0,0,0,0,0,0,0,0,0
8670,Papon,Victor,Papon V.,124,307,0,0,0,vpapon,20010125,0.0,0.0,0,3.5,0.0,0.0,0,0,3,0,0,0,175,69,0,0,0,67,0,63,0,67,0,71,0,63,0,63,0,63,0,61,0,66,0,63,0,65,0,64,0,70,0,68,0,0,0,0,0,0,0,0,0,0,,Papon_Victor,0,0,0,0,(),0,0,0.0,0,0,0.0,0,0,0,0,0,0,0,0,0,0,0,0,0,0,0,0
8671,Renard-Haquin,Henri-François,Renard-Haquin H.F.,15,307,0,0,0,hfrenard-haquin,20021212,0.0,0.0,0,3.0,0.0,0.0,0,0,3,0,0,0,185,74,0,0,0,69,0,61,0,64,0,62,0,64,0,59,0,59,0,64,0,64,0,63,0,64,0,60,0,67,0,63,0,0,0,0,0,0,0,0,0,0,,Renard-haquin_Henri-francois,0,0,0,0,(),0,0,0.0,0,0,0.0,0,0,0,0,0,0,0,0,0,0,0,0,0,0,1,0
8672,Guernalec,Victor,Guernalec V.,126,304,0,0,0,vguernalec,20000316,0.0,0.0,0,4.0,0.0,0.0,0,0,3,0,0,0,0,0,0,0,0,68,0,65,0,67,0,71,0,59,0,64,0,64,0,65,0,66,0,65,0,64,0,61,0,68,0,69,0,0,0,0,0,0,0,0,0,0,,Guernalec_Victor,0,0,0,0,(),0,0,0.0,0,0,0.0,0,0,0,0,0,0,0,1,0,0,1,1,0,0,0,1
8673,Verrando,Luca,Verrando L.,93,203,0,0,0,lverrando,20040712,0.0,0.0,0,3.0,0.0,0.0,0,0,3,0,0,0,0,0,0,0,0,62,0,57,0,60,0,63,0,54,0,55,0,58,0,58,0,54,0,59,0,59,0,53,0,63,0,67,0,0,0,0,0,0,0,0,0,0,,Verrando_Luca,0,0,0,0,(),0,0,0.0,0,0,0.0,0,0,0,0,0,0,0,0,0,0,0,0,0,0,0,0
8674,Nencini,Tommaso,Nencini T.,93,209,0,0,0,tnencini,20000910,0.0,0.0,0,3.0,0.0,0.0,0,0,3,0,0,0,0,0,0,0,0,67,0,55,0,57,0,63,0,60,0,54,0,57,0,68,0,70,0,62,0,63,0,62,0,60,0,67,0,0,0,0,0,0,0,0,0,0,,Nencini_Tommaso,0,0,0,0,(),0,0,0.0,0,0,0.0,0,0,0,0,0,0,0,0,0,0,0,1,0,0,0,0
8675,Darder,Sergi,Darder S.,35,809,0,0,0,sdarder,20030630,0.0,0.0,0,3.0,0.0,0.0,0,0,3,0,0,0,183,67,0,0,0,67,0,53,0,55,0,63,0,55,0,57,0,57,0,68,0,71,0,66,0,67,0,56,0,72,0,58,0,0,0,0,0,0,0,0,0,0,,Darder_Sergi,0,0,0,0,(),0,0,0.0,0,0,0.0,0,0,0,0,0,0,0,0,0,0,0,0,0,0,0,0
8676,Tissières,Arnaud,Tissières A.,119,1702,0,0,0,atissieres,19960514,0.0,0.0,0,3.0,0.0,0.0,0,0,3,0,0,0,0,0,0,0,0,57,0,60,0,60,0,67,0,51,0,57,0,53,0,59,0,60,0,56,0,53,0,54,0,63,0,74,0,0,0,0,0,0,0,0,0,0,,Tissieres_Arnaud,0,0,0,0,(),0,0,0.0,0,0,0.0,0,0,0,0,0,0,0,0,0,0,0,0,0,0,0,0
8677,Rolando,Joann,Rolando J.,119,301,0,0,0,jrolando,20060920,0.0,0.0,0,3.0,0.0,0.0,0,0,3,0,0,0,0,0,0,0,0,62,0,60,0,61,0,63,0,55,0,56,0,56,0,57,0,55,0,57,0,53,0,54,0,61,0,59,0,0,0,0,0,0,0,0,0,0,,Rolando_Joann,0,0,0,0,(),0,0,0.0,0,0,0.0,0,0,0,0,0,0,0,0,0,0,0,0,0,0,0,0
8678,Pescador,Diego,Pescador D.,1,1101,0,0,0,dpescador,20041221,0.0,0.0,0,4.5,0.0,0.0,0,0,3,0,0,0,174,60,0,0,0,66,0,73,0,75,0,72,0,61,0,62,0,61,0,65,0,67,0,69,0,69,0,66,0,73,0,63,0,0,0,0,0,0,0,0,0,0,,Pescador_Diego,0,0,0,0,(),0,0,0.0,0,0,0.0,0,0,0,0,0,0,0,0,0,0,0,0,0,1,0,0
8679,Seixas,Paul,Seixas P.,3,322,0,0,0,pseixas,20060924,0.0,0.0,0,6.0,0.0,0.0,0,0,3,0,0,0,185,62,0,0,0,75,0,82,0,82,0,79,0,68,0,77,0,77,0,65,0,70,0,82,0,78,0,74,0,82,0,72,0,0,4,5,0,0,0,0,0,0,,Seixas_Paul,0,0,0,0,(25),0,0,0.0,0,0,0.0,0,0,0,0,0,0,0,0,0,0,0,0,0,0,0,1
8680,Withen Philipsen,Albert,Withen Philipsen A.,11,1004,0,0,0,awithenphilipsen,20060903,0.0,0.0,0,5.0,0.0,0.0,0,0,3,0,0,0,184,0,0,0,0,73,0,73,0,76,0,77,0,73,0,72,0,74,0,70,0,76,0,73,0,73,0,66,0,76,0,71,0,0,0,0,0,0,0,0,0,0,,Withen-Philipsen_Albert,0,0,0,0,(),0,0,0.0,0,0,0.0,0,0,0,0,0,0,0,0,0,0,0,0,0,0,0,0
8681,Koerdt,Bjoern,Koerdt B.,15,1801,0,0,0,bkoerdt,20040720,0.0,0.0,0,4.5,0.0,0.0,0,0,3,0,0,0,0,0,0,0,0,73,0,65,0,71,0,76,0,69,0,61,0,63,0,67,0,69,0,68,0,70,0,68,0,73,0,72,0,0,2,4,0,0,0,0,0,0,,Koerdt_Bjoern,0,0,0,0,(),0,0,0.0,0,0,0.0,0,0,0,0,0,0,0,0,0,0,1,1,0,0,0,1
8682,Donaldson,Robert,Donaldson R.,20,1801,0,0,0,rdonaldson,20020408,0.0,0.0,0,3.0,0.0,0.0,0,0,3,0,0,0,189,0,0,0,0,73,0,59,0,63,0,60,0,71,0,63,0,63,0,71,0,70,0,68,0,69,0,66,0,69,0,71,0,0,2,3,0,0,0,0,0,0,,Donaldson_Robert,0,0,0,0,(),0,0,0.0,0,0,0.0,0,0,0,0,0,0,0,0,0,0,0,0,1,1,0,0
8683,Brunel,Alexys,Brunel A.,25,315,0,0,0,abrunel,19981010,0.0,0.0,0,3.0,0.0,0.0,0,0,3,0,0,0,191,70,0,0,0,74,0,65,0,68,0,68,0,71,0,72,0,69,0,62,0,66,0,73,0,71,0,70,0,72,0,68,0,0,0,0,0,0,0,0,0,0,,Brunel_Alexys,0,0,0,0,(),0,0,0.0,0,0,0.0,0,0,0,0,0,0,0,2,0,0,0,0,1,2,0,1
8684,Izquierdo,Clément,Izquierdo C.,34,321,0,0,0,cizquierdo,20020216,0.0,0.0,0,4.0,0.0,0.0,0,0,3,0,0,0,0,0,0,0,0,70,0,63,0,66,0,71,0,65,0,68,0,65,0,68,0,71,0,69,0,69,0,66,0,74,0,75,0,0,0,0,0,0,0,0,0,0,,Izquierdo_Clement,0,0,0,0,(),0,0,0.0,0,0,0.0,0,0,0,0,0,0,0,1,0,0,0,0,0,1,0,0
8685,Ibáñez,Javier,Ibáñez J.,35,816,0,0,0,jibanez,20011129,0.0,0.0,0,3.0,0.0,0.0,0,0,3,0,0,0,188,70,0,0,0,60,0,60,0,62,0,68,0,55,0,55,0,56,0,57,0,60,0,56,0,58,0,57,0,66,0,72,0,0,0,0,0,0,0,0,0,0,,Ibanez_Javier,0,0,0,0,(),0,0,0.0,0,0,0.0,0,0,0,0,0,0,0,0,0,0,0,0,0,0,0,0
8686,Cruz,Edward,Cruz E.,81,1101,0,0,0,ecruz,20060705,0.0,0.0,0,3.5,0.0,0.0,0,0,3,0,0,0,0,0,0,0,0,60,0,67,0,68,0,63,0,53,0,56,0,57,0,59,0,58,0,61,0,60,0,62,0,68,0,72,0,0,0,0,0,0,0,0,0,0,,Cruz_Edward,0,0,0,0,(),0,0,0.0,0,0,0.0,0,0,0,0,0,0,0,0,0,0,0,0,0,0,0,0
8687,Azanza,Ibai,Azanza I.,70,816,0,0,0,iazanza,20040222,0.0,0.0,0,3.0,0.0,0.0,0,0,3,0,0,0,193,74,0,0,0,65,0,59,0,64,0,62,0,58,0,64,0,64,0,57,0,54,0,61,0,63,0,63,0,66,0,72,0,0,0,0,0,0,0,0,0,0,,Azanza_Ibai,0,0,0,0,(),0,0,0.0,0,0,0.0,0,0,0,0,0,0,0,0,0,0,0,0,0,0,0,0
8688,Etxeberria,Haimar,Etxeberria H.,33,816,0,0,0,hetxeberria,20030908,0.0,0.0,0,3.0,0.0,0.0,0,0,3,0,0,0,177,65,0,0,0,66,0,65,0,68,0,62,0,56,0,56,0,58,0,68,0,71,0,67,0,69,0,66,0,73,0,70,0,0,0,0,0,0,0,0,0,0,,Etxeberria_Haimar,0,0,0,0,(),0,0,0.0,0,0,0.0,0,0,0,0,0,0,0,1,0,0,0,0,0,0,0,0
8689,Gimeno,Nil,Gimeno N.,70,808,0,0,0,ngimeno,20040421,0.0,0.0,0,4.0,0.0,0.0,0,0,3,0,0,0,175,61,0,0,0,69,0,61,0,68,0,71,0,67,0,59,0,59,0,66,0,69,0,66,0,66,0,65,0,72,0,70,0,0,0,0,0,0,0,0,0,0,,Gimeno_Nil,0,0,0,0,(),0,0,0.0,0,0,0.0,0,0,0,0,0,0,0,0,0,0,0,0,0,0,0,0
8690,Su,Haoyu,Su H.,12,2501,0,0,0,hsu,20001026,0.0,0.0,0,3.0,0.0,0.0,0,0,3,0,0,0,179,64,0,0,0,62,0,59,0,59,0,64,0,51,0,59,0,59,0,57,0,63,0,59,0,57,0,53,0,60,0,65,0,0,0,0,0,0,0,0,0,0,,Su_Haoyu,0,0,0,0,(),0,0,0.0,0,0,0.0,0,0,0,0,0,0,0,0,0,0,0,0,0,0,0,0
8691,Martinez,Guillermo Juan,Martinez G.J.,15,1101,0,0,0,gjmartinez,20041121,0.0,0.0,0,3.5,0.0,0.0,0,0,3,0,0,0,0,0,0,0,0,64,0,68,0,73,0,65,0,53,0,60,0,60,0,58,0,69,0,65,0,67,0,65,0,73,0,66,0,0,0,0,0,0,0,0,0,0,,Martinez_Guillermo-Juan,0,0,0,0,(),0,0,0.0,0,0,0.0,0,0,0,0,0,0,0,0,0,0,1,0,0,0,0,0
8692,Boulet,Eliott,Boulet E.,206,318,0,0,0,,20060907,0.0,0.0,0,5.0,0.0,0.0,0,0,3,0,0,0,0,0,0,0,0,69,0,60,0,62,0,67,0,64,0,65,0,65,0,67,0,67,0,62,0,63,0,60,0,65,0,69,0,0,0,0,0,0,0,0,0,0,,Boulet_Eliott,0,0,0,0,(),0,0,0.0,0,0,0.0,0,0,0,0,0,0,0,0,0,0,0,0,0,0,0,0
8693,Cushway,Maximilian,Cushway M.,206,305,0,0,0,,20040607,0.0,0.0,0,3.5,0.0,0.0,0,0,3,0,0,0,186,67,0,0,0,67,0,60,0,60,0,65,0,61,0,64,0,64,0,64,0,63,0,58,0,57,0,58,0,66,0,68,0,0,0,0,0,0,0,0,0,0,,Cushway_Maximilian,0,0,0,0,(),0,0,0.0,0,0,0.0,0,0,0,0,0,0,0,0,0,0,0,0,0,0,0,0
8694,Daumas,Rémi,Daumas R.,206,311,0,0,0,,20060312,0.0,0.0,0,4.5,0.0,0.0,0,0,3,0,0,0,0,0,0,0,0,65,0,72,0,71,0,70,0,58,0,60,0,60,0,60,0,64,0,67,0,65,0,65,0,69,0,67,0,0,0,0,0,0,0,0,0,0,,Daumas_Remi,0,0,0,0,(),0,0,0.0,0,0,0.0,0,0,0,0,0,0,0,0,0,0,0,0,0,0,0,0
8695,Grégoire,Baptiste,Grégoire B.,206,309,0,0,0,,20060213,0.0,0.0,0,4.5,0.0,0.0,0,0,3,0,0,0,181,65,0,0,0,62,0,63,0,65,0,75,0,61,0,57,0,57,0,60,0,62,0,57,0,57,0,60,0,66,0,74,0,0,0,0,0,0,0,0,0,0,,Gregoire_Baptiste,0,0,0,0,(),0,0,0.0,0,0,0.0,0,0,0,0,0,0,0,0,0,0,0,0,0,0,0,0
8696,Nilsson-Julien,Oscar,Nilsson-Julien O.,119,310,0,0,0,,20020110,0.0,0.0,0,2.5,0.0,0.0,0,0,3,0,0,0,0,0,0,0,0,69,0,59,0,59,0,64,0,61,0,62,0,62,0,64,0,66,0,60,0,61,0,58,0,60,0,64,0,0,0,0,0,0,0,0,0,0,,Nilsson-julien_Oscar,0,0,0,0,(),0,0,0.0,0,0,0.0,0,0,0,0,0,0,0,0,0,0,0,0,0,0,0,0
8697,Roberts,Reef,Roberts R.,206,3401,0,0,0,,20061220,0.0,0.0,0,3.5,0.0,0.0,0,0,3,0,0,0,0,0,0,0,0,66,0,58,0,60,0,66,0,61,0,61,0,59,0,61,0,58,0,60,0,62,0,60,0,61,0,60,0,0,0,0,0,0,0,0,0,0,,Roberts_Reef,0,0,0,0,(),0,0,0.0,0,0,0.0,0,0,0,0,0,0,0,0,0,0,0,0,0,0,0,0
8698,Goszczurny,Patryk,Goszczurny P.,214,3001,0,0,0,,20060314,0.0,0.0,0,4.0,0.0,0.0,0,0,3,0,0,0,0,0,0,0,0,63,0,65,0,66,0,69,0,60,0,59,0,59,0,62,0,62,0,60,0,61,0,59,0,68,0,75,0,0,0,0,0,0,0,0,0,0,,Goszczurny_Patryk,0,0,0,0,(),0,0,0.0,0,0,0.0,0,0,0,0,0,0,0,0,0,0,0,0,0,0,0,0
8699,Keppens,Cedric,Keppens C.,214,402,0,0,0,,20060310,0.0,0.0,0,3.5,0.0,0.0,0,0,3,0,0,0,0,0,0,0,0,65,0,55,0,57,0,66,0,63,0,61,0,60,0,63,0,65,0,59,0,62,0,59,0,62,0,66,0,0,0,0,0,0,0,0,0,0,,Keppens_Cedric,0,0,0,0,(),0,0,0.0,0,0,0.0,0,0,0,0,0,0,0,0,0,0,0,0,0,0,0,0
8700,Kings,Ian,Kings I.,214,701,0,0,0,,20060415,0.0,0.0,0,4.0,0.0,0.0,0,0,3,0,0,0,0,0,0,0,0,64,0,57,0,60,0,63,0,60,0,65,0,64,0,55,0,54,0,54,0,57,0,55,0,62,0,72,0,0,0,0,0,0,0,0,0,0,,Kings_Ian,0,0,0,0,(),0,0,0.0,0,0,0.0,0,0,0,0,0,0,0,0,0,0,0,0,0,0,0,0
8701,Rowe,Elliot,Rowe E.,214,1801,0,0,0,,20060601,0.0,0.0,0,4.5,0.0,0.0,0,0,3,0,0,0,0,0,0,0,0,68,0,65,0,67,0,68,0,65,0,66,0,66,0,62,0,64,0,65,0,66,0,65,0,70,0,60,0,0,0,0,0,0,0,0,0,0,,Rowe_Elliot,0,0,0,0,(),0,0,0.0,0,0,0.0,0,0,0,0,0,0,0,0,0,0,0,0,0,0,0,0
8702,Smith,William,Smith W.,214,1801,0,0,0,,20040321,0.0,0.0,0,4.5,0.0,0.0,0,0,3,0,0,0,0,0,0,0,0,65,0,70,0,70,0,65,0,57,0,60,0,64,0,55,0,60,0,63,0,60,0,63,0,68,0,64,0,0,0,0,0,0,0,0,0,0,,Smith_William,0,0,0,0,(),0,0,0.0,0,0,0.0,0,0,0,0,0,0,0,0,0,0,0,0,0,0,0,0
8703,Uglehus,Mikal Grimstad,Uglehus M.G.,214,3501,0,0,0,,20050515,0.0,0.0,0,4.0,0.0,0.0,0,0,3,0,0,0,0,0,0,0,0,66,0,60,0,62,0,67,0,63,0,63,0,64,0,64,0,67,0,60,0,61,0,60,0,64,0,66,0,0,0,0,0,0,0,0,0,0,,Uglehus_Mikal-Grimstad,0,0,0,0,(),0,0,0.0,0,0,0.0,0,0,0,0,0,0,0,0,0,0,0,0,0,0,0,0
8704,Van Kerckhove,Matisse,Van Kerckhove M.,214,402,0,0,0,,20060911,0.0,0.0,0,5.0,0.0,0.0,0,0,3,0,0,0,185,70,0,0,0,71,0,67,0,70,0,75,0,68,0,72,0,71,0,62,0,66,0,66,0,68,0,65,0,73,0,63,0,0,0,0,0,0,0,0,0,0,,Van-Kerckhove_Matisse,0,0,0,0,(),0,0,0.0,0,0,0.0,0,0,0,0,0,0,0,0,0,0,0,0,0,0,0,0
8705,De Bock,Aless,De Bock A.,237,402,0,0,0,,20060704,0.0,0.0,0,4.0,0.0,0.0,0,0,3,0,0,0,178,70,0,0,0,66,0,56,0,58,0,70,0,66,0,59,0,60,0,61,0,60,0,57,0,59,0,58,0,63,0,61,0,0,0,0,0,0,0,0,0,0,,De-Bock_Aless,0,0,0,0,(),0,0,0.0,0,0,0.0,0,0,0,0,0,0,0,0,0,0,0,0,0,0,0,0
8706,Remijn,Senna,Remijn S.,37,511,0,0,0,sremijn,20060122,0.0,0.0,0,4.5,0.0,0.0,0,0,3,0,0,0,187,68,0,0,0,72,0,60,0,67,0,72,0,70,0,65,0,65,0,64,0,65,0,67,0,68,0,65,0,74,0,68,0,0,2,4,0,0,0,0,0,0,,Remijn_Senna,0,0,0,0,(),0,0,0.0,0,0,0.0,0,0,0,0,0,0,0,0,0,0,0,0,0,0,0,0
8707,Behrens,Timo,Behrens T.,237,705,0,0,0,,20010925,0.0,0.0,0,2.5,0.0,0.0,0,0,3,0,0,0,187,84,0,0,0,66,0,54,0,55,0,63,0,64,0,60,0,58,0,58,0,58,0,55,0,55,0,58,0,59,0,56,0,0,0,0,0,0,0,0,0,0,,Behrens_Timo,0,0,0,0,(),0,0,0.0,0,0,0.0,0,0,0,0,0,0,0,0,0,0,0,0,0,0,0,0
8708,Vandevorst,Nio,Vandevorst N.,237,402,0,0,0,,20060218,0.0,0.0,0,3.0,0.0,0.0,0,0,3,0,0,0,185,74,0,0,0,66,0,56,0,59,0,68,0,64,0,61,0,61,0,64,0,65,0,59,0,62,0,60,0,62,0,69,0,0,0,0,0,0,0,0,0,0,,Vandevorst_Nio,0,0,0,0,(),0,0,0.0,0,0,0.0,0,0,0,0,0,0,0,0,0,0,0,0,0,0,0,0
8709,Viezzi,Stefano,Viezzi S.,237,207,0,0,0,,20060205,0.0,0.0,0,3.5,0.0,0.0,0,0,3,0,0,0,190,73,0,0,0,65,0,58,0,60,0,71,0,64,0,60,0,62,0,57,0,64,0,58,0,58,0,57,0,65,0,65,0,0,0,0,0,0,0,0,0,0,,Viezzi_Stefano,0,0,0,0,(),0,0,0.0,0,0,0.0,0,0,0,0,0,0,0,0,0,0,0,0,0,0,0,0
8710,Mason,Cameron,Mason C.,237,1801,0,0,0,,20000818,0.0,0.0,0,4.0,0.0,0.0,0,0,3,0,0,0,176,62,0,0,0,65,0,60,0,61,0,73,0,66,0,59,0,60,0,60,0,64,0,62,0,62,0,60,0,64,0,65,0,0,0,0,0,0,0,0,0,0,,Mason_Cameron,0,0,0,0,(),0,0,0.0,0,0,0.0,0,0,0,0,0,0,0,0,0,0,0,0,0,0,0,0
8711,Álvarez,Hector,Álvarez H.,211,809,0,0,0,,20061212,0.0,0.0,0,5.0,0.0,0.0,0,0,3,0,0,0,187,73,0,0,0,70,0,60,0,67,0,69,0,67,0,67,0,67,0,68,0,67,0,63,0,64,0,65,0,71,0,58,0,0,0,0,0,0,0,0,0,0,,Alvarez_Hector,0,0,0,0,(),0,0,0.0,0,0,0.0,0,0,0,0,0,0,0,0,0,0,0,0,0,0,0,0
8712,Bessega,Andrea,Bessega A.,211,201,0,0,0,,20060330,0.0,0.0,0,3.5,0.0,0.0,0,0,3,0,0,0,0,0,0,0,0,62,0,64,0,64,0,69,0,55,0,56,0,58,0,56,0,61,0,60,0,58,0,57,0,63,0,63,0,0,0,0,0,0,0,0,0,0,,Bessega_Andrea,0,0,0,0,(),0,0,0.0,0,0,0.0,0,0,0,0,0,0,0,0,0,0,0,0,0,0,0,0
8713,Grindley,Sebastian,Grindley S.,211,1801,0,0,0,,20060424,0.0,0.0,0,4.5,0.0,0.0,0,0,3,0,0,0,188,72,0,0,0,66,0,58,0,59,0,70,0,64,0,63,0,65,0,64,0,66,0,61,0,63,0,62,0,63,0,70,0,0,0,0,0,0,0,0,0,0,,Grindley_Sebastian,0,0,0,0,(),0,0,0.0,0,0,0.0,0,0,0,0,0,0,0,0,0,0,0,0,0,0,0,0
8714,Verbnjak,Paul,Verbnjak P.,119,3701,0,0,0,,20011210,0.0,0.0,0,3.0,0.0,0.0,0,0,3,0,0,0,0,0,0,0,0,61,0,65,0,66,0,68,0,60,0,61,0,61,0,54,0,57,0,60,0,58,0,60,0,64,0,60,0,0,0,0,0,0,0,0,0,0,,Verbnjak_Paul,0,0,0,0,(),0,0,0.0,0,0,0.0,0,0,0,0,0,0,0,0,0,0,0,0,0,0,0,0
8715,Bravo,Henrique,Bravo H.,210,5601,0,0,0,,20060420,0.0,0.0,0,4.5,0.0,0.0,0,0,3,0,0,0,0,0,0,0,0,64,0,71,0,71,0,68,0,59,0,60,0,60,0,57,0,61,0,65,0,65,0,66,0,70,0,69,0,0,0,0,0,0,0,0,0,0,,Bravo_Henrique,0,0,0,0,(),0,0,0.0,0,0,0.0,0,0,0,0,0,0,0,0,0,0,0,0,0,0,0,0
8716,De Clercq,Mathijs,De Clercq M.,210,402,0,0,0,,20060123,0.0,0.0,0,3.5,0.0,0.0,0,0,3,0,0,0,0,0,0,0,0,64,0,67,0,67,0,67,0,62,0,64,0,63,0,59,0,63,0,63,0,63,0,62,0,65,0,58,0,0,0,0,0,0,0,0,0,0,,De-Clercq_Mathijs,0,0,0,0,(),0,0,0.0,0,0,0.0,0,0,0,0,0,0,0,0,0,0,0,0,0,0,0,0
8717,Muñoz,Hodei,Muñoz H.,210,816,0,0,0,,20060801,0.0,0.0,0,4.0,0.0,0.0,0,0,3,0,0,0,0,0,0,0,0,67,0,66,0,68,0,71,0,63,0,60,0,62,0,66,0,68,0,64,0,63,0,62,0,70,0,72,0,0,0,0,0,0,0,0,0,0,,Munoz_Hodei,0,0,0,0,(),0,0,0.0,0,0,0.0,0,0,0,0,0,0,0,0,0,0,0,0,0,0,0,0
8718,Schaper,Joeri,Schaper J.,210,508,0,0,0,,20060129,0.0,0.0,0,4.0,0.0,0.0,0,0,3,0,0,0,187,67,0,0,0,69,0,57,0,60,0,64,0,68,0,63,0,63,0,61,0,60,0,62,0,62,0,59,0,64,0,59,0,0,0,0,0,0,0,0,0,0,,Schaper_Joeri,0,0,0,0,(),0,0,0.0,0,0,0.0,0,0,0,0,0,0,0,0,0,0,0,0,0,0,0,0
8719,Schoofs,Jasper,Schoofs J.,210,402,0,0,0,,20060330,0.0,0.0,0,5.0,0.0,0.0,0,0,3,0,0,0,186,68,0,0,0,67,0,61,0,61,0,72,0,62,0,67,0,66,0,63,0,65,0,58,0,60,0,57,0,63,0,73,0,0,0,0,0,0,0,0,0,0,,Schoofs_Jasper,0,0,0,0,(),0,0,0.0,0,0,0.0,0,0,0,0,0,0,0,0,0,0,0,0,0,0,0,0
8720,Valjavec,Erazem,Valjavec E.,210,2801,0,0,0,,20060818,0.0,0.0,0,5.0,0.0,0.0,0,0,3,0,0,0,0,0,0,0,0,65,0,67,0,67,0,69,0,64,0,63,0,63,0,58,0,62,0,60,0,60,0,63,0,67,0,68,0,0,0,0,0,0,0,0,0,0,,Valjavec_Erazem,0,0,0,0,(),0,0,0.0,0,0,0.0,0,0,0,0,0,0,0,0,0,0,0,0,0,0,0,0
8721,Van Strijthem,Matijs,Van Strijthem M.,210,402,0,0,0,,20060314,0.0,0.0,0,3.5,0.0,0.0,0,0,3,0,0,0,0,0,0,0,0,67,0,55,0,58,0,68,0,65,0,57,0,58,0,66,0,67,0,61,0,62,0,58,0,64,0,58,0,0,0,0,0,0,0,0,0,0,,Van-Strijthem_Matijs,0,0,0,0,(),0,0,0.0,0,0,0.0,0,0,0,0,0,0,0,0,0,0,0,0,0,0,0,0
8722,Zafra,Marc,Zafra M.,210,809,0,0,0,,20060922,0.0,0.0,0,3.5,0.0,0.0,0,0,3,0,0,0,0,0,0,0,0,65,0,59,0,61,0,66,0,62,0,57,0,58,0,63,0,64,0,59,0,60,0,58,0,66,0,70,0,0,0,0,0,0,0,0,0,0,,Zafra_Marc,0,0,0,0,(),0,0,0.0,0,0,0.0,0,0,0,0,0,0,0,0,0,0,0,0,0,0,0,0
8723,Leuw Larsen,Anton,Leuw Larsen A.,164,1005,0,0,0,,20060624,0.0,0.0,0,2.5,0.0,0.0,0,0,3,0,0,0,0,0,0,0,0,65,0,58,0,60,0,63,0,61,0,60,0,59,0,64,0,64,0,58,0,59,0,58,0,61,0,55,0,0,0,0,0,0,0,0,0,0,,Louw-Larsen_Anton,0,0,0,0,(),0,0,0.0,0,0,0.0,0,0,0,0,0,0,0,0,0,0,0,0,0,0,0,0
8724,Molenaar,Ko,Molenaar K.,215,508,0,0,0,,20060901,0.0,0.0,0,3.0,0.0,0.0,0,0,3,0,0,0,182,62,0,0,0,65,0,56,0,58,0,63,0,62,0,58,0,61,0,60,0,65,0,58,0,60,0,60,0,61,0,73,0,0,0,0,0,0,0,0,0,0,,Molenaar_Ko,0,0,0,0,(),0,0,0.0,0,0,0.0,0,0,0,0,0,0,0,0,0,0,0,0,0,0,0,0
8725,Scheldeman,Xander,Scheldeman X.,215,402,0,0,0,,20060524,0.0,0.0,0,3.5,0.0,0.0,0,0,3,0,0,0,187,66,0,0,0,66,0,55,0,56,0,66,0,63,0,60,0,60,0,63,0,62,0,60,0,61,0,60,0,60,0,71,0,0,0,0,0,0,0,0,0,0,,Scheldeman_Xander,0,0,0,0,(),0,0,0.0,0,0,0.0,0,0,0,0,0,0,0,0,0,0,0,0,0,0,0,0
8726,Sumpík,Pavel,Sumpík P.,215,3301,0,0,0,,20060911,0.0,0.0,0,4.5,0.0,0.0,0,0,3,0,0,0,182,63,0,0,0,67,0,65,0,66,0,70,0,65,0,65,0,67,0,63,0,66,0,62,0,63,0,63,0,68,0,63,0,0,0,0,0,0,0,0,0,0,,Sumpik_Pavel,0,0,0,0,(),0,0,0.0,0,0,0.0,0,0,0,0,0,0,0,0,0,0,0,0,0,0,0,0
8727,van Rees,Christiaan,van Rees C.,215,512,0,0,0,,20050428,0.0,0.0,0,3.5,0.0,0.0,0,0,3,0,0,0,0,0,0,0,0,66,0,55,0,55,0,69,0,66,0,61,0,61,0,63,0,65,0,61,0,62,0,60,0,60,0,57,0,0,0,0,0,0,0,0,0,0,,Van-Rees_Christiaan,0,0,0,0,(),0,0,0.0,0,0,0.0,0,0,0,0,0,0,0,0,0,0,0,0,0,0,0,0
8728,Vanhuffel,Matteo,Vanhuffel M.,215,402,0,0,0,,20060827,0.0,0.0,0,5.0,0.0,0.0,0,0,3,0,0,0,178,57,0,0,0,64,0,70,0,70,0,71,0,62,0,59,0,60,0,60,0,62,0,65,0,65,0,64,0,68,0,63,0,0,0,0,0,0,0,0,0,0,,Vanhuffel_Matteo,0,0,0,0,(),0,0,0.0,0,0,0.0,0,0,0,0,0,0,0,0,0,0,0,0,0,0,0,0
8729,Zomermaand,Jurgen,Zomermaand J.,215,503,0,0,0,,20060213,0.0,0.0,0,4.0,0.0,0.0,0,0,3,0,0,0,190,67,0,0,0,65,0,67,0,69,0,64,0,63,0,64,0,64,0,60,0,65,0,63,0,61,0,63,0,70,0,65,0,0,0,0,0,0,0,0,0,0,,Zomermaand_Jurgen,0,0,0,0,(),0,0,0.0,0,0,0.0,0,0,0,0,0,0,0,0,0,0,0,0,0,0,0,0
8730,Fabries,Ugo,Fabries U.,216,314,0,0,0,,20050803,0.0,0.0,0,4.0,0.0,0.0,0,0,3,0,0,0,0,0,0,0,0,67,0,63,0,66,0,70,0,62,0,63,0,65,0,59,0,61,0,61,0,61,0,63,0,70,0,72,0,0,0,0,0,0,0,0,0,0,,Fabries_Ugo,0,0,0,0,(),0,0,0.0,0,0,0.0,0,0,0,0,0,0,0,0,0,0,0,0,0,0,0,0
8731,Freire,Marcos,Freire M.,216,806,0,0,0,,20060716,0.0,0.0,0,3.5,0.0,0.0,0,0,3,0,0,0,0,0,0,0,0,64,0,59,0,60,0,69,0,58,0,58,0,59,0,63,0,65,0,57,0,57,0,56,0,64,0,69,0,0,0,0,0,0,0,0,0,0,,Freire_Marcos,0,0,0,0,(),0,0,0.0,0,0,0.0,0,0,0,0,0,0,0,0,0,0,0,0,0,0,0,0
8732,Pericas,Adrià,Pericas A.,16,809,0,0,0,apericas,20060526,0.0,0.0,0,5.5,0.0,0.0,0,0,3,0,0,0,0,0,0,0,0,66,0,71,0,72,0,68,0,58,0,65,0,64,0,62,0,65,0,65,0,63,0,65,0,72,0,68,0,0,2,2,0,0,0,0,0,0,,Pericas_Adria,0,0,0,0,(),0,0,0.0,0,0,0.0,0,0,0,0,0,0,0,0,0,0,0,0,0,0,0,0
8733,Sambinello,Enea,Sambinello E.,216,208,0,0,0,,20060209,0.0,0.0,0,5.0,0.0,0.0,0,0,3,0,0,0,0,0,0,0,0,67,0,66,0,69,0,67,0,60,0,64,0,64,0,61,0,68,0,63,0,64,0,64,0,70,0,66,0,0,0,0,0,0,0,0,0,0,,Sambinello_Enea,0,0,0,0,(),0,0,0.0,0,0,0.0,0,0,0,0,0,0,0,0,0,0,0,0,0,0,0,0
8734,Schwarzbacher,Matthias,Schwarzbacher M.,5,2701,0,0,0,mschwarzbacher,20051222,0.0,0.0,0,5.0,0.0,0.0,0,0,3,0,0,0,183,72,0,0,0,70,0,58,0,64,0,72,0,66,0,71,0,70,0,69,0,69,0,65,0,64,0,65,0,65,0,68,0,0,0,0,0,0,0,0,64,0,,Schwarzbacher_Matthias,0,0,0,0,(),0,0,0.0,0,0,0.0,0,0,0,0,0,0,0,1,0,0,0,0,0,0,0,0
8735,Stella,Davide,Stella D.,216,207,0,0,0,,20060414,0.0,0.0,0,4.5,0.0,0.0,0,0,3,0,0,0,0,0,0,0,0,68,0,56,0,58,0,69,0,61,0,63,0,67,0,70,0,70,0,61,0,63,0,58,0,60,0,60,0,0,0,0,0,0,0,0,0,0,,Stella_Davide,0,0,0,0,(),0,0,0.0,0,0,0.0,0,0,0,0,0,0,0,0,0,0,0,0,0,0,0,0
8736,Boussemaere,Louic,Boussemaere L.,203,402,0,0,0,,20060826,0.0,0.0,0,5.0,0.0,0.0,0,0,3,0,0,0,176,56,0,0,0,63,0,63,0,63,0,70,0,62,0,60,0,60,0,61,0,63,0,60,0,60,0,61,0,65,0,63,0,0,0,0,0,0,0,0,0,0,,Boussemaere_Louic,0,0,0,0,(),0,0,0.0,0,0,0.0,0,0,0,0,0,0,0,0,0,0,0,0,0,0,0,0
8737,Chaleil,Louis,Chaleil L.,203,303,0,0,0,,20060221,0.0,0.0,0,3.5,0.0,0.0,0,0,3,0,0,0,183,68,0,0,0,69,0,58,0,60,0,67,0,65,0,65,0,65,0,65,0,64,0,60,0,62,0,60,0,63,0,72,0,0,0,0,0,0,0,0,0,0,,Chaleil_Louis,0,0,0,0,(),0,0,0.0,0,0,0.0,0,0,0,0,0,0,0,0,0,0,0,0,0,0,0,0
8738,Dahl,Marius Innhaug,Dahl M.I.,203,3501,0,0,0,,20060519,0.0,0.0,0,4.0,0.0,0.0,0,0,3,0,0,0,180,68,0,0,0,68,0,55,0,57,0,66,0,64,0,65,0,65,0,63,0,62,0,61,0,63,0,63,0,61,0,67,0,0,0,0,0,0,0,0,0,0,,Dahl_Marius-Innhaug,0,0,0,0,(),0,0,0.0,0,0,0.0,0,0,0,0,0,0,0,0,0,0,0,0,0,0,0,0
8739,Greenwood,Matthew,Greenwood M.,119,2001,0,0,0,,20030207,0.0,0.0,0,3.0,0.0,0.0,0,0,3,0,0,0,182,63,0,0,0,63,0,68,0,68,0,65,0,57,0,62,0,61,0,55,0,58,0,63,0,61,0,63,0,66,0,64,0,0,0,0,0,0,0,0,0,0,,Greenwood_Matthew,0,0,0,0,(),0,0,0.0,0,0,0.0,0,0,0,0,0,0,0,0,0,0,0,0,0,0,0,0
8740,Haugland,Kasper,Haugland K.,203,3501,0,0,0,,20050327,0.0,0.0,0,3.0,0.0,0.0,0,0,3,0,0,0,185,74,0,0,0,66,0,56,0,56,0,65,0,62,0,60,0,59,0,63,0,65,0,59,0,59,0,58,0,60,0,56,0,0,0,0,0,0,0,0,0,0,,Haugland_Kasper,0,0,0,0,(),0,0,0.0,0,0,0.0,0,0,0,0,0,0,0,0,0,0,0,0,0,0,0,0
8741,Sparfel,Aubin,Sparfel A.,203,313,0,0,0,,20060503,0.0,0.0,0,5.5,0.0,0.0,0,0,3,0,0,0,176,59,0,0,0,70,0,68,0,70,0,78,0,67,0,62,0,65,0,68,0,75,0,68,0,70,0,66,0,72,0,68,0,0,0,0,0,0,0,0,0,0,,Sparfel_Aubin,0,0,0,0,(),0,0,0.0,0,0,0.0,0,0,0,0,0,0,0,1,0,0,0,0,0,0,0,0
8742,Chardon,Johan,Chardon J.,207,318,0,0,0,,20060531,0.0,0.0,0,3.0,0.0,0.0,0,0,3,0,0,0,0,0,0,0,0,64,0,61,0,59,0,67,0,60,0,58,0,58,0,58,0,58,0,57,0,57,0,54,0,64,0,56,0,0,0,0,0,0,0,0,0,0,,Chardon_Johan,0,0,0,0,(),0,0,0.0,0,0,0.0,0,0,0,0,0,0,0,0,0,0,0,0,0,0,0,0
8743,Lévêque,Theo,Lévêque T.,25,318,0,0,0,tleveque,20040121,0.0,0.0,0,3.5,0.0,0.0,0,0,3,0,0,0,0,0,0,0,0,64,0,67,0,67,0,66,0,60,0,62,0,60,0,55,0,56,0,63,0,62,0,62,0,67,0,67,0,0,0,0,0,0,0,0,0,0,,Leveque_Theo,0,0,0,0,(),0,0,0.0,0,0,0.0,0,0,0,0,0,0,0,0,0,0,0,0,0,0,0,0
8744,Mainguenaud,Lucas,Mainguenaud L.,119,320,0,0,0,,20040304,0.0,0.0,0,3.0,0.0,0.0,0,0,3,0,0,0,0,0,0,0,0,63,0,58,0,60,0,68,0,57,0,59,0,59,0,63,0,65,0,57,0,57,0,53,0,62,0,74,0,0,0,0,0,0,0,0,0,0,,Mainguenaud_Lucas,0,0,0,0,(),0,0,0.0,0,0,0.0,0,0,0,0,0,0,0,0,0,0,0,0,0,0,0,0
8745,Menanteau,Lucas,Menanteau L.,207,318,0,0,0,,20060225,0.0,0.0,0,4.0,0.0,0.0,0,0,3,0,0,0,0,0,0,0,0,64,0,57,0,60,0,66,0,61,0,63,0,64,0,61,0,63,0,60,0,59,0,58,0,62,0,65,0,0,0,0,0,0,0,0,0,0,,Menanteau_Lucas,0,0,0,0,(),0,0,0.0,0,0,0.0,0,0,0,0,0,0,0,0,0,0,0,0,0,0,0,0
8746,Meynard,Maxime,Meynard M.,207,312,0,0,0,,20040509,0.0,0.0,0,2.5,0.0,0.0,0,0,3,0,0,0,0,0,0,0,0,64,0,54,0,57,0,69,0,62,0,55,0,59,0,67,0,66,0,59,0,60,0,57,0,59,0,58,0,0,0,0,0,0,0,0,0,0,,Meynard_Maxime,0,0,0,0,(),0,0,0.0,0,0,0.0,0,0,0,0,0,0,0,0,0,0,0,0,0,0,0,0
8747,Pavis,Evan,Pavis E.,207,318,0,0,0,,20050103,0.0,0.0,0,3.5,0.0,0.0,0,0,3,0,0,0,0,0,0,0,0,67,0,59,0,59,0,66,0,62,0,56,0,57,0,63,0,63,0,60,0,60,0,59,0,63,0,73,0,0,0,0,0,0,0,0,0,0,,Pavis_Evan,0,0,0,0,(),0,0,0.0,0,0,0.0,0,0,0,0,0,0,0,0,0,0,0,0,0,0,0,0
8748,Scott,Oliver,Scott O.,207,3401,0,0,0,,20061223,0.0,0.0,0,3.0,0.0,0.0,0,0,3,0,0,0,193,76,0,0,0,65,0,56,0,55,0,69,0,60,0,59,0,61,0,61,0,61,0,58,0,58,0,58,0,57,0,59,0,0,0,0,0,0,0,0,0,0,,Scott_Oliver,0,0,0,0,(),0,0,0.0,0,0,0.0,0,0,0,0,0,0,0,0,0,0,0,0,0,0,0,0
8750,Moreira,Daniel,Moreira D.,135,2901,0,0,0,,20060702,0.0,0.0,0,4.0,0.0,0.0,0,0,3,0,0,0,0,0,0,0,0,65,0,64,0,68,0,67,0,58,0,61,0,63,0,67,0,71,0,64,0,63,0,65,0,69,0,62,0,0,0,0,0,0,0,0,0,0,,Moreira_Daniel,0,0,0,0,(),0,0,0.0,0,0,0.0,0,0,0,0,0,0,0,0,0,0,0,0,0,0,0,0
8751,Holmes,Wil,Holmes W.,135,2001,0,0,0,,20060220,0.0,0.0,0,5.0,0.0,0.0,0,0,3,0,0,0,181,64,0,0,0,65,0,61,0,64,0,70,0,58,0,64,0,66,0,58,0,55,0,57,0,57,0,59,0,64,0,63,0,0,0,0,0,0,0,0,0,0,,Holmes_Wil,0,0,0,0,(),0,0,0.0,0,0,0.0,0,0,0,0,0,0,0,0,0,0,0,0,0,0,0,0
8752,Just Pedersen,Carl Emil,Just Pedersen C.E.,135,1002,0,0,0,,20060116,0.0,0.0,0,3.0,0.0,0.0,0,0,3,0,0,0,192,80,0,0,0,67,0,55,0,57,0,65,0,64,0,64,0,65,0,64,0,63,0,58,0,58,0,58,0,61,0,71,0,0,0,0,0,0,0,0,0,0,,Just-Pedersen_Carl-Emil,0,0,0,0,(),0,0,0.0,0,0,0.0,0,0,0,0,0,0,0,0,0,0,0,0,0,0,0,0
8753,Sánchez,Rubén,Sánchez R.,119,814,0,0,0,,20060103,0.0,0.0,0,3.5,0.0,0.0,0,0,3,0,0,0,0,0,0,0,0,65,0,58,0,63,0,65,0,59,0,62,0,63,0,65,0,67,0,55,0,56,0,54,0,64,0,64,0,0,0,0,0,0,0,0,0,0,,Sanchez_Ruben,0,0,0,0,(),0,0,0.0,0,0,0.0,0,0,0,0,0,0,0,0,0,0,0,0,0,0,0,0
8754,Bouquet,Axel,Bouquet A.,68,316,0,0,0,,20060202,0.0,0.0,0,3.5,0.0,0.0,0,0,3,0,0,0,0,0,0,0,0,63,0,61,0,63,0,63,0,63,0,62,0,63,0,58,0,61,0,64,0,66,0,63,0,69,0,61,0,0,0,0,0,0,0,0,0,0,,Bouquet_Axel,0,0,0,0,(),0,0,0.0,0,0,0.0,0,0,0,0,0,0,0,0,0,0,0,0,0,0,0,0
8755,Gloux,Swann,Gloux S.,119,305,0,0,0,,20031029,0.0,0.0,0,2.5,0.0,0.0,0,0,3,0,0,0,0,0,0,0,0,58,0,60,0,60,0,65,0,59,0,57,0,54,0,54,0,64,0,54,0,57,0,57,0,62,0,66,0,0,0,0,0,0,0,0,0,0,,Gloux_Swann,0,0,0,0,(),0,0,0.0,0,0,0.0,0,0,0,0,0,0,0,0,0,0,0,0,0,0,0,0
8756,Houcou,Emmanuel,Houcou E.,97,323,0,0,0,ehoucou,20030214,0.0,0.0,0,4.5,0.0,0.0,0,0,3,0,0,15,0,0,0,0,0,68,0,55,0,58,0,67,0,65,0,57,0,60,0,73,0,75,0,64,0,65,0,62,0,65,0,61,0,0,0,0,0,0,0,0,0,0,,Houcou_Emmanuel,0,0,0,0,(),0,0,0.0,0,0,0.0,0,0,0,0,0,0,0,0,0,0,0,0,0,0,0,0
8757,Poulard,Athit,Poulard A.,119,8201,0,0,0,,20030128,0.0,0.0,0,3.0,0.0,0.0,0,0,3,0,0,0,0,0,0,0,0,64,0,65,0,65,0,65,0,55,0,57,0,56,0,60,0,60,0,60,0,62,0,56,0,66,0,61,0,0,0,0,0,0,0,0,0,0,,Poulard_Baptiste,0,0,0,0,(),0,0,0.0,0,0,0.0,0,0,0,0,0,0,0,2,0,0,0,0,0,0,0,0
8758,Thierry,Paul,Thierry Pa.,119,305,0,0,0,pthierry,20060623,0.0,0.0,0,3.0,0.0,0.0,0,0,3,0,0,0,0,0,0,0,0,58,0,60,0,60,0,60,0,58,0,53,0,53,0,54,0,56,0,57,0,57,0,56,0,62,0,56,0,0,0,0,0,0,0,0,0,0,,Thierry_Paul,0,0,0,0,(),0,0,0.0,0,0,0.0,0,0,0,0,0,0,0,0,0,0,0,0,0,0,0,0
8759,Zamperini,Edoardo,Zamperini E.,34,206,0,0,0,ezamperini,20030319,0.0,0.0,0,4.0,0.0,0.0,0,0,3,0,0,0,0,0,0,0,0,70,0,67,0,70,0,70,0,67,0,60,0,60,0,66,0,65,0,65,0,66,0,61,0,71,0,64,0,0,0,0,0,0,0,0,0,0,,Zamperini_Edoardo,0,0,0,0,(),0,0,0.0,0,0,0.0,0,0,0,0,0,0,0,0,0,0,0,0,0,0,0,0
8760,Aernouts,Nicolas,Aernouts N.,119,402,0,0,0,,20060212,0.0,0.0,0,2.5,0.0,0.0,0,0,3,0,0,0,169,55,0,0,0,62,0,61,0,60,0,69,0,50,0,56,0,57,0,60,0,62,0,59,0,60,0,53,0,64,0,55,0,0,0,0,0,0,0,0,0,0,,Aernouts_Nicolas,0,0,0,0,(),0,0,0.0,0,0,0.0,0,0,0,0,0,0,0,0,0,0,0,0,0,0,0,0
8762,Imamura,Shunsuke,Imamura S.,209,2101,0,0,0,,19980214,0.0,0.0,0,3.0,0.0,0.0,0,0,3,0,0,0,0,0,0,0,0,66,0,61,0,63,0,65,0,58,0,58,0,59,0,64,0,66,0,60,0,61,0,62,0,64,0,68,0,0,0,0,0,0,0,0,64,0,,Imamura_Shunsuke,0,0,0,0,(),0,0,0.0,0,0,0.0,0,0,0,0,0,0,0,1,0,0,0,0,0,0,0,0
8763,Shimazaki,Mazao,Shimazaki M.,119,2101,0,0,0,,20051027,0.0,0.0,0,2.0,0.0,0.0,0,0,3,0,0,0,0,0,0,0,0,54,0,59,0,61,0,68,0,54,0,55,0,55,0,61,0,57,0,55,0,57,0,55,0,61,0,67,0,0,0,0,0,0,0,0,0,0,,Shimazaki_Mazao,0,0,0,0,(),0,0,0.0,0,0,0.0,0,0,0,0,0,0,0,0,0,0,0,0,0,0,0,0
8764,Solen,Keije,Solen K.,209,501,0,0,0,,20060327,0.0,0.0,0,3.5,0.0,0.0,0,0,3,0,0,0,184,67,0,0,0,67,0,61,0,63,0,71,0,64,0,60,0,62,0,61,0,63,0,60,0,62,0,62,0,67,0,60,0,0,0,0,0,0,0,0,0,0,,Solen_Keije,0,0,0,0,(),0,0,0.0,0,0,0.0,0,0,0,0,0,0,0,0,0,0,0,0,0,0,0,0
8765,Van den Broek,Axel,Van den Broek A.,119,402,0,0,0,,20060503,0.0,0.0,0,4.5,0.0,0.0,0,0,3,0,0,0,183,69,0,0,0,65,0,61,0,64,0,70,0,62,0,58,0,61,0,61,0,64,0,59,0,60,0,57,0,66,0,66,0,0,0,0,0,0,0,0,0,0,,Van-den-Broek_Axel,0,0,0,0,(),0,0,0.0,0,0,0.0,0,0,0,0,0,0,0,0,0,0,0,0,0,0,0,0
8766,Ørn-Kristoff,Felix,Ørn-Kristoff F.,9,3501,0,0,0,forn-kristoff,20060315,0.0,0.0,0,5.0,0.0,0.0,0,0,3,0,0,0,183,76,0,0,0,70,0,59,0,62,0,68,0,64,0,62,0,62,0,64,0,67,0,66,0,66,0,66,0,68,0,64,0,0,0,0,0,0,0,0,0,0,,orn-kristoff_Felix,0,0,0,0,(),0,0,0.0,0,0,0.0,0,0,0,0,0,0,0,0,0,0,0,0,0,0,0,0
8767,Dockx,Gilles,Dockx G.,119,402,0,0,0,gdockx,20050307,0.0,0.0,0,3.5,0.0,0.0,0,0,3,0,0,0,182,61,0,0,0,66,0,61,0,63,0,70,0,64,0,58,0,60,0,64,0,68,0,62,0,64,0,63,0,67,0,68,0,0,0,0,0,0,0,0,0,0,,Dockx_Gilles,0,0,0,0,(),0,0,0.0,0,0,0.0,0,0,0,0,0,0,0,0,0,0,0,0,0,0,0,0
8768,Attolini,Luca,Attolini L.,119,213,0,0,0,,20061016,0.0,0.0,0,3.5,0.0,0.0,0,0,3,0,0,0,0,0,0,0,0,58,0,61,0,61,0,67,0,58,0,57,0,56,0,51,0,56,0,56,0,57,0,54,0,64,0,64,0,0,0,0,0,0,0,0,0,0,,Attolini_Luca,0,0,0,0,(),0,0,0.0,0,0,0.0,0,0,0,0,0,0,0,0,0,0,0,0,0,0,0,0
8769,Gonov,Lev,Gonov L.,12,1501,0,0,0,lgonov,20000106,0.0,0.0,0,3.5,0.0,0.0,0,0,3,0,0,0,186,76,0,0,0,73,0,58,0,65,0,65,0,66,0,68,0,70,0,67,0,65,0,65,0,65,0,67,0,70,0,69,0,0,0,0,0,0,0,0,0,0,,Gonov_Lev,0,0,0,0,(),0,0,0.0,0,0,0.0,0,0,0,0,0,0,0,2,0,0,0,0,0,0,0,0
8770,Mellano,Ludovico Maria,Mellano L.M.,212,202,0,0,0,,20060823,0.0,0.0,0,4.0,0.0,0.0,0,0,3,0,0,0,0,0,0,0,0,67,0,60,0,65,0,68,0,63,0,63,0,64,0,67,0,67,0,62,0,64,0,65,0,69,0,63,0,0,0,0,0,0,0,0,0,0,,Mellano_Ludovico-Maria,0,0,0,0,(),0,0,0.0,0,0,0.0,0,0,0,0,0,0,0,0,0,0,0,0,0,0,0,0
8771,Smirnov,Ivan,Smirnov I.,119,1501,0,0,0,,19990114,0.0,0.0,0,2.5,0.0,0.0,0,0,3,0,0,0,188,83,0,0,0,68,0,55,0,56,0,69,0,60,0,57,0,59,0,70,0,71,0,61,0,62,0,61,0,61,0,65,0,0,0,0,0,0,0,0,0,0,,Smirnov_Ivan,0,0,0,0,(),0,0,0.0,0,0,0.0,0,0,0,0,0,0,0,2,0,0,0,0,0,0,0,0
8772,Zanutta,David,Zanutta D.,212,207,0,0,0,,20060105,0.0,0.0,0,3.5,0.0,0.0,0,0,3,0,0,0,171,57,0,0,0,65,0,67,0,67,0,67,0,60,0,59,0,65,0,57,0,61,0,61,0,59,0,60,0,67,0,61,0,0,0,0,0,0,0,0,0,0,,Zanutta_David,0,0,0,0,(),0,0,0.0,0,0,0.0,0,0,0,0,0,0,0,0,0,0,0,0,0,0,0,0
8773,Golob,Nik,Golob N.,50,2801,0,0,0,ngolob,20061008,0.0,0.0,0,2.0,0.0,0.0,0,0,3,0,0,0,181,72,0,0,0,63,0,55,0,59,0,65,0,54,0,56,0,57,0,68,0,67,0,57,0,57,0,57,0,62,0,65,0,0,0,0,0,0,0,0,0,0,,Golob_Nik,0,0,0,0,(),0,0,0.0,0,0,0.0,0,0,0,0,0,0,0,0,0,0,0,0,0,0,0,0
8774,Murn,Vid,Murn V.,50,2801,0,0,0,vmurn,20060630,0.0,0.0,0,2.0,0.0,0.0,0,0,3,0,0,0,0,0,0,0,0,62,0,59,0,60,0,62,0,60,0,59,0,58,0,59,0,59,0,56,0,57,0,53,0,61,0,57,0,0,0,0,0,0,0,0,0,0,,Murn_Vid,0,0,0,0,(),0,0,0.0,0,0,0.0,0,0,0,0,0,0,0,0,0,0,0,0,0,0,0,0
8776,Peterlin,Nejc,Peterlin N.,50,2801,0,0,0,npeterlin,20060817,0.0,0.0,0,3.0,0.0,0.0,0,0,3,0,0,0,0,0,0,0,0,67,0,58,0,60,0,67,0,59,0,62,0,62,0,65,0,65,0,59,0,60,0,55,0,60,0,65,0,0,0,0,0,0,0,0,0,0,,Peterlin_Nejc,0,0,0,0,(),0,0,0.0,0,0,0.0,0,0,0,0,0,0,0,0,0,0,0,0,0,0,0,0
8777,Zumer,Matic,Zumer M.,119,2801,0,0,0,mzumer,19971119,0.0,0.0,0,3.0,0.0,0.0,0,0,3,0,0,0,0,0,0,0,0,63,0,61,0,63,0,69,0,58,0,56,0,59,0,58,0,57,0,60,0,60,0,62,0,65,0,66,0,0,0,0,0,0,0,0,0,0,,Zumer_Matic,0,0,0,0,(),0,0,0.0,0,0,0.0,0,0,0,0,0,0,0,0,0,0,0,0,0,0,0,0
8778,Theot,Killian,Theot K.,59,317,0,0,0,ktheot,19990606,0.0,0.0,0,4.0,0.0,0.0,0,0,3,0,0,0,0,0,0,0,0,69,0,61,0,65,0,70,0,62,0,63,0,63,0,69,0,71,0,67,0,69,0,64,0,71,0,68,0,0,0,0,0,0,0,0,0,0,,Theot_Killian,0,0,0,0,(),0,0,0.0,0,0,0.0,0,0,0,0,0,0,0,0,0,0,0,0,0,0,0,0
8779,Taillieu,Aldo,Taillieu A.,214,402,0,0,0,,20060210,0.0,0.0,0,4.0,0.0,0.0,0,0,3,0,0,0,185,68,0,0,0,68,0,58,0,60,0,67,0,65,0,67,0,70,0,66,0,65,0,63,0,64,0,62,0,65,0,66,0,0,0,0,0,0,0,0,0,0,,Taillieu_Aldo,0,0,0,0,(),0,0,0.0,0,0,0.0,0,0,0,0,0,0,0,1,0,0,0,0,0,0,0,0
8780,Taillieu,Leon,Taillieu L.,119,402,0,0,0,,20040507,0.0,0.0,0,2.0,0.0,0.0,0,0,3,0,0,0,0,0,0,0,0,64,0,56,0,56,0,67,0,61,0,58,0,60,0,60,0,60,0,57,0,57,0,58,0,58,0,63,0,0,0,0,0,0,0,0,0,0,,Taillieu_Leon,0,0,0,0,(),0,0,0.0,0,0,0.0,0,0,0,0,0,0,0,0,0,0,0,0,0,0,0,0
8781,Van Gils,Lucas,Van Gils L.,209,402,0,0,0,,20060915,0.0,0.0,0,4.0,0.0,0.0,0,0,3,0,0,0,0,0,0,0,0,66,0,62,0,66,0,66,0,60,0,63,0,63,0,62,0,63,0,62,0,63,0,63,0,70,0,70,0,0,0,0,0,0,0,0,0,0,,Van-Gils_Lucas,0,0,0,0,(),0,0,0.0,0,0,0.0,0,0,0,0,0,0,0,0,0,0,0,0,0,0,0,0
8782,Casey,Patrick,Casey P.,242,3101,0,0,0,,20060321,0.0,0.0,0,3.5,0.0,0.0,0,0,3,0,0,0,0,0,0,0,0,59,0,61,0,60,0,68,0,58,0,55,0,59,0,59,0,61,0,54,0,54,0,57,0,63,0,59,0,0,0,0,0,0,0,0,0,0,,Casey_Patrick,0,0,0,0,(),0,0,0.0,0,0,0.0,0,0,0,0,0,0,0,0,0,0,0,0,0,0,0,0
8783,Coleman,Samuel,Coleman S.,119,3101,0,0,0,,20060115,0.0,0.0,0,2.5,0.0,0.0,0,0,3,0,0,0,0,0,0,0,0,58,0,59,0,52,0,66,0,56,0,60,0,55,0,53,0,57,0,57,0,53,0,56,0,61,0,57,0,0,0,0,0,0,0,0,0,0,,Coleman_Samuel,0,0,0,0,(),0,0,0.0,0,0,0.0,0,0,0,0,0,0,0,0,0,0,0,0,0,0,0,0
8784,Edinger,Roei,Edinger R.,242,7001,0,0,0,,20060509,0.0,0.0,0,3.0,0.0,0.0,0,0,3,0,0,0,0,0,0,0,0,63,0,61,0,61,0,61,0,55,0,57,0,56,0,58,0,64,0,60,0,60,0,58,0,65,0,63,0,0,0,0,0,0,0,0,0,0,,Edinger_Roei,0,0,0,0,(),0,0,0.0,0,0,0.0,0,0,0,0,0,0,0,0,0,0,0,0,0,0,0,0
8785,Tarling,Finlay,Tarling F.,242,1801,0,0,0,,20061002,0.0,0.0,0,4.0,0.0,0.0,0,0,3,0,0,0,0,0,0,0,0,68,0,64,0,66,0,69,0,62,0,65,0,64,0,60,0,59,0,62,0,63,0,63,0,68,0,58,0,0,0,0,0,0,0,0,0,0,,Tarling_Finlay,0,0,0,0,(),0,0,0.0,0,0,0.0,0,0,0,0,0,0,0,0,0,0,0,0,0,0,0,0
8786,Gilmore,Brady,Gilmore B.,42,2001,0,0,0,bgilmore,20010414,0.0,0.0,0,4.0,0.0,0.0,0,0,3,0,0,0,172,70,0,0,0,71,0,65,0,70,0,69,0,66,0,62,0,63,0,75,0,75,0,69,0,71,0,71,0,74,0,69,0,0,0,0,0,0,0,0,0,0,,Gilmore_Brady,0,0,0,0,(),0,0,0.0,0,0,0.0,0,0,0,0,0,0,0,6,0,0,0,0,0,0,0,0
8787,Casagrande,Diego,Casagrande D.,225,1703,0,0,0,,20040805,0.0,0.0,0,3.5,0.0,0.0,0,0,3,0,0,0,0,0,0,0,0,66,0,60,0,63,0,69,0,58,0,57,0,60,0,62,0,65,0,58,0,58,0,60,0,66,0,67,0,0,0,0,0,0,0,0,0,0,,Casagrande_Diego,0,0,0,0,(),0,0,0.0,0,0,0.0,0,0,0,0,0,0,0,0,0,0,0,0,0,0,0,0
8788,Guillemette,Mathias,Guillemette M.,225,2201,0,0,0,,20020114,0.0,0.0,0,3.0,0.0,0.0,0,0,3,0,0,0,180,73,0,0,0,65,0,53,0,55,0,63,0,60,0,57,0,58,0,66,0,67,0,57,0,57,0,55,0,60,0,55,0,0,0,0,0,0,0,0,0,0,,Guillemette_Mathias,0,0,0,0,(),0,0,0.0,0,0,0.0,0,0,0,0,0,0,0,0,0,0,0,0,0,0,0,0
8789,Král,Kristof,Král K.,163,3301,0,0,0,,20060703,0.0,0.0,0,4.5,0.0,0.0,0,0,3,0,0,0,0,0,0,0,0,64,0,60,0,63,0,68,0,61,0,59,0,59,0,65,0,68,0,56,0,57,0,55,0,65,0,61,0,0,0,0,0,0,0,0,0,0,,Kral_Kristof,0,0,0,0,(),0,0,0.0,0,0,0.0,0,0,0,0,0,0,0,0,0,0,0,0,0,0,0,0
8790,Mätik,Oliver,Mätik O.,225,1201,0,0,0,,20060603,0.0,0.0,0,3.5,0.0,0.0,0,0,3,0,0,0,0,0,0,0,0,65,0,55,0,60,0,69,0,62,0,62,0,62,0,63,0,65,0,59,0,59,0,58,0,61,0,55,0,0,0,0,0,0,0,0,0,0,,Matik_Oliver,0,0,0,0,(),0,0,0.0,0,0,0.0,0,0,0,0,0,0,0,0,0,0,0,0,0,0,0,0
8791,Melot,Noé,Melot N.,225,321,0,0,0,,20050907,0.0,0.0,0,3.0,0.0,0.0,0,0,3,0,0,0,0,0,0,0,0,61,0,65,0,63,0,62,0,57,0,61,0,62,0,54,0,52,0,54,0,56,0,57,0,64,0,71,0,0,0,0,0,0,0,0,0,0,,Melot_Noe,0,0,0,0,(),0,0,0.0,0,0,0.0,0,0,0,0,0,0,0,0,0,0,0,0,0,0,0,0
8792,Stiansen,Jesper,Stiansen J.,225,3501,0,0,0,,20050422,0.0,0.0,0,4.5,0.0,0.0,0,0,3,0,0,0,175,66,0,0,0,68,0,60,0,66,0,68,0,63,0,63,0,67,0,67,0,71,0,67,0,66,0,65,0,71,0,68,0,0,0,0,0,0,0,0,0,0,,Stiansen_Jesper,0,0,0,0,(),0,0,0.0,0,0,0.0,0,0,0,0,0,0,0,0,0,0,0,0,0,0,0,0
8793,Wallenborn,Arno,Wallenborn A.,119,1901,0,0,0,,20030408,0.0,0.0,0,3.0,0.0,0.0,0,0,3,0,0,0,0,0,0,0,0,66,0,60,0,62,0,68,0,60,0,61,0,61,0,59,0,62,0,60,0,61,0,60,0,66,0,58,0,0,0,0,0,0,0,0,0,0,,Wallenborn_Arno,0,0,0,0,(),0,0,0.0,0,0,0.0,0,0,0,0,0,0,0,0,0,0,0,0,0,0,0,0
8794,Medway,Jackson,Medway J.,225,2001,0,0,0,,20041015,0.0,0.0,0,4.0,0.0,0.0,0,0,3,0,0,0,0,0,0,0,0,66,0,56,0,59,0,63,0,60,0,65,0,65,0,61,0,59,0,60,0,60,0,59,0,60,0,66,0,0,0,0,0,0,0,0,0,0,,Medway_Jackson,0,0,0,0,(),0,0,0.0,0,0,0.0,0,0,0,0,0,0,0,0,0,0,0,0,0,0,0,0
8795,Tinner,Joël,Tinner J.,119,1701,0,0,0,,20040605,0.0,0.0,0,3.0,0.0,0.0,0,0,3,0,0,0,0,0,0,0,0,60,0,65,0,65,0,66,0,50,0,62,0,61,0,55,0,62,0,55,0,53,0,53,0,62,0,64,0,0,0,0,0,0,0,0,0,0,,Tinner_Joel,0,0,0,0,(),0,0,0.0,0,0,0.0,0,0,0,0,0,0,0,0,0,0,0,0,0,0,0,0
8796,Andreaus,Elia,Andreaus E.,213,201,0,0,0,,20060414,0.0,0.0,0,3.0,0.0,0.0,0,0,3,0,0,0,0,0,0,0,0,61,0,61,0,63,0,67,0,56,0,56,0,59,0,56,0,56,0,58,0,58,0,55,0,65,0,68,0,0,0,0,0,0,0,0,0,0,,Andreaus_Elia,0,0,0,0,(),0,0,0.0,0,0,0.0,0,0,0,0,0,0,0,0,0,0,0,0,0,0,0,0
8797,Basso,Santiago,Basso S.,213,201,0,0,0,,20060526,0.0,0.0,0,2.5,0.0,0.0,0,0,3,0,0,0,0,0,0,0,0,59,0,65,0,65,0,68,0,58,0,54,0,56,0,59,0,60,0,58,0,55,0,56,0,64,0,56,0,0,0,0,0,0,0,0,0,0,,Basso_Santiago,0,0,0,0,(),0,0,0.0,0,0,0.0,0,0,0,0,0,0,0,0,0,0,0,0,0,0,0,0
8798,Borremans,Kasper,Borremans K.,213,4701,0,0,0,,20060821,0.0,0.0,0,4.0,0.0,0.0,0,0,3,0,0,0,0,0,0,0,0,64,0,68,0,69,0,66,0,60,0,60,0,61,0,63,0,66,0,62,0,63,0,65,0,69,0,70,0,0,0,0,0,0,0,0,0,0,,Borremans_Kasper,0,0,0,0,(),0,0,0.0,0,0,0.0,0,0,0,0,0,0,0,0,0,0,0,0,0,0,0,0
8799,Consolidani,Leonardo,Consolidani L.,213,212,0,0,0,,20060506,0.0,0.0,0,3.0,0.0,0.0,0,0,3,0,0,0,170,59,0,0,0,63,0,58,0,61,0,65,0,57,0,57,0,58,0,64,0,64,0,57,0,54,0,53,0,61,0,57,0,0,0,0,0,0,0,0,0,0,,Consolidani_Leonardo,0,0,0,0,(),0,0,0.0,0,0,0.0,0,0,0,0,0,0,0,0,0,0,0,0,0,0,0,0
8800,Dunwoody,Seth,Dunwoody S.,213,3101,0,0,0,,20060526,0.0,0.0,0,5.0,0.0,0.0,0,0,3,0,0,0,0,0,0,0,0,70,0,57,0,61,0,68,0,68,0,66,0,66,0,70,0,71,0,63,0,64,0,63,0,64,0,69,0,0,0,0,0,0,0,0,0,0,,Dunwoody_Seth,0,0,0,0,(),0,0,0.0,0,0,0.0,0,0,0,0,0,0,0,0,0,0,0,0,0,0,0,0
8801,Huysmans,Nolan,Huysmans N.,69,402,0,0,0,nhuysmans,20060107,0.0,0.0,0,4.5,0.0,0.0,0,0,3,0,0,0,0,0,0,0,0,69,0,55,0,58,0,66,0,64,0,57,0,57,0,67,0,67,0,64,0,65,0,63,0,64,0,59,0,0,0,0,0,0,0,0,0,0,,Huysmans_Nolan,0,0,0,0,(),0,0,0.0,0,0,0.0,0,0,0,0,0,0,0,0,0,0,0,0,0,0,0,0
8802,Omrzel,Jakob,Omrzel J.,13,2801,0,0,0,jomrzel,20060321,0.0,0.0,0,5.0,0.0,0.0,0,0,3,0,0,0,185,62,0,0,0,67,0,72,0,73,0,69,0,63,0,57,0,57,0,62,0,64,0,69,0,67,0,67,0,73,0,60,0,0,0,0,0,0,0,0,128,0,,Omrzel_Jakob,0,0,0,0,(),0,0,0.0,0,0,0.0,0,0,0,0,0,0,0,1,0,0,0,0,0,0,0,0
8803,Turada,Yoshiki,Turada Y.,95,2101,0,0,0,,20020123,0.0,0.0,0,3.0,0.0,0.0,0,0,3,0,0,0,0,0,0,0,0,65,0,60,0,62,0,69,0,60,0,57,0,58,0,65,0,67,0,61,0,63,0,63,0,64,0,56,0,0,0,0,0,0,0,0,0,0,,Terada_Yoshiki,0,0,0,0,(),0,0,0.0,0,0,0.0,0,0,0,0,0,0,0,0,0,0,0,0,0,0,0,0
8804,Kristensen,Mads,Kristensen M.,119,1001,0,0,0,mkristensen,20060404,0.0,0.0,0,4.0,0.0,0.0,0,0,3,0,0,0,0,0,0,0,0,64,0,57,0,60,0,65,0,63,0,65,0,64,0,61,0,62,0,59,0,62,0,56,0,63,0,64,0,0,0,0,0,0,0,0,0,0,,Kristensen_Mads,0,0,0,0,(),0,0,0.0,0,0,0.0,0,0,0,0,0,0,0,0,0,0,0,0,0,0,0,0
8805,Hellerup,Malte,Hellerup M.,147,1001,0,0,0,mhellerup,20040407,0.0,0.0,0,3.5,0.0,0.0,0,0,3,0,0,0,0,0,0,0,0,66,0,65,0,67,0,67,0,60,0,60,0,61,0,60,0,65,0,63,0,65,0,64,0,68,0,67,0,0,0,0,0,0,0,0,0,0,,Hellerup_Malte,0,0,0,0,(),0,0,0.0,0,0,0.0,0,0,0,0,0,0,0,0,0,0,0,0,0,0,0,0
8806,Schultz Jølving,Otto,Schultz Jølving O.,147,1003,0,0,0,oschultzjolving,20060925,0.0,0.0,0,4.0,0.0,0.0,0,0,3,0,0,0,0,0,0,0,0,61,0,60,0,62,0,64,0,59,0,60,0,60,0,59,0,63,0,56,0,58,0,57,0,63,0,61,0,0,0,0,0,0,0,0,0,0,,Jolving_Otto,0,0,0,0,(),0,0,0.0,0,0,0.0,0,0,0,0,0,0,0,0,0,0,0,0,0,0,0,0
8807,Danklof,Bram,Danklof B.,146,508,0,0,0,,20061020,0.0,0.0,0,3.0,0.0,0.0,0,0,3,0,0,0,0,0,0,0,0,66,0,55,0,58,0,66,0,62,0,59,0,59,0,61,0,58,0,60,0,58,0,59,0,62,0,69,0,0,0,0,0,0,0,0,0,0,,Danklof_Bram,0,0,0,0,(),0,0,0.0,0,0,0.0,0,0,0,0,0,0,0,0,0,0,0,0,0,0,0,0
8808,Tijsen,Tristan,Tijsen T.,146,501,0,0,0,,20060405,0.0,0.0,0,3.0,0.0,0.0,0,0,3,0,0,0,0,0,0,0,0,65,0,57,0,60,0,61,0,63,0,60,0,60,0,60,0,55,0,57,0,57,0,54,0,61,0,62,0,0,0,0,0,0,0,0,0,0,,Tijsen_Tristan,0,0,0,0,(),0,0,0.0,0,0,0.0,0,0,0,0,0,0,0,0,0,0,0,0,0,0,0,0
8809,Veelers,Teun,Veelers T.,146,509,0,0,0,tveelers,20011102,0.0,0.0,0,2.0,0.0,0.0,0,0,3,0,0,0,187,74,0,0,0,67,0,55,0,56,0,67,0,60,0,59,0,61,0,61,0,63,0,60,0,58,0,58,0,60,0,58,0,0,0,0,0,0,0,0,0,0,,Veelers_Teun,0,0,0,0,(),0,0,0.0,0,0,0.0,0,0,0,0,0,0,0,0,0,0,0,0,0,0,0,0
8810,Vries,Lukas,Vries L.,146,501,0,0,0,,20060224,0.0,0.0,0,3.0,0.0,0.0,0,0,3,0,0,0,0,0,0,0,0,63,0,61,0,59,0,68,0,50,0,58,0,57,0,59,0,60,0,56,0,54,0,56,0,62,0,73,0,0,0,0,0,0,0,0,0,0,,Vries_Lukas,0,0,0,0,(),0,0,0.0,0,0,0.0,0,0,0,0,0,0,0,0,0,0,0,0,0,0,0,0
8811,Appelbaum,Henri,Appelbaum H.,119,710,0,0,0,,20041030,0.0,0.0,0,3.0,0.0,0.0,0,0,3,0,0,0,0,0,0,0,0,65,0,64,0,65,0,68,0,50,0,63,0,63,0,52,0,61,0,59,0,59,0,62,0,64,0,63,0,0,0,0,0,0,0,0,0,0,,Appelbaum_Henri,0,0,0,0,(),0,0,0.0,0,0,0.0,0,0,0,0,0,0,0,0,0,0,0,0,0,0,0,0
8812,Gonter,Nicolas,Gonter N.,114,1701,0,0,0,,20060205,0.0,0.0,0,3.0,0.0,0.0,0,0,3,0,0,0,0,0,0,0,0,62,0,65,0,65,0,66,0,58,0,56,0,56,0,58,0,64,0,61,0,60,0,60,0,65,0,66,0,0,0,0,0,0,0,0,0,0,,Ginter_Nicolas,0,0,0,0,(),0,0,0.0,0,0,0.0,0,0,0,0,0,0,0,0,0,0,0,0,0,0,0,0
8813,Nevák,Samuel,Nevák S.,114,2701,0,0,0,,20050110,0.0,0.0,0,4.0,0.0,0.0,0,0,3,0,0,0,176,63,0,0,0,69,0,61,0,65,0,66,0,62,0,60,0,62,0,65,0,68,0,64,0,65,0,64,0,68,0,70,0,0,0,0,0,0,0,0,0,0,,Novak_Samuel,0,0,0,0,(),0,0,0.0,0,0,0.0,0,0,0,0,0,0,0,0,0,0,0,0,0,0,0,0
8814,Rützlar,Felix,Rützlar F.,114,3701,0,0,0,,20060518,0.0,0.0,0,2.0,0.0,0.0,0,0,3,0,0,0,0,0,0,0,0,62,0,59,0,61,0,63,0,52,0,58,0,56,0,60,0,61,0,53,0,57,0,57,0,60,0,55,0,0,0,0,0,0,0,0,0,0,,Rutzler_Felix,0,0,0,0,(),0,0,0.0,0,0,0.0,0,0,0,0,0,0,0,0,0,0,0,0,0,0,0,0
8815,Wrilich,Manolo,Wrilich M.,114,3701,0,0,0,,20060502,0.0,0.0,0,3.5,0.0,0.0,0,0,3,0,0,0,173,58,0,0,0,60,0,65,0,65,0,68,0,55,0,57,0,59,0,56,0,63,0,61,0,59,0,59,0,63,0,64,0,0,0,0,0,0,0,0,0,0,,Wrolich_Manolo,0,0,0,0,(),0,0,0.0,0,0,0.0,0,0,0,0,0,0,0,0,0,0,0,0,0,0,0,0
8816,Crowley,Liam,Crowley L.,119,3101,0,0,0,,20020402,0.0,0.0,0,3.0,0.0,0.0,0,0,3,0,0,0,191,78,0,0,0,66,0,58,0,60,0,68,0,63,0,61,0,62,0,60,0,62,0,60,0,60,0,60,0,63,0,59,0,0,0,0,0,0,0,0,0,0,,Crowley_Liam,0,0,0,0,(),0,0,0.0,0,0,0.0,0,0,0,0,0,0,0,0,0,0,0,0,0,0,0,0
8817,Bittman,Adam,Bittman A.,58,3301,0,0,0,abittman,20060104,0.0,0.0,0,3.5,0.0,0.0,0,0,3,0,0,0,0,0,0,0,0,67,0,61,0,60,0,66,0,64,0,60,0,60,0,66,0,68,0,62,0,63,0,62,0,66,0,65,0,0,0,0,0,0,0,0,0,0,,Bittman_Adam,0,0,0,0,(),0,0,0.0,0,0,0.0,0,0,0,0,0,0,0,0,0,0,0,0,0,0,0,0
8818,Pesek,Adam,Pesek A.,58,3301,0,0,0,apesek,20060308,0.0,0.0,0,4.0,0.0,0.0,0,0,3,0,0,0,184,64,0,0,0,66,0,63,0,65,0,69,0,62,0,60,0,60,0,61,0,63,0,63,0,63,0,64,0,69,0,70,0,0,0,0,0,0,0,0,0,0,,Pesek_Adam,0,0,0,0,(),0,0,0.0,0,0,0.0,0,0,0,0,0,0,0,0,0,0,0,0,0,0,0,0
8820,Zahálka,Stepán,Zahálka S.,58,3301,0,0,0,szahalka,20060303,0.0,0.0,0,4.0,0.0,0.0,0,0,3,0,0,0,0,0,0,0,0,67,0,60,0,62,0,70,0,62,0,57,0,60,0,70,0,67,0,62,0,65,0,63,0,65,0,68,0,0,0,0,0,0,0,0,0,0,,Zahalka_Stepan,0,0,0,0,(),0,0,0.0,0,0,0.0,0,0,0,0,0,0,0,0,0,0,0,0,0,0,0,0
8821,Aas,Eirik Vang,Aas E.V.,150,3501,0,0,0,evaas,20020113,0.0,0.0,0,3.5,0.0,0.0,0,0,3,0,0,0,0,0,0,0,0,70,0,58,0,62,0,67,0,64,0,64,0,66,0,61,0,65,0,63,0,65,0,63,0,67,0,70,0,0,0,0,0,0,0,0,0,0,,Vang-Aas_Eirik,0,0,0,0,(),0,0,0.0,0,0,0.0,0,0,0,0,0,0,0,0,0,0,0,0,0,0,0,0
8822,Billabio,Giacomo,Billabio G.,40,204,0,0,0,,19980110,0.0,0.0,0,4.0,0.0,0.0,0,0,3,0,0,0,178,70,0,0,0,68,0,70,0,72,0,68,0,61,0,62,0,62,0,67,0,70,0,64,0,65,0,65,0,73,0,62,0,0,0,0,0,0,0,0,0,0,,Ballabio_Giacomo,0,0,0,0,(),0,0,0.0,0,0,0.0,0,0,0,0,0,0,0,1,0,0,0,0,0,0,0,0
8823,Puschacher,Valentin,Puschacher V.,112,3701,0,0,0,,20060812,0.0,0.0,0,3.0,0.0,0.0,0,0,3,0,0,0,0,0,0,0,0,65,0,63,0,65,0,69,0,60,0,64,0,65,0,59,0,58,0,62,0,62,0,65,0,65,0,55,0,0,0,0,0,0,0,0,0,0,,Poschacher_Valentin,0,0,0,0,(),0,0,0.0,0,0,0.0,0,0,0,0,0,0,0,0,0,0,0,0,0,0,0,0
8824,Raska,Richard,Raska R.,112,2701,0,0,0,,20051227,0.0,0.0,0,3.0,0.0,0.0,0,0,3,0,0,0,191,70,0,0,0,67,0,68,0,68,0,66,0,60,0,62,0,63,0,60,0,60,0,63,0,62,0,62,0,66,0,74,0,0,0,0,0,0,0,0,0,0,,Riska_Richard,0,0,0,0,(),0,0,0.0,0,0,0.0,0,0,0,0,0,0,0,0,0,0,0,0,0,0,0,0
8825,Bouwens,Siebe,Bouwens S.,110,402,0,0,0,,20060308,0.0,0.0,0,3.0,0.0,0.0,0,0,3,0,0,0,187,71,0,0,0,65,0,55,0,57,0,65,0,61,0,61,0,58,0,62,0,65,0,57,0,58,0,59,0,59,0,74,0,0,0,0,0,0,0,0,0,0,,Bauwens_Siebe,0,0,0,0,(),0,0,0.0,0,0,0.0,0,0,0,0,0,0,0,0,0,0,0,0,0,0,0,0
8826,Decottignies,Jordy,Decottignies J.,119,402,0,0,0,,20020312,0.0,0.0,0,3.0,0.0,0.0,0,0,3,0,0,0,0,0,0,0,0,67,0,54,0,55,0,68,0,64,0,59,0,59,0,63,0,62,0,60,0,60,0,62,0,57,0,63,0,0,0,0,0,0,0,0,0,0,,Decottignies_Jordy,0,0,0,0,(),0,0,0.0,0,0,0.0,0,0,0,0,0,0,0,0,0,0,0,0,0,0,0,0
8827,Rigole,Brian,Rigole B.,119,402,0,0,0,,20020521,0.0,0.0,0,2.0,0.0,0.0,0,0,3,0,0,0,0,0,0,0,0,66,0,56,0,57,0,63,0,63,0,58,0,60,0,59,0,58,0,60,0,60,0,58,0,60,0,61,0,0,0,0,0,0,0,0,0,0,,Rigole_Brian,0,0,0,0,(),0,0,0.0,0,0,0.0,0,0,0,0,0,0,0,0,0,0,0,0,0,0,0,0
8828,Stevens,Daan,Stevens D.,119,402,0,0,0,,20020510,0.0,0.0,0,2.5,0.0,0.0,0,0,3,0,0,0,188,72,0,0,0,68,0,56,0,60,0,69,0,65,0,60,0,60,0,64,0,64,0,61,0,63,0,60,0,62,0,61,0,0,0,0,0,0,0,0,0,0,,Stevens_Daan,0,0,0,0,(),0,0,0.0,0,0,0.0,0,0,0,0,0,0,0,0,0,0,0,0,0,0,0,0
8829,Bellens,Jarno,Bellens J.,119,402,0,0,0,,20000718,0.0,0.0,0,3.5,0.0,0.0,0,0,3,0,0,0,183,65,0,0,0,66,0,63,0,65,0,65,0,65,0,60,0,60,0,62,0,64,0,61,0,61,0,53,0,67,0,66,0,0,0,0,0,0,0,0,0,0,,Bellens_Jarno,0,0,0,0,(),0,0,0.0,0,0,0.0,0,0,0,0,0,0,0,0,0,0,0,0,0,0,0,0
8830,Biesterbos,Frits,Biesterbos F.,15,504,0,0,0,fbiesterbos,20020214,0.0,0.0,0,3.5,0.0,0.0,0,0,3,0,0,0,0,0,0,0,0,73,0,55,0,57,0,72,0,71,0,67,0,68,0,70,0,69,0,68,0,66,0,62,0,67,0,65,0,0,2,4,0,0,0,0,0,0,,Biesterbos_Frits,0,0,0,0,(),0,0,0.0,0,0,0.0,0,0,0,0,0,0,0,0,0,0,0,0,0,0,0,0
8831,Maas,Marijn,Maas M.,158,507,0,0,0,mmaas,20020117,0.0,0.0,0,3.0,0.0,0.0,0,0,3,0,0,0,183,70,0,0,0,65,0,58,0,61,0,65,0,63,0,58,0,56,0,60,0,60,0,58,0,59,0,59,0,65,0,58,0,0,0,0,0,0,0,0,0,0,,Maas_Marijn,0,0,0,0,(),0,0,0.0,0,0,0.0,0,0,0,0,0,0,0,0,0,0,0,0,0,0,0,0
8832,Mellaerts,Robbe,Mellaerts R.,119,402,0,0,0,rmellaerts,20010818,0.0,0.0,0,3.5,0.0,0.0,0,0,3,0,0,0,0,0,0,0,0,67,0,60,0,63,0,71,0,65,0,59,0,59,0,64,0,67,0,61,0,63,0,61,0,67,0,67,0,0,0,0,0,0,0,0,0,0,,Mellaerts_Robbe,0,0,0,0,(),0,0,0.0,0,0,0.0,0,0,0,0,0,0,0,0,0,0,0,0,0,0,0,0
8833,Anastasia,Tommaso,Anastasia T.,119,201,0,0,0,,20061112,0.0,0.0,0,3.0,0.0,0.0,0,0,3,0,0,0,0,0,0,0,0,61,0,60,0,61,0,66,0,55,0,57,0,59,0,57,0,57,0,58,0,60,0,53,0,64,0,63,0,0,0,0,0,0,0,0,0,0,,Anastasia_Tommaso,0,0,0,0,(),0,0,0.0,0,0,0.0,0,0,0,0,0,0,0,0,0,0,0,0,0,0,0,0
8834,D'Alessandro,Nicolò,D'Alessandro N.,119,201,0,0,0,,20060523,0.0,0.0,0,2.0,0.0,0.0,0,0,3,0,0,0,0,0,0,0,0,59,0,58,0,58,0,68,0,57,0,53,0,58,0,53,0,59,0,55,0,53,0,57,0,62,0,62,0,0,0,0,0,0,0,0,0,0,,DAlessandro_Nicolo,0,0,0,0,(),0,0,0.0,0,0,0.0,0,0,0,0,0,0,0,0,0,0,0,0,0,0,0,0
8835,Fulchetti,Matteo,Fulchetti M.,104,201,0,0,0,,20050606,0.0,0.0,0,2.5,0.0,0.0,0,0,3,0,0,0,0,0,0,0,0,61,0,59,0,59,0,63,0,55,0,56,0,57,0,58,0,59,0,55,0,57,0,53,0,62,0,60,0,0,0,0,0,0,0,0,0,0,,Falchetti_Matteo,0,0,0,0,(),0,0,0.0,0,0,0.0,0,0,0,0,0,0,0,0,0,0,0,0,0,0,0,0
8836,Gerbi,Pierluigi,Gerbi P.,104,201,0,0,0,,20060919,0.0,0.0,0,3.0,0.0,0.0,0,0,3,0,0,0,0,0,0,0,0,56,0,60,0,61,0,61,0,58,0,56,0,56,0,60,0,62,0,57,0,54,0,57,0,62,0,58,0,0,0,0,0,0,0,0,0,0,,Garbi_Pierluigi,0,0,0,0,(),0,0,0.0,0,0,0.0,0,0,0,0,0,0,0,0,0,0,0,0,0,0,0,0
8837,Rigamonti,Thomas,Rigamonti T.,119,201,0,0,0,,20060505,0.0,0.0,0,3.0,0.0,0.0,0,0,3,0,0,0,0,0,0,0,0,63,0,57,0,58,0,66,0,60,0,56,0,57,0,63,0,65,0,55,0,57,0,56,0,59,0,61,0,0,0,0,0,0,0,0,0,0,,Rigamonti_Thomas,0,0,0,0,(),0,0,0.0,0,0,0.0,0,0,0,0,0,0,0,0,0,0,0,0,0,0,0,0
8838,Rissi,Leonardo,Rissi L.,104,201,0,0,0,,20050612,0.0,0.0,0,2.5,0.0,0.0,0,0,3,0,0,0,0,0,0,0,0,62,0,61,0,63,0,66,0,57,0,54,0,53,0,59,0,60,0,59,0,58,0,56,0,64,0,58,0,0,0,0,0,0,0,0,0,0,,Rossi_Leonardo,0,0,0,0,(),0,0,0.0,0,0,0.0,0,0,0,0,0,0,0,0,0,0,0,0,0,0,0,0
8839,Tala,Raffaele,Tala R.,104,201,0,0,0,,20051001,0.0,0.0,0,1.5,0.0,0.0,0,0,3,0,0,0,0,0,0,0,0,60,0,59,0,59,0,62,0,55,0,57,0,58,0,56,0,56,0,56,0,54,0,57,0,60,0,60,0,0,0,0,0,0,0,0,0,0,,Tela_Raffaele,0,0,0,0,(),0,0,0.0,0,0,0.0,0,0,0,0,0,0,0,0,0,0,0,0,0,0,0,0
8840,Johannsen,Victor,Johannsen V.,161,1001,0,0,0,vjohannsen,20060702,0.0,0.0,0,2.5,0.0,0.0,0,0,3,0,0,0,0,0,0,0,0,64,0,61,0,61,0,64,0,60,0,58,0,58,0,63,0,63,0,59,0,59,0,57,0,63,0,61,0,0,0,0,0,0,0,0,0,0,,Johannsen_Victor,0,0,0,0,(),0,0,0.0,0,0,0.0,0,0,0,0,0,0,0,0,0,0,0,0,0,0,0,0
8841,Stampe,Daniel,Stampe D.,161,1001,0,0,0,dstampe,19960727,0.0,0.0,0,3.0,0.0,0.0,0,0,3,0,0,0,189,79,0,0,0,72,0,56,0,63,0,67,0,66,0,62,0,63,0,69,0,69,0,64,0,66,0,65,0,68,0,72,0,0,0,0,0,0,0,0,0,0,,Stampe_Daniel,0,0,0,0,(),0,0,0.0,0,0,0.0,0,0,0,0,0,0,0,0,0,0,0,0,0,0,0,0
8842,Aduszak,Ksawery,Aduszak K.,106,3001,0,0,0,,20061211,0.0,0.0,0,4.0,0.0,0.0,0,0,3,0,0,0,0,0,0,0,0,65,0,57,0,58,0,67,0,63,0,64,0,64,0,58,0,62,0,58,0,58,0,60,0,61,0,64,0,0,0,0,0,0,0,0,0,0,,Adaszak_Ksawery,0,0,0,0,(),0,0,0.0,0,0,0.0,0,0,0,0,0,0,0,0,0,0,0,0,0,0,0,0
8843,Lewandowski,Dawid,Lewandowski D.,242,3001,0,0,0,,20060404,0.0,0.0,0,3.0,0.0,0.0,0,0,3,0,0,0,0,0,0,0,0,65,0,55,0,56,0,65,0,61,0,56,0,59,0,67,0,69,0,60,0,61,0,60,0,59,0,57,0,0,0,0,0,0,0,0,0,0,,Lewandowski_Dawid,0,0,0,0,(),0,0,0.0,0,0,0.0,0,0,0,0,0,0,0,0,0,0,0,0,0,0,0,0
8845,Pemian,Szymon,Pemian S.,106,3001,0,0,0,,20020406,0.0,0.0,0,3.0,0.0,0.0,0,0,3,0,0,0,0,0,0,0,0,63,0,58,0,60,0,68,0,63,0,58,0,58,0,58,0,60,0,57,0,57,0,56,0,62,0,65,0,0,0,0,0,0,0,0,0,0,,Pomian_Szymon,0,0,0,0,(),0,0,0.0,0,0,0.0,0,0,0,0,0,0,0,0,0,0,0,0,0,0,0,0
8846,Strzelecki,Michal,Strzelecki M.,119,3001,0,0,0,,20060309,0.0,0.0,0,2.5,0.0,0.0,0,0,3,0,0,0,0,0,0,0,0,64,0,55,0,56,0,67,0,60,0,56,0,57,0,68,0,68,0,55,0,57,0,57,0,58,0,68,0,0,0,0,0,0,0,0,0,0,,Strzelecki_Michal,0,0,0,0,(),0,0,0.0,0,0,0.0,0,0,0,0,0,0,0,0,0,0,0,0,0,0,0,0
8847,Devroute,Corentin,Devroute C.,119,304,0,0,0,,20031008,0.0,0.0,0,3.0,0.0,0.0,0,0,3,0,0,0,185,71,0,0,0,68,0,55,0,57,0,68,0,62,0,58,0,60,0,67,0,67,0,59,0,60,0,57,0,60,0,61,0,0,0,0,0,0,0,0,0,0,,Devroute_Corentin,0,0,0,0,(),0,0,0.0,0,0,0.0,0,0,0,0,0,0,0,0,0,0,0,0,0,0,0,0
8848,Ducret,Justin,Ducret J.,119,309,0,0,0,,19980308,0.0,0.0,0,3.0,0.0,0.0,0,0,3,0,0,0,0,0,0,0,0,69,0,57,0,61,0,64,0,61,0,59,0,58,0,65,0,66,0,62,0,64,0,60,0,64,0,71,0,0,0,0,0,0,0,0,0,0,,Ducret_Justin,0,0,0,0,(),0,0,0.0,0,0,0.0,0,0,0,0,0,0,0,0,0,0,0,0,0,0,0,0
8849,Hamon,Similien,Hamon S.,126,318,0,0,0,shamon,20060911,0.0,0.0,0,3.5,0.0,0.0,0,0,3,0,0,0,0,0,0,0,0,68,0,59,0,59,0,66,0,57,0,62,0,62,0,63,0,61,0,63,0,60,0,64,0,66,0,70,0,0,0,0,0,0,0,0,0,0,,Hamon_Similien,0,0,0,0,(),0,0,0.0,0,0,0.0,0,0,0,0,0,0,0,0,0,0,0,0,0,0,0,0
8850,Langella,Lenaic,Langella L.,126,302,0,0,0,llangella,20040614,0.0,0.0,0,2.5,0.0,0.0,0,0,3,0,0,0,0,0,0,0,0,67,0,66,0,67,0,66,0,65,0,60,0,62,0,61,0,63,0,65,0,63,0,63,0,68,0,65,0,0,0,0,0,0,0,0,0,0,,Langella_Lenaic,0,0,0,0,(),0,0,0.0,0,0,0.0,0,0,0,0,0,0,0,0,0,0,0,0,0,0,0,0
8851,Den Braber,Tim,Den Braber T.,119,510,0,0,0,,19981104,0.0,0.0,0,3.0,0.0,0.0,0,0,3,0,0,0,173,73,0,0,0,69,0,54,0,57,0,66,0,63,0,57,0,58,0,69,0,68,0,61,0,63,0,63,0,61,0,59,0,0,0,0,0,0,0,0,0,0,,Den-Braber_Tim,0,0,0,0,(),0,0,0.0,0,0,0.0,0,0,0,0,0,0,0,0,0,0,0,0,0,0,0,0
8852,Heremans,Joppe,Heremans J.,59,402,0,0,0,,20030820,0.0,0.0,0,4.0,0.0,0.0,0,0,3,0,0,0,180,64,0,0,0,73,0,60,0,65,0,68,0,69,0,64,0,68,0,72,0,73,0,65,0,66,0,65,0,70,0,70,0,0,2,3,0,0,0,0,0,0,,Heremans_Joppe,0,0,0,0,(),0,0,0.0,0,0,0.0,0,0,0,0,0,0,0,0,0,0,0,0,0,0,0,0
8853,Nugengast,Ruud Junior,Nugengast R.J.,140,501,0,0,0,,20060208,0.0,0.0,0,4.0,0.0,0.0,0,0,3,0,0,0,190,66,0,0,0,66,0,59,0,62,0,70,0,63,0,62,0,62,0,60,0,66,0,61,0,61,0,62,0,67,0,67,0,0,0,0,0,0,0,0,0,0,,Junior-Nagengast_Ruud,0,0,0,0,(),0,0,0.0,0,0,0.0,0,0,0,0,0,0,0,0,0,0,0,0,0,0,0,0
8854,Woierink,Jelle,Woierink J.,116,509,0,0,0,,20060102,0.0,0.0,0,3.0,0.0,0.0,0,0,3,0,0,0,0,0,0,0,0,66,0,55,0,57,0,65,0,60,0,60,0,60,0,66,0,68,0,58,0,56,0,55,0,63,0,67,0,0,0,0,0,0,0,0,0,0,,Weierink_Jelle,0,0,0,0,(),0,0,0.0,0,0,0.0,0,0,0,0,0,0,0,0,0,0,0,0,0,0,0,0
8855,Kertleve,Bart,Kertleve B.,140,501,0,0,0,,20041023,0.0,0.0,0,3.0,0.0,0.0,0,0,3,0,0,0,0,0,0,0,0,67,0,59,0,59,0,66,0,64,0,61,0,61,0,63,0,63,0,63,0,61,0,60,0,60,0,70,0,0,0,0,0,0,0,0,0,0,,Kortleve_Bart,0,0,0,0,(),0,0,0.0,0,0,0.0,0,0,0,0,0,0,0,0,0,0,0,0,0,0,0,0
8856,Nievelstein,Job,Nievelstein J.,119,512,0,0,0,,20060615,0.0,0.0,0,3.0,0.0,0.0,0,0,3,0,0,0,0,0,0,0,0,64,0,59,0,61,0,67,0,60,0,62,0,62,0,62,0,64,0,58,0,57,0,58,0,63,0,64,0,0,0,0,0,0,0,0,0,0,,Nievelstein_Job,0,0,0,0,(),0,0,0.0,0,0,0.0,0,0,0,0,0,0,0,0,0,0,0,0,0,0,0,0
8857,Uptegrove,Pete,Uptegrove P.,119,507,0,0,0,,20010123,0.0,0.0,0,3.0,0.0,0.0,0,0,3,0,0,0,0,0,0,0,0,69,0,55,0,61,0,70,0,65,0,63,0,63,0,66,0,66,0,62,0,63,0,60,0,64,0,55,0,0,0,0,0,0,0,0,0,0,,Uptegrove_Pete,0,0,0,0,(),0,0,0.0,0,0,0.0,0,0,0,0,0,0,0,0,0,0,0,0,0,0,0,0
8858,Wistbroek,Collin,Wistbroek C.,140,501,0,0,0,,20060910,0.0,0.0,0,3.0,0.0,0.0,0,0,3,0,0,0,0,0,0,0,0,65,0,56,0,60,0,67,0,63,0,60,0,62,0,62,0,64,0,59,0,60,0,60,0,63,0,63,0,0,0,0,0,0,0,0,0,0,,Westbroek_Collin,0,0,0,0,(),0,0,0.0,0,0,0.0,0,0,0,0,0,0,0,0,0,0,0,0,0,0,0,0
8859,Carbunarea,Andrei,Carbunarea A.,119,10401,0,0,0,acarbunarea,20050425,0.0,0.0,0,2.0,0.0,0.0,0,0,3,0,0,0,0,0,0,0,0,61,0,62,0,61,0,66,0,61,0,59,0,58,0,59,0,64,0,58,0,60,0,57,0,61,0,58,0,0,0,0,0,0,0,0,0,0,,Carbunarea_Andrei,0,0,0,0,(),0,0,0.0,0,0,0.0,0,0,0,0,0,0,0,0,0,0,0,0,0,0,0,0
8860,Guichard,Carter,Guichard C.,124,3401,0,0,0,cguichard,20060916,0.0,0.0,0,3.5,0.0,0.0,0,0,3,0,0,0,184,66,0,0,0,65,0,63,0,65,0,68,0,59,0,62,0,63,0,60,0,63,0,62,0,62,0,63,0,66,0,73,0,0,0,0,0,0,0,0,0,0,,Guichard_Carter,0,0,0,0,(),0,0,0.0,0,0,0.0,0,0,0,0,0,0,0,0,0,0,0,0,0,0,0,0
8861,Massa,Dylan,Massa D.,124,321,0,0,0,dmassa,20060214,0.0,0.0,0,3.0,0.0,0.0,0,0,3,0,0,0,0,0,0,0,0,65,0,56,0,57,0,69,0,59,0,56,0,58,0,66,0,67,0,58,0,56,0,56,0,60,0,58,0,0,0,0,0,0,0,0,0,0,,Massa_Dylan,0,0,0,0,(),0,0,0.0,0,0,0.0,0,0,0,0,0,0,0,0,0,0,0,0,0,0,0,0
8862,Bessega,Gabriele,Bessega G.,102,204,0,0,0,gbessega,20040218,0.0,0.0,0,3.5,0.0,0.0,0,0,3,0,0,0,182,71,0,0,0,70,0,61,0,63,0,67,0,60,0,62,0,62,0,69,0,69,0,63,0,65,0,61,0,66,0,68,0,0,0,0,0,0,0,0,0,0,,Bessega_Gabriele,0,0,0,0,(),0,0,0.0,0,0,0.0,0,0,0,0,0,0,0,0,0,0,0,0,0,0,0,0
8863,Bessega,Tommasso,Bessega T.,102,204,0,0,0,tbessega,20040218,0.0,0.0,0,3.0,0.0,0.0,0,0,3,0,0,0,183,72,0,0,0,69,0,56,0,59,0,69,0,65,0,64,0,66,0,68,0,68,0,60,0,62,0,63,0,65,0,65,0,0,0,0,0,0,0,0,0,0,,Bessega_Tommasso,0,0,0,0,(),0,0,0.0,0,0,0.0,0,0,0,0,0,0,0,0,0,0,0,0,0,0,0,0
8864,Bocelli,Michele,Bocelli M.,160,204,0,0,0,,20060611,0.0,0.0,0,3.0,0.0,0.0,0,0,3,0,0,0,0,0,0,0,0,63,0,65,0,66,0,66,0,57,0,54,0,57,0,53,0,58,0,62,0,58,0,61,0,66,0,62,0,0,0,0,0,0,0,0,0,0,,Bicelli_Michele,0,0,0,0,(),0,0,0.0,0,0,0.0,0,0,0,0,0,0,0,0,0,0,0,0,0,0,0,0
8865,Denati,Andrea,Denati A.,160,204,0,0,0,,20060919,0.0,0.0,0,3.0,0.0,0.0,0,0,3,0,0,0,0,0,0,0,0,66,0,56,0,56,0,68,0,61,0,61,0,63,0,62,0,67,0,58,0,60,0,60,0,61,0,68,0,0,0,0,0,0,0,0,0,0,,Donati_Andrea,0,0,0,0,(),0,0,0.0,0,0,0.0,0,0,0,0,0,0,0,0,0,0,0,0,0,0,0,0
8866,Godizzi,Andrea,Godizzi A.,119,204,0,0,0,,20060102,0.0,0.0,0,3.0,0.0,0.0,0,0,3,0,0,0,0,0,0,0,0,59,0,61,0,60,0,64,0,59,0,55,0,58,0,59,0,59,0,53,0,54,0,56,0,62,0,60,0,0,0,0,0,0,0,0,0,0,,Godizzi_Andrea,0,0,0,0,(),0,0,0.0,0,0,0.0,0,0,0,0,0,0,0,0,0,0,0,0,0,0,0,0
8867,Iucomoni,Federico,Iucomoni F.,95,205,0,0,0,,20020710,0.0,0.0,0,3.5,0.0,0.0,0,0,3,0,0,0,174,69,0,0,0,70,0,67,0,70,0,70,0,60,0,64,0,64,0,67,0,66,0,67,0,65,0,67,0,71,0,73,0,0,0,0,0,0,0,0,0,0,,Iacomoni_Federico,0,0,0,0,(),0,0,0.0,0,0,0.0,0,0,0,0,0,0,0,0,0,0,0,0,0,0,0,0
8868,Molesi,Alessandro,Molesi A.,160,204,0,0,0,,20061003,0.0,0.0,0,3.0,0.0,0.0,0,0,3,0,0,0,0,0,0,0,0,62,0,60,0,61,0,64,0,60,0,58,0,59,0,60,0,62,0,60,0,62,0,60,0,65,0,66,0,0,0,0,0,0,0,0,0,0,,Milesi_Alessandro,0,0,0,0,(),0,0,0.0,0,0,0.0,0,0,0,0,0,0,0,0,0,0,0,0,0,0,0,0
8869,Qoadriglia,Davide,Qoadriglia D.,160,204,0,0,0,,20060523,0.0,0.0,0,2.5,0.0,0.0,0,0,3,0,0,0,0,0,0,0,0,62,0,58,0,60,0,60,0,54,0,56,0,57,0,63,0,63,0,58,0,57,0,55,0,61,0,56,0,0,0,0,0,0,0,0,0,0,,Quadriglia_Davide,0,0,0,0,(),0,0,0.0,0,0,0.0,0,0,0,0,0,0,0,0,0,0,0,0,0,0,0,0
8870,Senfilippo,Cristian,Senfilippo C.,160,202,0,0,0,,20060227,0.0,0.0,0,3.0,0.0,0.0,0,0,3,0,0,0,0,0,0,0,0,62,0,56,0,58,0,64,0,62,0,59,0,60,0,63,0,64,0,60,0,59,0,60,0,61,0,58,0,0,0,0,0,0,0,0,0,0,,Sanfilippo_Cristian,0,0,0,0,(),0,0,0.0,0,0,0.0,0,0,0,0,0,0,0,0,0,0,0,0,0,0,0,0
8871,Maggia,Lucca,Maggia L.,119,202,0,0,0,,20050624,0.0,0.0,0,1.5,0.0,0.0,0,0,3,0,0,0,0,0,0,0,0,58,0,57,0,60,0,62,0,52,0,59,0,57,0,60,0,55,0,55,0,53,0,55,0,60,0,55,0,0,0,0,0,0,0,0,0,0,,Maggia_Lucca,0,0,0,0,(),0,0,0.0,0,0,0.0,0,0,0,0,0,0,0,0,0,0,0,0,0,0,0,0
8872,Cabedo,Marc,Cabedo M.,119,810,0,0,0,,20020128,0.0,0.0,0,3.0,0.0,0.0,0,0,3,0,0,0,176,57,0,0,0,64,0,64,0,67,0,69,0,60,0,57,0,60,0,58,0,62,0,62,0,64,0,63,0,66,0,68,0,0,0,0,0,0,0,0,0,0,,Cabedo_Marc,0,0,0,0,(),0,0,0.0,0,0,0.0,0,0,0,0,0,0,0,0,0,0,0,0,0,0,0,0
8873,Giribbo,Nicolò,Giribbo N.,95,203,0,0,0,,19990629,0.0,0.0,0,3.5,0.0,0.0,0,0,3,0,0,0,168,57,0,0,0,68,0,68,0,73,0,66,0,54,0,58,0,64,0,65,0,70,0,64,0,64,0,66,0,72,0,68,0,0,0,0,0,0,0,0,0,0,,Garibbo_Nicolo,0,0,0,0,(),0,0,0.0,0,0,0.0,0,0,0,0,0,0,0,0,0,0,0,0,0,0,0,0
8874,Roccani,Simone,Roccani S.,95,206,0,0,0,,20010302,0.0,0.0,0,3.0,0.0,0.0,0,0,3,0,0,0,176,64,0,0,0,66,0,70,0,71,0,63,0,59,0,57,0,55,0,53,0,55,0,66,0,65,0,67,0,71,0,58,0,0,0,0,0,0,0,0,0,0,,Raccani_Simone,0,0,0,0,(),0,0,0.0,0,0,0.0,0,0,0,0,0,0,0,0,0,0,0,0,0,0,0,0
8875,Zoray,Nahom,Zoray N.,95,4101,0,0,0,,20020912,0.0,0.0,0,4.0,0.0,0.0,0,0,3,0,0,0,173,57,0,0,0,63,0,73,0,73,0,66,0,55,0,57,0,58,0,55,0,61,0,67,0,65,0,69,0,71,0,68,0,0,0,0,0,0,0,0,128,0,,Zeray_Nahom,0,0,0,0,(),0,0,0.0,0,0,0.0,0,0,0,0,0,0,0,2,0,0,0,0,0,0,0,0
8876,Albrucht,Pepe,Albrucht P.,152,701,0,0,0,,20060822,0.0,0.0,0,4.0,0.0,0.0,0,0,3,0,0,0,0,0,0,0,0,66,0,59,0,63,0,70,0,64,0,60,0,60,0,64,0,62,0,60,0,60,0,62,0,67,0,62,0,0,0,0,0,0,0,0,0,0,,Albrecht_Pepe,0,0,0,0,(),0,0,0.0,0,0,0.0,0,0,0,0,0,0,0,0,0,0,0,0,0,0,0,0
8877,Pitry,Paul-Felix,Pitry P.F.,152,701,0,0,0,,20060815,0.0,0.0,0,3.5,0.0,0.0,0,0,3,0,0,0,0,0,0,0,0,65,0,62,0,63,0,63,0,61,0,58,0,59,0,61,0,66,0,61,0,60,0,60,0,65,0,57,0,0,0,0,0,0,0,0,0,0,,Petry_Paul-felix,0,0,0,0,(),0,0,0.0,0,0,0.0,0,0,0,0,0,0,0,0,0,0,0,0,0,0,0,0
8878,Roor,Maxim,Roor M.,119,701,0,0,0,,20060927,0.0,0.0,0,3.0,0.0,0.0,0,0,3,0,0,0,0,0,0,0,0,64,0,61,0,61,0,69,0,62,0,57,0,57,0,59,0,58,0,58,0,58,0,56,0,62,0,69,0,0,0,0,0,0,0,0,0,0,,Roor_Maxim,0,0,0,0,(),0,0,0.0,0,0,0.0,0,0,0,0,0,0,0,0,0,0,0,0,0,0,0,0
8879,Zimke,Jermaine,Zimke J.,152,701,0,0,0,,20050829,0.0,0.0,0,4.0,0.0,0.0,0,0,3,0,0,0,190,70,0,0,0,71,0,65,0,68,0,71,0,67,0,60,0,60,0,65,0,67,0,64,0,66,0,65,0,71,0,73,0,0,0,0,0,0,0,0,0,0,,Zemke_Jermaine,0,0,0,0,(),0,0,0.0,0,0,0.0,0,0,0,0,0,0,0,0,0,0,0,0,0,0,0,0
8880,Burresch,Julian,Burresch J.,152,710,0,0,0,,20020319,0.0,0.0,0,4.0,0.0,0.0,0,0,3,0,0,0,191,79,0,0,0,67,0,64,0,68,0,66,0,62,0,64,0,66,0,60,0,60,0,65,0,65,0,66,0,68,0,70,0,0,0,0,0,0,0,0,0,0,,Borresch_Julian,0,0,0,0,(),0,0,0.0,0,0,0.0,0,0,0,0,0,0,0,0,0,0,0,0,0,0,0,0
8881,Rottmann,Jonathan,Rottmann J.,119,701,0,0,0,,20040503,0.0,0.0,0,3.5,0.0,0.0,0,0,3,0,0,0,0,0,0,0,0,65,0,54,0,56,0,68,0,60,0,58,0,60,0,69,0,67,0,61,0,62,0,60,0,61,0,60,0,0,0,0,0,0,0,0,0,0,,Rottmann_Jonathan,0,0,0,0,(),0,0,0.0,0,0,0.0,0,0,0,0,0,0,0,0,0,0,0,0,0,0,0,0
8882,Voege,Lennart,Voege L.,119,701,0,0,0,,20000205,0.0,0.0,0,2.5,0.0,0.0,0,0,3,0,0,0,0,0,0,0,0,64,0,55,0,56,0,67,0,60,0,59,0,58,0,59,0,64,0,58,0,59,0,59,0,60,0,64,0,0,0,0,0,0,0,0,0,0,,Voege_Lennart,0,0,0,0,(),0,0,0.0,0,0,0.0,0,0,0,0,0,0,0,0,0,0,0,0,0,0,0,0
8883,Cosgrove,Joseph,Cosgrove J.,119,1801,0,0,0,,20060114,0.0,0.0,0,3.0,0.0,0.0,0,0,3,0,0,0,0,0,0,0,0,62,0,61,0,59,0,61,0,54,0,56,0,58,0,57,0,64,0,54,0,55,0,55,0,60,0,62,0,0,0,0,0,0,0,0,0,0,,Cosgrove_Joseph,0,0,0,0,(),0,0,0.0,0,0,0.0,0,0,0,0,0,0,0,0,0,0,0,0,0,0,0,0
8884,Grupp,Louis,Grupp L.,119,701,0,0,0,,20060129,0.0,0.0,0,3.0,0.0,0.0,0,0,3,0,0,0,0,0,0,0,0,59,0,60,0,53,0,62,0,61,0,56,0,58,0,55,0,53,0,53,0,54,0,53,0,54,0,65,0,0,0,0,0,0,0,0,0,0,,Grupp_Louis,0,0,0,0,(),0,0,0.0,0,0,0.0,0,0,0,0,0,0,0,0,0,0,0,0,0,0,0,0
8885,Kess,Alexandre,Kess A.,119,1901,0,0,0,,20030808,0.0,0.0,0,3.0,0.0,0.0,0,0,3,0,0,0,182,70,0,0,0,65,0,55,0,53,0,65,0,56,0,55,0,57,0,66,0,67,0,53,0,57,0,56,0,55,0,59,0,0,0,0,0,0,0,0,0,0,,Kess_Alexandre,0,0,0,0,(),0,0,0.0,0,0,0.0,0,0,0,0,0,0,0,0,0,0,0,0,0,0,0,0
8886,Koech,Silas,Koech S.,119,701,0,0,0,,20030629,0.0,0.0,0,3.0,0.0,0.0,0,0,3,0,0,0,0,0,0,0,0,65,0,55,0,54,0,64,0,55,0,55,0,57,0,69,0,67,0,54,0,55,0,57,0,55,0,63,0,0,0,0,0,0,0,0,0,0,,Koch_Silas,0,0,0,0,(),0,0,0.0,0,0,0.0,0,0,0,0,0,0,0,0,0,0,0,0,0,0,0,0
8887,Ury,Noé,Ury N.,119,1901,0,0,0,,20031016,0.0,0.0,0,3.0,0.0,0.0,0,0,3,0,0,0,183,68,0,0,0,64,0,60,0,59,0,61,0,55,0,58,0,57,0,56,0,57,0,53,0,57,0,56,0,61,0,56,0,0,0,0,0,0,0,0,0,0,,Ury_Noe,0,0,0,0,(),0,0,0.0,0,0,0.0,0,0,0,0,0,0,0,0,0,0,0,0,0,0,0,0
8888,Herrmann,Max,Herrmann M.,119,701,0,0,0,,20050823,0.0,0.0,0,3.0,0.0,0.0,0,0,3,0,0,0,0,0,0,0,0,65,0,56,0,55,0,65,0,60,0,60,0,58,0,58,0,64,0,60,0,59,0,58,0,58,0,60,0,0,0,0,0,0,0,0,0,0,,Herrmann_Max,0,0,0,0,(),0,0,0.0,0,0,0.0,0,0,0,0,0,0,0,0,0,0,0,0,0,0,0,0
8889,Penna,Fausto,Penna F.,119,701,0,0,0,,20040214,0.0,0.0,0,3.0,0.0,0.0,0,0,3,0,0,0,0,0,0,0,0,60,0,60,0,60,0,64,0,54,0,56,0,54,0,59,0,57,0,56,0,53,0,56,0,62,0,57,0,0,0,0,0,0,0,0,0,0,,Penna_Fausto,0,0,0,0,(),0,0,0.0,0,0,0.0,0,0,0,0,0,0,0,0,0,0,0,0,0,0,0,0
8890,Simon,Yohann,Simon Y.,68,316,0,0,0,,20011116,0.0,0.0,0,3.0,0.0,0.0,0,0,3,0,0,0,0,0,0,0,0,66,0,59,0,61,0,68,0,60,0,62,0,63,0,65,0,66,0,61,0,61,0,53,0,66,0,55,0,0,0,0,0,0,0,0,0,0,,Simon_Yohann,0,0,0,0,(),0,0,0.0,0,0,0.0,0,0,0,0,0,0,0,0,0,0,0,0,0,0,0,0
8891,Bittner,Jan,Bittner J.,58,3301,0,0,0,jbittner,20050623,0.0,0.0,0,3.5,0.0,0.0,0,0,3,0,0,0,0,0,0,0,0,67,0,56,0,57,0,63,0,61,0,64,0,64,0,68,0,67,0,62,0,62,0,60,0,65,0,62,0,0,0,0,0,0,0,0,0,0,,Bittner_Jan,0,0,0,0,(),0,0,0.0,0,0,0.0,0,0,0,0,0,0,0,0,0,0,0,0,0,0,0,0
8893,Fiala,Matyas,Fiala M.,119,3301,0,0,0,,20030315,0.0,0.0,0,3.5,0.0,0.0,0,0,3,0,0,0,0,0,0,0,0,67,0,58,0,60,0,63,0,60,0,60,0,61,0,66,0,65,0,61,0,61,0,60,0,65,0,71,0,0,0,0,0,0,0,0,0,0,,Fiala_Matyas,0,0,0,0,(),0,0,0.0,0,0,0.0,0,0,0,0,0,0,0,0,0,0,0,0,0,0,0,0
8894,Menti,Alberto,Menti A.,163,3301,0,0,0,,20040223,0.0,0.0,0,4.0,0.0,0.0,0,0,3,0,0,0,0,0,0,0,0,62,0,60,0,62,0,69,0,58,0,58,0,58,0,58,0,64,0,59,0,60,0,60,0,65,0,67,0,0,0,0,0,0,0,0,0,0,,Monti_Alberto,0,0,0,0,(),0,0,0.0,0,0,0.0,0,0,0,0,0,0,0,0,0,0,0,0,0,0,0,0
8895,Pespisil,Jiri,Pespisil J.,163,3301,0,0,0,,20050711,0.0,0.0,0,2.0,0.0,0.0,0,0,3,0,0,0,0,0,0,0,0,63,0,56,0,56,0,70,0,61,0,57,0,61,0,55,0,52,0,55,0,57,0,54,0,60,0,63,0,0,0,0,0,0,0,0,0,0,,Pospisil_Jiri,0,0,0,0,(),0,0,0.0,0,0,0.0,0,0,0,0,0,0,0,0,0,0,0,0,0,0,0,0
8896,Raman,Jakub,Raman J.,163,3301,0,0,0,,20001123,0.0,0.0,0,3.0,0.0,0.0,0,0,3,0,0,0,171,58,0,0,0,65,0,63,0,67,0,72,0,64,0,60,0,62,0,64,0,64,0,61,0,63,0,65,0,68,0,74,0,0,0,0,0,0,0,0,0,0,,Riman_Jakub,0,0,0,0,(),0,0,0.0,0,0,0.0,0,0,0,0,0,0,0,0,0,0,0,0,0,0,0,0
8897,Vonicek,Simon,Vonicek S.,163,3301,0,0,0,,19991001,0.0,0.0,0,3.5,0.0,0.0,0,0,3,0,0,0,0,0,0,0,0,66,0,58,0,61,0,69,0,62,0,58,0,60,0,69,0,68,0,60,0,60,0,64,0,65,0,66,0,0,0,0,0,0,0,0,0,0,,Vanicek_Simon,0,0,0,0,(),0,0,0.0,0,0,0.0,0,0,0,0,0,0,0,0,0,0,0,0,0,0,0,0
8898,Valtr,Martin,Valtr M.,163,3301,0,0,0,,20011227,0.0,0.0,0,4.0,0.0,0.0,0,0,3,0,0,0,191,74,0,0,0,70,0,69,0,68,0,67,0,63,0,64,0,64,0,64,0,67,0,66,0,64,0,68,0,70,0,75,0,0,0,0,0,0,0,0,0,0,,Voltr_Martin,0,0,0,0,(),0,0,0.0,0,0,0.0,0,0,0,0,0,0,0,0,0,0,0,0,0,0,0,0
8899,Banaszak,Maciej,Banaszak M.,162,3001,0,0,0,,20051011,0.0,0.0,0,4.0,0.0,0.0,0,0,3,0,0,0,186,64,0,0,0,61,0,67,0,67,0,63,0,58,0,58,0,58,0,55,0,61,0,63,0,61,0,64,0,65,0,61,0,0,0,0,0,0,0,0,0,0,,Banaszak_Maciej,0,0,0,0,(),0,0,0.0,0,0,0.0,0,0,0,0,0,0,0,0,0,0,0,0,0,0,0,0
8900,Camrda,Karel,Camrda K.,119,3301,0,0,0,,20010608,0.0,0.0,0,3.5,0.0,0.0,0,0,3,0,0,0,182,63,0,0,0,61,0,68,0,69,0,68,0,60,0,59,0,61,0,58,0,64,0,64,0,63,0,65,0,67,0,66,0,0,0,0,0,0,0,0,0,0,,Camrda_Karel,0,0,0,0,(),0,0,0.0,0,0,0.0,0,0,0,0,0,0,0,0,0,0,0,0,0,0,0,0
8902,Inkster,Eric,Inkster E.,119,2201,0,0,0,,20010602,0.0,0.0,0,2.5,0.0,0.0,0,0,3,0,0,0,178,73,0,0,0,66,0,55,0,60,0,68,0,61,0,61,0,61,0,60,0,67,0,58,0,59,0,60,0,62,0,72,0,0,0,0,0,0,0,0,0,0,,Inkster_Eric,0,0,0,0,(),0,0,0.0,0,0,0.0,0,0,0,0,0,0,0,0,0,0,0,0,0,0,0,0
8903,Waliniak,Konrad,Waliniak K.,162,3001,0,0,0,,20041208,0.0,0.0,0,3.0,0.0,0.0,0,0,3,0,0,0,190,71,0,0,0,64,0,60,0,60,0,63,0,60,0,58,0,60,0,60,0,55,0,60,0,59,0,60,0,64,0,56,0,0,0,0,0,0,0,0,0,0,,Waliniak_Konrad,0,0,0,0,(),0,0,0.0,0,0,0.0,0,0,0,0,0,0,0,0,0,0,0,0,0,0,0,0
8904,Zelazowski,Michal,Zelazowski M.,162,3001,0,0,0,,20040806,0.0,0.0,0,2.0,0.0,0.0,0,0,3,0,0,0,183,68,0,0,0,64,0,61,0,61,0,67,0,58,0,57,0,59,0,57,0,55,0,57,0,59,0,58,0,65,0,60,0,0,0,0,0,0,0,0,0,0,,Zelazowski_Michal,0,0,0,0,(),0,0,0.0,0,0,0.0,0,0,0,0,0,0,0,0,0,0,0,0,0,0,0,0
8905,Fernandes,Paulo,Fernandes P.,119,2901,0,0,0,,20060410,0.0,0.0,0,2.0,0.0,0.0,0,0,3,0,0,0,0,0,0,0,0,60,0,61,0,60,0,66,0,55,0,59,0,57,0,60,0,61,0,57,0,57,0,56,0,61,0,70,0,0,0,0,0,0,0,0,0,0,,Fernandes_Paulo,0,0,0,0,(),0,0,0.0,0,0,0.0,0,0,0,0,0,0,0,0,0,0,0,0,0,0,0,0
8906,Dutra,André,Dutra A.,119,2901,0,0,0,,20060613,0.0,0.0,0,2.5,0.0,0.0,0,0,3,0,0,0,0,0,0,0,0,59,0,61,0,62,0,65,0,55,0,53,0,58,0,57,0,56,0,55,0,55,0,53,0,62,0,71,0,0,0,0,0,0,0,0,0,0,,Dutra_Andre,0,0,0,0,(),0,0,0.0,0,0,0.0,0,0,0,0,0,0,0,0,0,0,0,0,0,0,0,0
8907,Mortínez,Victor,Mortínez V.,105,810,0,0,0,,19850128,0.0,0.0,0,2.5,0.0,0.0,0,0,3,0,0,0,0,0,0,0,0,66,0,64,0,66,0,66,0,57,0,57,0,58,0,55,0,56,0,64,0,63,0,62,0,68,0,69,0,0,0,0,0,0,0,0,0,0,,Martinez_Victor,0,0,0,0,(),0,0,0.0,0,0,0.0,0,0,0,0,0,0,0,0,0,0,0,0,0,0,0,0
8908,Olaveira,Gonçalo,Olaveira G.,105,2901,0,0,0,,20010104,0.0,0.0,0,2.0,0.0,0.0,0,0,3,0,0,0,0,0,0,0,0,61,0,59,0,60,0,61,0,57,0,57,0,59,0,57,0,61,0,56,0,57,0,57,0,62,0,71,0,0,0,0,0,0,0,0,0,0,,Oliveira_Goncalo,0,0,0,0,(),0,0,0.0,0,0,0.0,0,0,0,0,0,0,0,0,0,0,0,0,0,0,0,0
8909,Suntos,Tiago,Suntos T.,105,2902,0,0,0,,20050531,0.0,0.0,0,2.5,0.0,0.0,0,0,3,0,0,0,0,0,0,0,0,61,0,61,0,59,0,67,0,52,0,57,0,58,0,58,0,56,0,56,0,56,0,57,0,60,0,66,0,0,0,0,0,0,0,0,0,0,,Santos_Tiago,0,0,0,0,(),0,0,0.0,0,0,0.0,0,0,0,0,0,0,0,0,0,0,0,0,0,0,0,0
8910,Boichis,Adrien,Boichis A.,33,321,0,0,0,aboichis,20030102,0.0,0.0,0,5.0,0.0,0.0,0,0,3,0,0,0,0,0,0,0,0,68,0,67,0,72,0,78,0,66,0,65,0,70,0,68,0,72,0,68,0,70,0,66,0,73,0,72,0,0,0,0,0,0,0,0,0,0,,Boichis_Adrien,0,0,0,0,(),0,0,0.0,0,0,0.0,0,0,0,0,0,0,0,0,0,0,0,0,0,0,0,0
8911,Clemmensen,Theodor August,Clemmensen T.A.,233,1001,0,0,0,,20060824,0.0,0.0,0,4.0,0.0,0.0,0,0,3,0,0,0,0,0,0,0,0,67,0,60,0,62,0,69,0,64,0,62,0,63,0,63,0,63,0,60,0,60,0,59,0,65,0,66,0,0,0,0,0,0,0,0,0,0,,,0,0,0,0,(),0,0,0.0,0,0,0.0,0,0,0,0,0,0,0,0,0,0,0,0,0,0,0,0
8912,Fietzke,Paul,Fietzke P.,233,701,0,0,0,,20060123,0.0,0.0,0,4.5,0.0,0.0,0,0,3,0,0,0,170,60,0,0,0,65,0,63,0,64,0,71,0,65,0,62,0,64,0,61,0,65,0,57,0,57,0,60,0,66,0,60,0,0,0,0,0,0,0,0,0,0,,,0,0,0,0,(),0,0,0.0,0,0,0.0,0,0,0,0,0,0,0,0,0,0,0,0,0,0,0,0
8913,Finn,Lorenzo,Finn L.,233,203,0,0,0,,20061219,0.0,0.0,0,5.5,0.0,0.0,0,0,3,0,0,0,181,63,0,0,0,68,0,73,0,73,0,70,0,61,0,68,0,67,0,61,0,70,0,67,0,68,0,66,0,74,0,56,0,0,0,0,0,0,0,0,0,0,,,0,0,0,0,(),0,0,0.0,0,0,0.0,0,0,0,0,0,0,0,0,0,0,0,0,0,0,0,0
8914,Jasch,Lennart,Jasch L.,225,702,0,0,0,,20001114,0.0,0.0,0,4.5,0.0,0.0,0,0,3,0,0,0,0,0,0,0,0,66,0,71,0,73,0,68,0,58,0,60,0,63,0,58,0,60,0,69,0,67,0,67,0,72,0,72,0,0,0,0,0,0,0,0,0,0,,,0,0,0,0,(),0,0,0.0,0,0,0.0,0,0,0,0,0,0,0,0,0,0,0,0,0,0,0,0
8915,Martín,Marco,Martín M.,119,816,0,0,0,,20061205,0.0,0.0,0,4.5,0.0,0.0,0,0,3,0,0,0,170,56,0,0,0,60,0,65,0,65,0,69,0,60,0,57,0,57,0,57,0,62,0,57,0,57,0,60,0,65,0,62,0,0,0,0,0,0,0,0,0,0,,,0,0,0,0,(),0,0,0.0,0,0,0.0,0,0,0,0,0,0,0,0,0,0,0,0,0,0,0,0
8916,Pringle,Nate,Pringle N.,203,3401,0,0,0,,20031016,0.0,0.0,0,4.0,0.0,0.0,0,0,3,0,0,0,0,0,0,0,0,66,0,70,0,71,0,66,0,62,0,70,0,69,0,61,0,61,0,65,0,64,0,66,0,69,0,73,0,0,0,0,0,0,0,0,0,0,,,0,0,0,0,(),0,0,0.0,0,0,0.0,0,0,0,0,0,0,0,0,0,0,0,0,0,0,0,0
8917,Thornley,Callum,Thornley C.,33,1801,0,0,0,cthornley,20030805,0.0,0.0,0,4.5,0.0,0.0,0,0,3,0,0,0,190,76,0,0,0,72,0,66,0,71,0,68,0,66,0,68,0,69,0,68,0,69,0,68,0,67,0,65,0,70,0,75,0,0,0,0,0,0,0,0,0,0,,Thornley_Callum,0,0,0,0,(),0,0,0.0,0,0,0.0,0,0,0,0,0,0,0,1,0,0,0,0,0,0,0,0
8918,Tuckwell,Luke,Tuckwell L.,33,2001,0,0,0,ltuckwell,20040621,0.0,0.0,0,4.5,0.0,0.0,0,0,3,0,0,0,182,66,0,0,0,67,0,72,0,73,0,66,0,60,0,65,0,67,0,61,0,61,0,69,0,67,0,67,0,71,0,67,0,0,0,0,0,0,0,0,0,0,,Tuckwell_Luke,0,0,0,0,(),0,0,0.0,0,0,0.0,0,0,0,0,0,0,0,0,0,0,0,0,0,0,0,0
8919,Caldwell,Kellen,Caldwell K.,119,601,0,0,0,,20030816,0.0,0.0,0,3.5,0.0,0.0,0,0,3,0,0,0,0,0,0,0,0,63,0,65,0,65,0,65,0,58,0,63,0,63,0,58,0,63,0,60,0,57,0,60,0,64,0,66,0,0,0,0,0,0,0,0,0,0,,,0,0,0,0,(),0,0,0.0,0,0,0.0,0,0,0,0,0,0,0,0,0,0,0,0,0,0,0,0
8920,Carstensen,Magnus,Carstensen M.,205,1002,0,0,0,,20060101,0.0,0.0,0,5.0,0.0,0.0,0,0,3,0,0,0,0,0,0,0,0,65,0,57,0,60,0,68,0,65,0,61,0,62,0,61,0,64,0,60,0,62,0,58,0,63,0,73,0,0,0,0,0,0,0,0,0,0,,,0,0,0,0,(),0,0,0.0,0,0,0.0,0,0,0,0,0,0,0,0,0,0,0,0,0,0,0,0
8921,Hlady,Gavin,Hlady G.,205,601,0,0,0,,20030201,0.0,0.0,0,3.5,0.0,0.0,0,0,3,0,0,0,181,65,0,0,0,59,0,63,0,64,0,68,0,60,0,59,0,61,0,64,0,70,0,60,0,63,0,61,0,67,0,68,0,0,0,0,0,0,0,0,0,0,,,0,0,0,0,(),0,0,0.0,0,0,0.0,0,0,0,0,0,0,0,0,0,0,0,0,0,0,0,0
8922,Larsson,Linus,Larsson L.,205,3201,0,0,0,,20060721,0.0,0.0,0,4.0,0.0,0.0,0,0,3,0,0,0,175,60,0,0,0,64,0,64,0,65,0,67,0,57,0,63,0,63,0,61,0,67,0,60,0,59,0,59,0,66,0,73,0,0,0,0,0,0,0,0,0,0,,,0,0,0,0,(),0,0,0.0,0,0,0.0,0,0,0,0,0,0,0,0,0,0,0,0,0,0,0,0
8923,López,Ian,López I.,60,601,0,0,0,ilopez,20031028,0.0,0.0,0,4.0,0.0,0.0,0,0,3,0,0,0,180,64,0,0,0,65,0,67,0,68,0,68,0,61,0,61,0,62,0,59,0,65,0,62,0,63,0,63,0,67,0,67,0,0,0,0,0,0,0,0,0,0,,,0,0,0,0,(),0,0,0.0,0,0,0.0,0,0,0,0,0,0,0,0,0,0,0,0,0,0,0,0
8924,Marín,Miguel Ángel,Marín M.Á.,205,1101,0,0,0,,20060224,0.0,0.0,0,3.5,0.0,0.0,0,0,3,0,0,0,0,0,0,0,0,60,0,64,0,64,0,65,0,57,0,55,0,56,0,58,0,56,0,56,0,56,0,56,0,63,0,72,0,0,0,0,0,0,0,0,0,0,,,0,0,0,0,(),0,0,0.0,0,0,0.0,0,0,0,0,0,0,0,0,0,0,0,0,0,0,0,0
8925,Streif,Noah,Streif N.,205,601,0,0,0,,20060407,0.0,0.0,0,3.0,0.0,0.0,0,0,3,0,0,0,0,0,0,0,0,63,0,58,0,60,0,68,0,55,0,63,0,62,0,61,0,60,0,58,0,57,0,55,0,62,0,68,0,0,0,0,0,0,0,0,0,0,,,0,0,0,0,(),0,0,0.0,0,0,0.0,0,0,0,0,0,0,0,0,0,0,0,0,0,0,0,0
8926,Verstraete,Jenthe,Verstraete J.,205,402,0,0,0,,20060204,0.0,0.0,0,4.0,0.0,0.0,0,0,3,0,0,0,177,59,0,0,0,65,0,63,0,65,0,65,0,61,0,59,0,59,0,60,0,62,0,60,0,60,0,62,0,66,0,64,0,0,0,0,0,0,0,0,0,0,,,0,0,0,0,(),0,0,0.0,0,0,0.0,0,0,0,0,0,0,0,0,0,0,0,0,0,0,0,0
8927,Hessmann,Michel,Hessmann M.,1,710,0,0,0,mhessmann,20010406,0.0,0.0,0,3.5,0.0,0.0,0,0,3,0,0,0,191,78,0,0,0,70,0,65,0,69,0,66,0,62,0,67,0,67,0,58,0,60,0,65,0,63,0,64,0,70,0,64,0,0,0,0,0,0,0,0,0,0,,Hessmann_Michel,0,0,0,0,(),0,0,0.0,0,0,0.0,0,0,0,0,0,0,0,0,0,1,1,0,0,0,1,0
8928,Balázs,Maté,Balázs M.,166,701,0,0,0,,20050728,0.0,0.0,0,2.5,0.0,0.0,0,0,3,0,0,0,171,62,0,0,0,59,0,60,0,61,0,67,0,55,0,53,0,54,0,57,0,64,0,60,0,58,0,55,0,63,0,59,0,0,0,0,0,0,0,0,0,0,,,0,0,0,0,(),0,0,0.0,0,0,0.0,0,0,0,0,0,0,0,0,0,0,0,0,0,0,0,0
8931,Habteab,Yoel,Habteab Y.,166,4101,0,0,0,yhabteab,20040326,0.0,0.0,0,3.5,0.0,0.0,0,0,3,0,0,0,175,61,0,0,0,62,0,67,0,67,0,64,0,55,0,57,0,58,0,60,0,62,0,63,0,60,0,61,0,65,0,67,0,0,0,0,0,0,0,0,0,0,,,0,0,0,0,(),0,0,0.0,0,0,0.0,0,0,0,0,0,0,0,0,0,0,0,0,0,0,0,0
8932,Lennemann,Anton,Lennemann A.,166,701,0,0,0,,20030305,0.0,0.0,0,3.0,0.0,0.0,0,0,3,0,0,0,0,0,0,0,0,63,0,56,0,57,0,64,0,61,0,59,0,61,0,59,0,60,0,60,0,58,0,58,0,60,0,73,0,0,0,0,0,0,0,0,0,0,,,0,0,0,0,(),0,0,0.0,0,0,0.0,0,0,0,0,0,0,0,0,0,0,0,0,0,0,0,0
8933,Maekele,Milkias,Maekele M.,202,4101,0,0,0,mmaekele,20050904,0.0,0.0,0,3.5,0.0,0.0,0,0,3,0,0,0,0,0,0,0,0,66,0,58,0,60,0,64,0,60,0,58,0,60,0,71,0,69,0,60,0,62,0,62,0,62,0,60,0,0,0,0,0,0,0,0,0,0,,,0,0,0,0,(),0,0,0.0,0,0,0.0,0,0,0,0,0,0,0,1,0,0,0,0,0,0,0,0
8934,Mattheis,Oliver,Mattheis O.,166,702,0,0,0,omattheis,19950424,0.0,0.0,0,3.5,0.0,0.0,0,0,3,0,0,0,179,66,0,0,0,66,0,66,0,69,0,66,0,58,0,61,0,61,0,63,0,65,0,65,0,64,0,67,0,70,0,64,0,0,0,0,0,0,0,0,0,0,,,0,0,0,0,(),0,0,0.0,0,0,0.0,0,0,0,0,0,0,0,1,0,0,0,0,0,0,0,0
8935,Reuss,Lasse,Reuss L.,119,701,0,0,0,lreuss,20000317,0.0,0.0,0,2.0,0.0,0.0,0,0,3,0,0,0,0,0,0,0,0,62,0,61,0,61,0,61,0,55,0,56,0,58,0,56,0,55,0,57,0,58,0,55,0,63,0,60,0,0,0,0,0,0,0,0,0,0,,,0,0,0,0,(),0,0,0.0,0,0,0.0,0,0,0,0,0,0,0,0,0,0,0,0,0,0,0,0
8936,Schiffer,Anton,Schiffer A.,14,710,0,0,0,aschiffer,19990901,0.0,0.0,0,4.0,0.0,0.0,0,0,3,0,0,0,178,62,0,0,0,65,0,71,0,72,0,68,0,60,0,64,0,64,0,58,0,65,0,68,0,67,0,68,0,73,0,70,0,0,3,2,0,0,0,0,0,0,,Schiffer_Anton,0,0,0,0,(),0,0,0.0,0,0,0.0,0,0,0,0,0,0,0,1,0,0,0,0,0,0,0,0
8937,Sternsdorff,Lennard,Sternsdorff L.,166,701,0,0,0,,20041006,0.0,0.0,0,3.0,0.0,0.0,0,0,3,0,0,0,0,0,0,0,0,65,0,60,0,63,0,65,0,60,0,63,0,64,0,59,0,61,0,58,0,58,0,59,0,64,0,68,0,0,0,0,0,0,0,0,0,0,,,0,0,0,0,(),0,0,0.0,0,0,0.0,0,0,0,0,0,0,0,0,0,0,0,0,0,0,0,0
8938,Yemane,Dawit,Yemane D.,119,4101,0,0,0,dyemane,19980101,0.0,0.0,0,4.0,0.0,0.0,0,0,3,0,0,0,0,0,0,0,0,64,0,71,0,71,0,66,0,55,0,59,0,60,0,58,0,66,0,67,0,64,0,67,0,69,0,75,0,0,0,0,0,0,0,0,0,0,,,0,0,0,0,(),0,0,0.0,0,0,0.0,0,0,0,0,0,0,0,2,0,0,0,0,0,0,0,0
8939,Ankerstjerne,Nikolaj,Ankerstjerne N.,119,1001,0,0,0,nankerstjerne,20061121,0.0,0.0,0,3.5,0.0,0.0,0,0,3,0,0,0,0,0,0,0,0,66,0,57,0,58,0,69,0,63,0,63,0,65,0,66,0,64,0,58,0,60,0,59,0,62,0,74,0,0,0,0,0,0,0,0,0,0,,,0,0,0,0,(),0,0,0.0,0,0,0.0,0,0,0,0,0,0,0,0,0,0,0,0,0,0,0,0
8940,Freiberger,Markus,Freiberger M.,119,3701,0,0,0,mfreiberger,19951219,0.0,0.0,0,3.0,0.0,0.0,0,0,3,0,0,0,0,0,0,0,0,60,0,67,0,67,0,64,0,55,0,55,0,57,0,56,0,58,0,58,0,57,0,55,0,66,0,57,0,0,0,0,0,0,0,0,0,0,,,0,0,0,0,(),0,0,0.0,0,0,0.0,0,0,0,0,0,0,0,0,0,0,0,0,0,0,0,0
8941,Halta,Filip,Halta F.,106,3001,0,0,0,,19970904,0.0,0.0,0,3.0,0.0,0.0,0,0,3,0,0,0,0,0,0,0,0,67,0,57,0,60,0,69,0,63,0,61,0,62,0,60,0,67,0,60,0,62,0,60,0,63,0,60,0,0,0,0,0,0,0,0,0,0,,,0,0,0,0,(),0,0,0.0,0,0,0.0,0,0,0,0,0,0,0,0,0,0,0,0,0,0,0,0
8942,Brandt Christiansen,Sebastian,Brandt Christiansen S.,119,1001,0,0,0,,20061207,0.0,0.0,0,4.0,0.0,0.0,0,0,3,0,0,0,0,0,0,0,0,64,0,61,0,63,0,64,0,60,0,59,0,62,0,58,0,60,0,57,0,58,0,60,0,63,0,65,0,0,0,0,0,0,0,0,0,0,,,0,0,0,0,(),0,0,0.0,0,0,0.0,0,0,0,0,0,0,0,0,0,0,0,0,0,0,0,0
8943,Hunsen,Alexander Arnt,Hunsen A.A.,164,1004,0,0,0,,20030513,0.0,0.0,0,4.0,0.0,0.0,0,0,3,0,0,0,187,68,0,0,0,67,0,60,0,64,0,70,0,65,0,63,0,67,0,65,0,70,0,63,0,65,0,63,0,68,0,61,0,0,0,0,0,0,0,0,0,0,,,0,0,0,0,(),0,0,0.0,0,0,0.0,0,0,0,0,0,0,0,0,0,0,0,0,0,0,0,0
8944,Kungstad,Alfred,Kungstad A.,164,1004,0,0,0,,20051109,0.0,0.0,0,3.0,0.0,0.0,0,0,3,0,0,0,190,75,0,0,0,67,0,55,0,58,0,61,0,62,0,59,0,61,0,63,0,62,0,60,0,57,0,58,0,62,0,65,0,0,0,0,0,0,0,0,0,0,,,0,0,0,0,(),0,0,0.0,0,0,0.0,0,0,0,0,0,0,0,0,0,0,0,0,0,0,0,0
8945,Neelsen,Emil Nymand,Neelsen E.N.,164,1001,0,0,0,,20060413,0.0,0.0,0,3.5,0.0,0.0,0,0,3,0,0,0,0,0,0,0,0,62,0,59,0,64,0,72,0,61,0,57,0,60,0,59,0,63,0,57,0,57,0,56,0,65,0,65,0,0,0,0,0,0,0,0,0,0,,,0,0,0,0,(),0,0,0.0,0,0,0.0,0,0,0,0,0,0,0,0,0,0,0,0,0,0,0,0
8946,Rushøj,Hugo,Rushøj H.,164,1001,0,0,0,,20060514,0.0,0.0,0,2.5,0.0,0.0,0,0,3,0,0,0,0,0,0,0,0,66,0,57,0,58,0,67,0,64,0,64,0,65,0,60,0,60,0,60,0,60,0,60,0,60,0,63,0,0,0,0,0,0,0,0,0,0,,,0,0,0,0,(),0,0,0.0,0,0,0.0,0,0,0,0,0,0,0,0,0,0,0,0,0,0,0,0
8947,Teftemark,Lucas,Teftemark L.,164,1005,0,0,0,,20040710,0.0,0.0,0,2.5,0.0,0.0,0,0,3,0,0,0,185,73,0,0,0,66,0,56,0,60,0,65,0,63,0,61,0,64,0,63,0,59,0,60,0,58,0,59,0,62,0,65,0,0,0,0,0,0,0,0,0,0,,,0,0,0,0,(),0,0,0.0,0,0,0.0,0,0,0,0,0,0,0,0,0,0,0,0,0,0,0,0
8948,Krouzer,Tobias,Krouzer T.,113,701,0,0,0,,20000919,0.0,0.0,0,3.0,0.0,0.0,0,0,3,0,0,0,0,0,0,0,0,63,0,64,0,65,0,68,0,57,0,61,0,63,0,57,0,65,0,60,0,62,0,62,0,65,0,66,0,0,0,0,0,0,0,0,0,0,,,0,0,0,0,(),0,0,0.0,0,0,0.0,0,0,0,0,0,0,0,0,0,0,0,0,0,0,0,0
8949,Krzyśków,Dominik,Krzyśków D.,119,3001,0,0,0,,20060919,0.0,0.0,0,3.5,0.0,0.0,0,0,3,0,0,0,182,63,0,0,0,62,0,57,0,60,0,58,0,58,0,63,0,63,0,50,0,55,0,55,0,57,0,53,0,59,0,61,0,0,0,0,0,0,0,0,0,0,,,0,0,0,0,(),0,0,0.0,0,0,0.0,0,0,0,0,0,0,0,0,0,0,0,0,0,0,0,0
8950,Girmer,Paul,Girmer P.,113,701,0,0,0,,20060405,0.0,0.0,0,3.0,0.0,0.0,0,0,3,0,0,0,0,0,0,0,0,63,0,58,0,60,0,69,0,60,0,60,0,60,0,57,0,63,0,54,0,56,0,55,0,62,0,66,0,0,0,0,0,0,0,0,0,0,,,0,0,0,0,(),0,0,0.0,0,0,0.0,0,0,0,0,0,0,0,0,0,0,0,0,0,0,0,0
8951,Strosser,Luis,Strosser L.,113,701,0,0,0,,20060507,0.0,0.0,0,2.5,0.0,0.0,0,0,3,0,0,0,0,0,0,0,0,64,0,59,0,61,0,64,0,55,0,58,0,57,0,56,0,64,0,55,0,54,0,53,0,60,0,61,0,0,0,0,0,0,0,0,0,0,,,0,0,0,0,(),0,0,0.0,0,0,0.0,0,0,0,0,0,0,0,0,0,0,0,0,0,0,0,0
8952,Ilski,Szymon,Ilski S.,162,3001,0,0,0,,20060827,0.0,0.0,0,3.0,0.0,0.0,0,0,3,0,0,0,0,0,0,0,0,60,0,61,0,61,0,61,0,59,0,53,0,56,0,54,0,60,0,57,0,56,0,55,0,64,0,68,0,0,0,0,0,0,0,0,0,0,,,0,0,0,0,(),0,0,0.0,0,0,0.0,0,0,0,0,0,0,0,0,0,0,0,0,0,0,0,0
8953,Novak,Edmond,Novak E.,119,10401,0,0,0,,20060512,0.0,0.0,0,1.5,0.0,0.0,0,0,3,0,0,0,0,0,0,0,0,61,0,54,0,56,0,67,0,61,0,56,0,53,0,59,0,56,0,54,0,54,0,57,0,55,0,66,0,0,0,0,0,0,0,0,0,0,,,0,0,0,0,(),0,0,0.0,0,0,0.0,0,0,0,0,0,0,0,0,0,0,0,0,0,0,0,0
8954,Novak,Edvard,Novak Ed.,119,10401,0,0,0,,20040411,0.0,0.0,0,1.0,0.0,0.0,0,0,3,0,0,0,0,0,0,0,0,60,0,54,0,59,0,63,0,61,0,59,0,60,0,53,0,61,0,53,0,56,0,57,0,53,0,60,0,0,0,0,0,0,0,0,0,0,,,0,0,0,0,(),0,0,0.0,0,0,0.0,0,0,0,0,0,0,0,0,0,0,0,0,0,0,0,0
8955,Toader,Alin,Toader A.,119,10401,0,0,0,,20041204,0.0,0.0,0,1.5,0.0,0.0,0,0,3,0,0,0,0,0,0,0,0,64,0,60,0,61,0,60,0,55,0,57,0,58,0,60,0,62,0,60,0,60,0,62,0,62,0,61,0,0,0,0,0,0,0,0,0,0,,,0,0,0,0,(),0,0,0.0,0,0,0.0,0,0,0,0,0,0,0,0,0,0,0,0,0,0,0,0
8956,Lesa,Ailetz,Lesa A.,38,815,0,0,0,,20000315,0.0,0.0,0,2.5,0.0,0.0,0,0,3,0,0,0,0,0,0,0,0,62,0,63,0,63,0,64,0,55,0,57,0,59,0,61,0,64,0,59,0,59,0,60,0,64,0,59,0,0,0,0,0,0,0,0,0,0,,,0,0,0,0,(),0,0,0.0,0,0,0.0,0,0,0,0,0,0,0,0,0,0,0,0,0,0,0,0
8957,Mistre,Guilherme,Mistre G.,38,2905,0,0,0,,20060806,0.0,0.0,0,3.0,0.0,0.0,0,0,3,0,0,0,0,0,0,0,0,64,0,58,0,60,0,65,0,60,0,60,0,62,0,60,0,61,0,57,0,60,0,61,0,62,0,59,0,0,0,0,0,0,0,0,0,0,,,0,0,0,0,(),0,0,0.0,0,0,0.0,0,0,0,0,0,0,0,0,0,0,0,0,0,0,0,0
8958,Aerts,Toon,Aerts T.,9,402,0,0,0,taerts,19931019,0.0,0.0,0,4.0,0.0,0.0,0,0,3,0,0,0,188,72,0,0,0,74,0,65,0,70,0,75,0,72,0,66,0,66,0,74,0,72,0,69,0,73,0,72,0,74,0,69,0,0,3,3,0,0,0,0,0,0,,Aerts_Toon,0,0,0,0,(),0,0,0.0,0,0,0.0,0,0,0,0,0,0,0,0,0,0,0,0,0,0,0,0
8959,Van de Putte,Victor,Van de Putte V.,209,402,0,0,0,,20020520,0.0,0.0,0,3.0,0.0,0.0,0,0,3,0,0,0,0,0,0,0,0,68,0,57,0,59,0,72,0,67,0,58,0,63,0,67,0,70,0,62,0,64,0,60,0,65,0,62,0,0,0,0,0,0,0,0,0,0,,,0,0,0,0,(),0,0,0.0,0,0,0.0,0,0,0,0,0,0,0,0,0,0,0,0,0,0,0,0
8960,Ramsay,Noah,Ramsay N.,237,2201,0,0,0,,20021215,0.0,0.0,0,4.0,0.0,0.0,0,0,3,0,0,0,182,69,0,0,0,65,0,69,0,69,0,70,0,60,0,60,0,62,0,58,0,63,0,65,0,63,0,65,0,68,0,58,0,0,0,0,0,0,0,0,0,0,,,0,0,0,0,(),0,0,0.0,0,0,0.0,0,0,0,0,0,0,0,0,0,0,0,0,0,0,0,0
8961,Nat,Joost,Nat J.,158,506,0,0,0,jnat,20020129,0.0,0.0,0,3.0,0.0,0.0,0,0,3,0,0,0,0,0,0,0,0,66,0,55,0,56,0,69,0,63,0,61,0,60,0,62,0,64,0,58,0,60,0,62,0,61,0,55,0,0,0,0,0,0,0,0,0,0,,,0,0,0,0,(),0,0,0.0,0,0,0.0,0,0,0,0,0,0,0,0,0,0,0,0,0,0,0,0
8963,Chesini,Cesare,Chesini C.,103,206,0,0,0,cchesini,20040311,0.0,0.0,0,4.0,0.0,0.0,0,0,3,0,0,0,0,0,0,0,0,64,0,72,0,72,0,65,0,58,0,58,0,57,0,61,0,64,0,67,0,66,0,64,0,70,0,60,0,0,0,0,0,0,0,0,0,0,,,0,0,0,0,(),0,0,0.0,0,0,0.0,0,0,0,0,0,0,0,0,0,0,0,0,0,0,0,0
8965,Oioli,Manuel,Oioli M.,119,202,0,0,0,,20030517,0.0,0.0,0,3.5,0.0,0.0,0,0,3,0,0,0,174,65,0,0,0,66,0,61,0,63,0,69,0,59,0,55,0,58,0,61,0,64,0,60,0,62,0,60,0,68,0,68,0,0,0,0,0,0,0,0,0,0,,,0,0,0,0,(),0,0,0.0,0,0,0.0,0,0,0,0,0,0,0,0,0,0,0,0,0,0,0,0
8966,Simoni,Enrico,Simoni E.,119,205,0,0,0,,20060622,0.0,0.0,0,3.0,0.0,0.0,0,0,3,0,0,0,0,0,0,0,0,56,0,64,0,64,0,67,0,54,0,56,0,58,0,55,0,61,0,53,0,56,0,56,0,62,0,64,0,0,0,0,0,0,0,0,0,0,,,0,0,0,0,(),0,0,0.0,0,0,0.0,0,0,0,0,0,0,0,0,0,0,0,0,0,0,0,0
8967,Takács,Zsombor Tamás,Takács Z.T.,103,4001,0,0,0,zttakacs,20060106,0.0,0.0,0,4.0,0.0,0.0,0,0,3,0,0,0,0,0,0,0,0,64,0,60,0,61,0,70,0,63,0,58,0,62,0,62,0,65,0,65,0,64,0,62,0,64,0,60,0,0,0,0,0,0,0,0,0,0,,,0,0,0,0,(),0,0,0.0,0,0,0.0,0,0,0,0,0,0,0,0,0,0,0,0,0,0,0,0
8968,Vas,Barnabás,Vas B.,167,4001,0,0,0,,20060223,0.0,0.0,0,3.0,0.0,0.0,0,0,3,0,0,0,0,0,0,0,0,65,0,64,0,65,0,73,0,65,0,59,0,57,0,60,0,60,0,57,0,58,0,53,0,65,0,61,0,0,0,0,0,0,0,0,0,0,,,0,0,0,0,(),0,0,0.0,0,0,0.0,0,0,0,0,0,0,0,0,0,0,0,0,0,0,0,0
8969,Beisembay,Mansur,Beisembay M.,212,1301,0,0,0,,20060109,0.0,0.0,0,3.5,0.0,0.0,0,0,3,0,0,0,194,73,0,0,0,67,0,64,0,58,0,64,0,63,0,63,0,63,0,67,0,68,0,60,0,62,0,60,0,63,0,62,0,0,0,0,0,0,0,0,0,0,,,0,0,0,0,(),0,0,0.0,0,0,0.0,0,0,0,0,0,0,0,0,0,0,0,0,0,0,0,0
8970,Podluzhnyy,Mikhail,Podluzhnyy M.,212,1301,0,0,0,,20060110,0.0,0.0,0,2.0,0.0,0.0,0,0,3,0,0,0,174,71,0,0,0,64,0,54,0,54,0,64,0,55,0,57,0,59,0,66,0,65,0,57,0,57,0,54,0,55,0,63,0,0,0,0,0,0,0,0,0,0,,,0,0,0,0,(),0,0,0.0,0,0,0.0,0,0,0,0,0,0,0,0,0,0,0,0,0,0,0,0
8971,Shnakinberg,Maxim,Shnakinberg M.,119,1301,0,0,0,,20060223,0.0,0.0,0,3.0,0.0,0.0,0,0,3,0,0,0,0,0,0,0,0,62,0,60,0,61,0,60,0,57,0,58,0,58,0,57,0,55,0,55,0,57,0,55,0,61,0,65,0,0,0,0,0,0,0,0,0,0,,,0,0,0,0,(),0,0,0.0,0,0,0.0,0,0,0,0,0,0,0,0,0,0,0,0,0,0,0,0
8972,Zinkevich,Daniil,Zinkevich D.,96,1301,0,0,0,,20060721,0.0,0.0,0,1.5,0.0,0.0,0,0,3,0,0,0,0,0,0,0,0,63,0,55,0,56,0,64,0,60,0,61,0,61,0,59,0,62,0,57,0,57,0,58,0,57,0,74,0,0,0,0,0,0,0,0,0,0,,,0,0,0,0,(),0,0,0.0,0,0,0.0,0,0,0,0,0,0,0,0,0,0,0,0,0,0,0,0
8973,Browning,Fergus,Browning F.,168,2001,0,0,0,,20031204,0.0,0.0,0,4.0,0.0,0.0,0,0,3,0,0,0,0,0,0,0,0,70,0,63,0,66,0,66,0,59,0,67,0,67,0,60,0,61,0,65,0,65,0,66,0,69,0,73,0,0,0,0,0,0,0,0,0,0,,,0,0,0,0,(),0,0,0.0,0,0,0.0,0,0,0,0,0,0,0,1,0,0,0,0,0,0,0,0
8974,Agostinacchio,Mattia,Agostinacchio M.,5,201,0,0,0,magostinacchio,20070913,0.0,0.0,0,5.0,0.0,0.0,0,0,3,0,0,0,0,0,0,0,0,64,0,64,0,65,0,68,0,67,0,60,0,63,0,62,0,68,0,61,0,63,0,61,0,68,0,67,0,0,2,4,0,0,0,0,0,0,,Agostinacchio_Mattia,0,0,0,0,(),0,0,0.0,0,0,0.0,0,0,0,0,0,0,0,0,0,0,0,0,0,0,0,0
8975,Larronde,Ellande,Larronde E.,35,302,0,0,0,elarronde,20061107,0.0,0.0,0,3.0,0.0,0.0,0,0,3,0,0,0,183,71,0,0,0,62,0,61,0,60,0,64,0,54,0,58,0,59,0,60,0,55,0,55,0,56,0,57,0,62,0,71,0,0,0,0,0,0,0,0,0,0,,Larronde_Ellande,0,0,0,0,(),0,0,0.0,0,0,0.0,0,0,0,0,0,0,0,0,0,0,0,0,0,0,0,0
8976,Villar,Iker,Villar I.,35,815,0,0,0,ivillar,20061124,0.0,0.0,0,3.0,0.0,0.0,0,0,3,0,0,0,183,73,0,0,0,58,0,60,0,61,0,62,0,58,0,57,0,54,0,59,0,61,0,57,0,53,0,56,0,64,0,65,0,0,0,0,0,0,0,0,0,0,,Villar_Iker,0,0,0,0,(),0,0,0.0,0,0,0.0,0,0,0,0,0,0,0,0,0,0,0,0,0,0,0,0
8977,Corres,Gorka,Corres G.,35,816,0,0,0,gcorres,20050605,0.0,0.0,0,3.0,0.0,0.0,0,0,3,0,0,0,176,63,0,0,0,59,0,60,0,61,0,69,0,51,0,56,0,56,0,52,0,64,0,56,0,55,0,54,0,63,0,58,0,0,0,0,0,0,0,0,0,0,,Corres_Gorka,0,0,0,0,(),0,0,0.0,0,0,0.0,0,0,0,0,0,0,0,0,0,0,0,0,0,0,0,0
8978,Lospitao,Pablo,Lospitao P.,35,811,0,0,0,plospitao,20050719,0.0,0.0,0,3.0,0.0,0.0,0,0,3,0,0,0,187,67,0,0,0,56,0,63,0,65,0,64,0,53,0,57,0,56,0,56,0,56,0,58,0,55,0,56,0,64,0,68,0,0,0,0,0,0,0,0,0,0,,Lospitao_Pablo,0,0,0,0,(),0,0,0.0,0,0,0.0,0,0,0,0,0,0,0,0,0,0,0,0,0,0,0,0
8979,Pérez,César,Pérez C.,70,817,0,0,0,cperez,20041123,0.0,0.0,0,3.5,0.0,0.0,0,0,3,0,0,0,183,66,0,0,0,65,0,59,0,66,0,68,0,55,0,58,0,58,0,59,0,64,0,64,0,64,0,64,0,69,0,66,0,0,0,0,0,0,0,0,0,0,,,0,0,0,0,(),0,0,0.0,0,0,0.0,0,0,0,0,0,0,0,0,0,0,0,0,0,0,0,0
8980,Ramos,Unai,Ramos U.,70,815,0,0,0,uramos,20050924,0.0,0.0,0,4.0,0.0,0.0,0,0,3,0,0,0,175,60,0,0,0,63,0,66,0,68,0,65,0,60,0,58,0,58,0,63,0,66,0,64,0,65,0,65,0,68,0,61,0,0,0,0,0,0,0,0,0,0,,,0,0,0,0,(),0,0,0.0,0,0,0.0,0,0,0,0,0,0,0,0,0,0,0,0,0,0,0,0
8981,Gómez,Iker,Gómez I.,70,815,0,0,0,igomez,20060327,0.0,0.0,0,3.0,0.0,0.0,0,0,3,0,0,0,180,74,0,0,0,63,0,58,0,63,0,65,0,56,0,56,0,54,0,53,0,63,0,59,0,59,0,62,0,64,0,61,0,0,0,0,0,0,0,0,0,0,,,0,0,0,0,(),0,0,0.0,0,0,0.0,0,0,0,0,0,0,0,0,0,0,0,0,0,0,0,0
8982,Fernández Heres,Samuel,Fernández Heres S.,100,803,0,0,0,sfernandezheres,20030514,0.0,0.0,0,3.0,0.0,0.0,0,0,3,0,0,0,0,0,0,0,0,65,0,62,0,62,0,68,0,61,0,55,0,55,0,57,0,60,0,59,0,59,0,61,0,65,0,68,0,0,0,0,0,0,0,0,0,0,,,0,0,0,0,(),0,0,0.0,0,0,0.0,0,0,0,0,0,0,0,0,0,0,0,0,0,0,0,0
8983,Aguirre,Yago,Aguirre Y.,100,816,0,0,0,yaguirre,20040830,0.0,0.0,0,3.0,0.0,0.0,0,0,3,0,0,0,0,0,0,0,0,64,0,60,0,61,0,67,0,55,0,61,0,60,0,55,0,63,0,59,0,59,0,57,0,64,0,64,0,0,0,0,0,0,0,0,0,0,,,0,0,0,0,(),0,0,0.0,0,0,0.0,0,0,0,0,0,0,0,0,0,0,0,0,0,0,0,0
8984,Ugarte,Gari,Ugarte G.,100,816,0,0,0,gugarte,20050602,0.0,0.0,0,3.0,0.0,0.0,0,0,3,0,0,0,0,0,0,0,0,67,0,62,0,65,0,66,0,60,0,64,0,66,0,54,0,53,0,61,0,61,0,63,0,67,0,55,0,0,0,0,0,0,0,0,0,0,,,0,0,0,0,(),0,0,0.0,0,0,0.0,0,0,0,0,0,0,0,0,0,0,0,0,0,0,0,0
8985,Crozzolo,Fabrizio,Crozzolo F.,102,4601,0,0,0,fcrozzolo,20050317,0.0,0.0,0,4.0,0.0,0.0,0,0,3,0,0,0,178,70,0,0,0,66,0,64,0,68,0,68,0,63,0,60,0,62,0,60,0,65,0,64,0,64,0,65,0,70,0,70,0,0,0,0,0,0,0,0,0,0,,,0,0,0,0,(),0,0,0.0,0,0,0.0,0,0,0,0,0,0,0,0,0,0,0,0,0,0,0,0
8986,Giuliano,Dario,Giuliano D.,102,302,0,0,0,dgiuliano,20050204,0.0,0.0,0,3.0,0.0,0.0,0,0,3,0,0,0,177,63,0,0,0,60,0,63,0,65,0,68,0,60,0,56,0,56,0,61,0,63,0,58,0,57,0,60,0,66,0,66,0,0,0,0,0,0,0,0,0,0,,,0,0,0,0,(),0,0,0.0,0,0,0.0,0,0,0,0,0,0,0,0,0,0,0,0,0,0,0,0
8987,Benito,Adrián,Benito A.,102,801,0,0,0,abenito,20040607,0.0,0.0,0,3.5,0.0,0.0,0,0,3,0,0,0,185,72,0,0,0,64,0,68,0,69,0,64,0,58,0,59,0,61,0,59,0,60,0,65,0,63,0,66,0,69,0,64,0,0,0,0,0,0,0,0,0,0,,,0,0,0,0,(),0,0,0.0,0,0,0.0,0,0,0,0,0,0,0,0,0,0,0,0,0,0,0,0
8988,Manenti,Marco,Manenti M.,81,204,0,0,0,mmanenti,20020907,0.0,0.0,0,3.0,0.0,0.0,0,0,3,0,0,0,0,0,0,0,0,66,0,55,0,59,0,68,0,60,0,59,0,59,0,69,0,69,0,64,0,65,0,65,0,62,0,66,0,0,0,0,0,0,0,0,0,0,,,0,0,0,0,(),0,0,0.0,0,0,0.0,0,0,0,0,0,0,0,0,0,0,0,0,0,0,0,0
8989,Macías,César,Macías C.,92,2301,0,0,0,cmacias,20030917,0.0,0.0,0,4.0,0.0,0.0,0,0,3,0,0,0,0,0,0,0,0,71,0,59,0,63,0,70,0,68,0,56,0,60,0,71,0,74,0,65,0,66,0,62,0,71,0,66,0,0,0,0,0,0,0,0,0,0,,,0,0,0,0,(),0,0,0.0,0,0,0.0,0,0,0,0,0,0,0,0,0,0,0,0,0,0,0,0
8990,Turconi,Matteo,Turconi M.,81,204,0,0,0,mturconi,20070708,0.0,0.0,0,3.5,0.0,0.0,0,0,3,0,0,0,185,67,0,0,0,68,0,67,0,67,0,68,0,60,0,61,0,61,0,64,0,68,0,65,0,66,0,65,0,70,0,59,0,0,0,0,0,0,0,0,0,0,,,0,0,0,0,(),0,0,0.0,0,0,0.0,0,0,0,0,0,0,0,0,0,0,0,0,0,0,0,0
8991,Geeraerts,Ferre,Geeraerts F.,69,402,0,0,0,fgeeraerts,20030111,0.0,0.0,0,3.5,0.0,0.0,0,0,3,0,0,0,183,0,0,0,0,70,0,60,0,65,0,69,0,68,0,65,0,64,0,65,0,65,0,64,0,65,0,64,0,68,0,70,0,0,0,0,0,0,0,0,0,0,,,0,0,0,0,(),0,0,0.0,0,0,0.0,0,0,0,0,0,0,0,0,0,0,0,0,0,0,0,0
8992,Torney,Artuur,Torney A.,69,402,0,0,0,atorney,20030901,0.0,0.0,0,3.0,0.0,0.0,0,0,3,0,0,0,0,0,0,0,0,66,0,56,0,58,0,71,0,64,0,56,0,58,0,70,0,72,0,61,0,63,0,60,0,62,0,60,0,0,0,0,0,0,0,0,0,0,,,0,0,0,0,(),0,0,0.0,0,0,0.0,0,0,0,0,0,0,0,0,0,0,0,0,0,0,0,0
8993,Thonnon,Senne,Thonnon S.,69,402,0,0,0,sthonnon,20030319,0.0,0.0,0,4.0,0.0,0.0,0,0,3,0,0,0,181,0,0,0,0,68,0,66,0,71,0,60,0,62,0,63,0,63,0,62,0,65,0,65,0,66,0,63,0,72,0,62,0,0,0,0,0,0,0,0,0,0,,,0,0,0,0,(),0,0,0.0,0,0,0.0,0,0,0,0,0,0,0,0,0,0,0,0,0,0,0,0
8994,Van den Haute,Milan,Van den Haute M.,69,402,0,0,0,mvandenhaute,20051014,0.0,0.0,0,3.0,0.0,0.0,0,0,3,0,0,0,0,0,0,0,0,67,0,55,0,57,0,64,0,60,0,62,0,62,0,63,0,63,0,60,0,61,0,59,0,60,0,57,0,0,0,0,0,0,0,0,0,0,,,0,0,0,0,(),0,0,0.0,0,0,0.0,0,0,0,0,0,0,0,0,0,0,0,0,0,0,0,0
8995,Terrier,Lucas,Terrier L.,123,322,0,0,0,lterrier,20060404,0.0,0.0,0,3.0,0.0,0.0,0,0,3,0,0,0,0,0,0,0,0,60,0,55,0,55,0,68,0,60,0,61,0,61,0,59,0,64,0,59,0,60,0,59,0,59,0,69,0,0,0,0,0,0,0,0,0,0,,,0,0,0,0,(),0,0,0.0,0,0,0.0,0,0,0,0,0,0,0,0,0,0,0,0,0,0,0,0
8996,Posnic,Louis Marie,Posnic L.M.,123,318,0,0,0,lmposnic,20031230,0.0,0.0,0,3.0,0.0,0.0,0,0,3,0,0,0,0,0,0,0,0,58,0,55,0,55,0,64,0,61,0,59,0,60,0,59,0,65,0,58,0,58,0,59,0,59,0,64,0,0,0,0,0,0,0,0,0,0,,,0,0,0,0,(),0,0,0.0,0,0,0.0,0,0,0,0,0,0,0,0,0,0,0,0,0,0,0,0
8997,López,Juan José,López J.J.,123,817,0,0,0,jjlopez,20060913,0.0,0.0,0,3.0,0.0,0.0,0,0,3,0,0,0,0,0,0,0,0,58,0,59,0,61,0,67,0,51,0,56,0,58,0,57,0,58,0,56,0,55,0,54,0,60,0,65,0,0,0,0,0,0,0,0,0,0,,,0,0,0,0,(),0,0,0.0,0,0,0.0,0,0,0,0,0,0,0,0,0,0,0,0,0,0,0,0
8998,Gaffuri,Mattia,Gaffuri M.,15,204,0,0,0,mgaffuri,19990704,0.0,0.0,0,3.5,0.0,0.0,0,0,3,0,0,0,184,67,0,0,0,68,0,72,0,73,0,74,0,65,0,63,0,62,0,60,0,65,0,68,0,66,0,67,0,72,0,72,0,0,0,0,0,0,0,0,0,0,,Gaffuri_Mattia,0,0,0,0,(),0,0,0.0,0,0,0.0,0,0,0,0,0,0,0,0,0,0,0,0,0,0,0,0
8999,Rey,Martín,Rey M.,92,812,0,0,0,mrey,20030311,0.0,0.0,0,3.0,0.0,0.0,0,0,3,0,0,0,177,65,0,0,0,63,0,66,0,66,0,67,0,58,0,61,0,61,0,62,0,64,0,59,0,59,0,58,0,65,0,64,0,0,0,0,0,0,0,0,0,0,,,0,0,0,0,(),0,0,0.0,0,0,0.0,0,0,0,0,0,0,0,0,0,0,0,0,0,0,0,0
9000,Boardman,Samuel,Boardman S.,60,601,0,0,0,sboardman,19950908,0.0,0.0,0,3.0,0.0,0.0,0,0,3,0,0,0,0,0,0,0,0,63,0,60,0,59,0,62,0,54,0,60,0,59,0,59,0,60,0,56,0,56,0,53,0,60,0,65,0,0,0,0,0,0,0,0,0,0,,,0,0,0,0,(),0,0,0.0,0,0,0.0,0,0,0,0,0,0,0,0,0,0,0,0,0,0,0,0
9001,Caudell,Ezra,Caudell E.,60,601,0,0,0,ecaudell,20060908,0.0,0.0,0,3.0,0.0,0.0,0,0,3,0,0,0,200,82,0,0,0,68,0,63,0,65,0,66,0,65,0,62,0,62,0,58,0,64,0,64,0,64,0,65,0,64,0,72,0,0,0,0,0,0,0,0,0,0,,,0,0,0,0,(),0,0,0.0,0,0,0.0,0,0,0,0,0,0,0,0,0,0,0,0,0,0,0,0
9002,Christian,Sean,Christian S.,60,601,0,0,0,schristian,20020420,0.0,0.0,0,4.0,0.0,0.0,0,0,3,0,0,0,186,0,0,0,0,66,0,61,0,61,0,65,0,62,0,60,0,60,0,66,0,68,0,65,0,64,0,62,0,65,0,71,0,0,0,0,0,0,0,0,0,0,,,0,0,0,0,(),0,0,0.0,0,0,0.0,0,0,0,0,0,0,0,0,0,0,0,0,0,0,0,0
9003,Flórez,Samuel,Flórez S.,60,1101,0,0,0,sflorez,20050728,0.0,0.0,0,3.0,0.0,0.0,0,0,3,0,0,0,180,63,0,0,0,58,0,61,0,61,0,66,0,54,0,54,0,56,0,60,0,59,0,53,0,56,0,56,0,62,0,65,0,0,0,0,0,0,0,0,0,0,,,0,0,0,0,(),0,0,0.0,0,0,0.0,0,0,0,0,0,0,0,0,0,0,0,0,0,0,0,0
9004,Haug,Kieran,Haug K.,60,601,0,0,0,khaug,20021006,0.0,0.0,0,3.0,0.0,0.0,0,0,3,0,0,0,190,67,0,0,0,64,0,60,0,66,0,61,0,57,0,59,0,59,0,53,0,66,0,64,0,65,0,61,0,68,0,57,0,0,0,0,0,0,0,0,0,0,,,0,0,0,0,(),0,0,0.0,0,0,0.0,0,0,0,0,0,0,0,0,0,0,0,0,0,0,0,0
9005,Lasker,Harry,Lasker H.,60,601,0,0,0,hlasker,20070410,0.0,0.0,0,3.0,0.0,0.0,0,0,3,0,0,0,0,0,0,0,0,60,0,53,0,52,0,69,0,54,0,57,0,58,0,61,0,61,0,56,0,57,0,55,0,55,0,69,0,0,0,0,0,0,0,0,0,0,,,0,0,0,0,(),0,0,0.0,0,0,0.0,0,0,0,0,0,0,0,0,0,0,0,0,0,0,0,0
9006,McDonald,Brody,McDonald Br.,60,601,0,0,0,bmcdonald,20020830,0.0,0.0,0,3.0,0.0,0.0,0,0,3,0,0,0,175,65,0,0,0,59,0,53,0,52,0,69,0,54,0,57,0,58,0,61,0,61,0,56,0,57,0,55,0,55,0,69,0,0,0,0,0,0,0,0,0,0,,,0,0,0,0,(),0,0,0.0,0,0,0.0,0,0,0,0,0,0,0,0,0,0,0,0,0,0,0,0
9007,Munton,Byron,Munton B.,60,3601,0,0,0,bmunton,19981212,0.0,0.0,0,4.5,0.0,0.0,0,0,3,0,0,0,178,60,0,0,0,66,0,72,0,73,0,68,0,60,0,68,0,67,0,57,0,67,0,69,0,66,0,69,0,72,0,69,0,0,0,0,0,0,0,0,0,0,,,0,0,0,0,(),0,0,0.0,0,0,0.0,0,0,0,0,0,0,0,2,0,0,0,0,0,0,0,0
9008,Oliver,Ben,Oliver B.,60,3401,0,0,0,boliver,19961217,0.0,0.0,0,4.0,0.0,0.0,0,0,3,0,0,0,183,71,0,0,0,73,0,63,0,67,0,73,0,72,0,65,0,67,0,73,0,72,0,69,0,69,0,68,0,71,0,73,0,0,0,0,0,0,0,0,0,0,,,0,0,0,0,(),0,0,0.0,0,0,0.0,0,0,0,0,0,0,0,0,0,0,0,0,0,0,0,0
9009,Scala,Hugo,Scala H.,60,601,0,0,0,hscalajr,19971229,0.0,0.0,0,3.0,0.0,0.0,0,0,3,0,0,0,0,0,0,0,0,70,0,60,0,63,0,69,0,66,0,66,0,69,0,60,0,63,0,64,0,66,0,62,0,66,0,65,0,0,0,0,0,0,0,0,0,0,,,0,0,0,0,(),0,0,0.0,0,0,0.0,0,0,0,0,0,0,0,1,0,0,0,0,0,0,0,0
9010,Towers,Lucas,Towers L.,60,1801,0,0,0,ltowers,20031109,0.0,0.0,0,3.0,0.0,0.0,0,0,3,0,0,0,177,58,0,0,0,57,0,56,0,58,0,63,0,50,0,57,0,58,0,57,0,60,0,56,0,53,0,54,0,58,0,65,0,0,0,0,0,0,0,0,0,0,,,0,0,0,0,(),0,0,0.0,0,0,0.0,0,0,0,0,0,0,0,0,0,0,0,0,0,0,0,0
9011,Martín,José María,Martín J.M.,70,801,0,0,0,jmmartin,20010402,0.0,0.0,0,3.0,0.0,0.0,0,0,3,0,0,0,189,68,0,0,0,64,0,57,0,60,0,63,0,60,0,59,0,59,0,58,0,56,0,61,0,60,0,57,0,62,0,63,0,0,0,0,0,0,0,0,0,0,,,0,0,0,0,(),0,0,0.0,0,0,0.0,0,0,0,0,0,0,0,0,0,0,0,0,0,0,0,0
9012,Fajardo,Adrián,Fajardo A.,92,801,0,0,0,afajardo,20031027,0.0,0.0,0,3.5,0.0,0.0,0,0,3,0,0,0,0,0,0,0,0,65,0,66,0,67,0,68,0,63,0,63,0,61,0,57,0,59,0,63,0,63,0,59,0,67,0,58,0,0,0,0,0,0,0,0,0,0,,,0,0,0,0,(),0,0,0.0,0,0,0.0,0,0,0,0,0,0,0,0,0,0,0,0,0,0,0,0
9013,Granger,Ben,Granger B.,93,1801,0,0,0,bgranger,20000808,0.0,0.0,0,3.5,0.0,0.0,0,0,3,0,0,0,183,71,0,0,0,66,0,65,0,69,0,68,0,58,0,59,0,60,0,63,0,65,0,65,0,67,0,63,0,69,0,62,0,0,0,0,0,0,0,0,0,0,,,0,0,0,0,(),0,0,0.0,0,0,0.0,0,0,0,0,0,0,0,0,0,0,0,0,0,0,0,0
9014,Regnanti,Matteo,Regnanti M.,93,209,0,0,0,mregnanti,20010727,0.0,0.0,0,3.5,0.0,0.0,0,0,3,0,0,0,0,0,0,0,0,60,0,58,0,60,0,70,0,55,0,58,0,59,0,60,0,63,0,61,0,63,0,62,0,60,0,62,0,0,0,0,0,0,0,0,0,0,,,0,0,0,0,(),0,0,0.0,0,0,0.0,0,0,0,0,0,0,0,0,0,0,0,0,0,0,0,0
9015,Jacobs,Lennes,Jacobs L.,215,402,0,0,0,,20071215,0.0,0.0,0,4.0,0.0,0.0,0,0,3,0,0,0,0,0,0,0,0,63,0,64,0,65,0,70,0,64,0,59,0,58,0,58,0,64,0,58,0,58,0,57,0,66,0,68,0,0,0,0,0,0,0,0,0,0,,,0,0,0,0,(),0,0,0.0,0,0,0.0,0,0,0,0,0,0,0,0,0,0,0,0,0,0,0,0
9016,O'Brien,Finn,O'Brien F.,215,1801,0,0,0,,20071123,0.0,0.0,0,4.0,0.0,0.0,0,0,3,0,0,0,178,59,0,0,0,60,0,64,0,64,0,69,0,54,0,62,0,62,0,54,0,57,0,57,0,57,0,60,0,63,0,68,0,0,0,0,0,0,0,0,0,0,,,0,0,0,0,(),0,0,0.0,0,0,0.0,0,0,0,0,0,0,0,0,0,0,0,0,0,0,0,0
9017,Peace,Matthew,Peace M.,215,1801,0,0,0,,20070411,0.0,0.0,0,4.5,0.0,0.0,0,0,3,0,0,0,184,63,0,0,0,59,0,66,0,66,0,64,0,55,0,63,0,63,0,59,0,63,0,59,0,58,0,57,0,64,0,70,0,0,0,0,0,0,0,0,0,0,,,0,0,0,0,(),0,0,0.0,0,0,0.0,0,0,0,0,0,0,0,0,0,0,0,0,0,0,0,0
9018,Trouvain,Alexandre,Trouvain A.,215,319,0,0,0,,20070705,0.0,0.0,0,4.0,0.0,0.0,0,0,3,0,0,0,0,0,0,0,0,64,0,64,0,65,0,66,0,59,0,62,0,61,0,63,0,65,0,61,0,61,0,60,0,64,0,63,0,0,0,0,0,0,0,0,0,0,,,0,0,0,0,(),0,0,0.0,0,0,0.0,0,0,0,0,0,0,0,0,0,0,0,0,0,0,0,0
9019,Tvedt,Ulrik,Tvedt U.,215,3501,0,0,0,,20030517,0.0,0.0,0,3.0,0.0,0.0,0,0,3,0,0,0,0,0,0,0,0,64,0,60,0,63,0,70,0,63,0,55,0,58,0,54,0,62,0,55,0,55,0,54,0,66,0,70,0,0,0,0,0,0,0,0,0,0,,,0,0,0,0,(),0,0,0.0,0,0,0.0,0,0,0,0,0,0,0,0,0,0,0,0,0,0,0,0
9020,Versloot,Rick,Versloot R.,215,512,0,0,0,,20070112,0.0,0.0,0,3.0,0.0,0.0,0,0,3,0,0,0,0,0,0,0,0,64,0,54,0,56,0,71,0,63,0,55,0,57,0,66,0,67,0,58,0,57,0,53,0,60,0,67,0,0,0,0,0,0,0,0,0,0,,,0,0,0,0,(),0,0,0.0,0,0,0.0,0,0,0,0,0,0,0,0,0,0,0,0,0,0,0,0
9021,Grevelle,Rory,Grevelle R.,114,1801,0,0,0,,20070428,0.0,0.0,0,3.0,0.0,0.0,0,0,3,0,0,0,182,62,0,0,0,62,0,59,0,61,0,67,0,60,0,57,0,59,0,60,0,63,0,55,0,57,0,55,0,62,0,55,0,0,0,0,0,0,0,0,0,0,,,0,0,0,0,(),0,0,0.0,0,0,0.0,0,0,0,0,0,0,0,0,0,0,0,0,0,0,0,0
9022,Mirchi,Tommaso,Mirchi T.,114,206,0,0,0,,20070219,0.0,0.0,0,3.0,0.0,0.0,0,0,3,0,0,0,0,0,0,0,0,60,0,61,0,61,0,67,0,55,0,53,0,54,0,51,0,62,0,59,0,59,0,57,0,64,0,67,0,0,0,0,0,0,0,0,0,0,,,0,0,0,0,(),0,0,0.0,0,0,0.0,0,0,0,0,0,0,0,0,0,0,0,0,0,0,0,0
9023,Vaehböck,Paul,Vaehböck P.,114,3701,0,0,0,,20060309,0.0,0.0,0,4.0,0.0,0.0,0,0,3,0,0,0,0,0,0,0,0,62,0,64,0,63,0,71,0,62,0,62,0,61,0,57,0,61,0,61,0,61,0,60,0,63,0,68,0,0,0,0,0,0,0,0,0,0,,,0,0,0,0,(),0,0,0.0,0,0,0.0,0,0,0,0,0,0,0,0,0,0,0,0,0,0,0,0
9024,Wonter,Zeno,Wonter Z.,114,701,0,0,0,,20070126,0.0,0.0,0,3.0,0.0,0.0,0,0,3,0,0,0,0,0,0,0,0,61,0,60,0,61,0,61,0,52,0,56,0,56,0,56,0,62,0,55,0,56,0,55,0,60,0,68,0,0,0,0,0,0,0,0,0,0,,,0,0,0,0,(),0,0,0.0,0,0,0.0,0,0,0,0,0,0,0,0,0,0,0,0,0,0,0,0
9025,Jardan,Ayden,Jardan A.,112,3701,0,0,0,,20071028,0.0,0.0,0,3.0,0.0,0.0,0,0,3,0,0,0,171,61,0,0,0,62,0,60,0,60,0,68,0,61,0,58,0,58,0,60,0,63,0,57,0,60,0,57,0,62,0,74,0,0,0,0,0,0,0,0,0,0,,,0,0,0,0,(),0,0,0.0,0,0,0.0,0,0,0,0,0,0,0,0,0,0,0,0,0,0,0,0
9026,Charret,Camille,Charret C.,34,303,0,0,0,ccharret,20060703,0.0,0.0,0,4.0,0.0,0.0,0,0,3,0,0,0,0,0,0,0,0,70,0,60,0,62,0,67,0,70,0,64,0,64,0,65,0,65,0,63,0,64,0,60,0,69,0,62,0,0,0,0,0,0,0,0,0,0,,Charret_Camille,0,0,0,0,(),0,0,0.0,0,0,0.0,0,0,0,0,0,0,0,0,0,0,0,0,0,0,0,0
9027,Meehan,Jamie,Meehan J.,34,3101,0,0,0,jmeehan,20030906,0.0,0.0,0,4.0,0.0,0.0,0,0,3,0,0,0,0,0,0,0,0,68,0,73,0,75,0,75,0,60,0,59,0,59,0,61,0,64,0,68,0,68,0,66,0,73,0,59,0,0,0,0,0,0,0,0,0,0,,Meehan_Jamie,0,0,0,0,(),0,0,0.0,0,0,0.0,0,0,0,0,0,0,0,0,0,0,0,0,0,0,0,0
9028,Fox,Matthew,Fox M.,9,2001,0,0,0,mfox,20020928,0.0,0.0,0,3.0,0.0,0.0,0,0,3,0,0,0,175,71,0,0,0,67,0,60,0,62,0,66,0,57,0,59,0,60,0,66,0,65,0,65,0,66,0,61,0,68,0,59,0,0,0,0,0,0,0,0,0,0,,Fox_Matthew,0,0,0,0,(),0,0,0.0,0,0,0.0,0,0,0,0,0,0,0,0,0,0,0,0,0,0,0,0
9029,Mayer,Alexandre,Mayer A.,92,7501,0,0,0,amayer,19980429,0.0,0.0,0,3.0,0.0,0.0,0,0,3,0,0,0,178,64,0,0,0,64,0,61,0,63,0,68,0,62,0,55,0,56,0,62,0,65,0,62,0,64,0,60,0,65,0,74,0,0,0,0,0,0,0,0,0,0,,,0,0,0,0,(),0,0,0.0,0,0,0.0,0,0,0,0,0,0,0,5,0,0,0,0,0,0,0,0
9030,Yi Ho,Yen,Yi Ho Y.,70,8401,0,0,0,yyiho,20011024,0.0,0.0,0,2.5,0.0,0.0,0,0,3,0,0,0,177,63,0,0,0,60,0,62,0,63,0,67,0,54,0,56,0,58,0,57,0,61,0,59,0,58,0,60,0,62,0,62,0,0,0,0,0,0,0,0,0,0,,,0,0,0,0,(),0,0,0.0,0,0,0.0,0,0,0,0,0,0,0,0,0,0,0,0,0,0,0,0
9031,Berger,Antoine,Berger A.,68,320,0,0,0,,19990806,0.0,0.0,0,3.0,0.0,0.0,0,0,3,0,0,0,0,0,0,0,0,64,0,65,0,66,0,69,0,55,0,57,0,58,0,60,0,64,0,61,0,60,0,56,0,66,0,72,0,0,0,0,0,0,0,0,0,0,,,0,0,0,0,(),0,0,0.0,0,0,0.0,0,0,0,0,0,0,0,0,0,0,0,0,0,0,0,0
9032,Bulle,Bert,Bulle B.,116,402,0,0,0,,20040205,0.0,0.0,0,3.5,0.0,0.0,0,0,3,0,0,0,173,62,0,0,0,68,0,61,0,64,0,67,0,64,0,58,0,58,0,63,0,66,0,62,0,63,0,65,0,68,0,68,0,0,0,0,0,0,0,0,0,0,,,0,0,0,0,(),0,0,0.0,0,0,0.0,0,0,0,0,0,0,0,0,0,0,0,0,0,0,0,0
9033,Di Dobbelaere,Born,Di Dobbelaere B.,116,402,0,0,0,,20050718,0.0,0.0,0,3.0,0.0,0.0,0,0,3,0,0,0,0,0,0,0,0,67,0,58,0,62,0,63,0,65,0,59,0,60,0,61,0,65,0,59,0,60,0,59,0,64,0,62,0,0,0,0,0,0,0,0,0,0,,,0,0,0,0,(),0,0,0.0,0,0,0.0,0,0,0,0,0,0,0,0,0,0,0,0,0,0,0,0
9034,Swanne,Delano,Swanne D.,116,512,0,0,0,,20020831,0.0,0.0,0,2.5,0.0,0.0,0,0,3,0,0,0,0,0,0,0,0,65,0,55,0,56,0,61,0,63,0,55,0,58,0,68,0,67,0,59,0,59,0,60,0,62,0,56,0,0,0,0,0,0,0,0,0,0,,,0,0,0,0,(),0,0,0.0,0,0,0.0,0,0,0,0,0,0,0,0,0,0,0,0,0,0,0,0
9035,vin Heeswijk,Bas,vin Heeswijk B.,116,501,0,0,0,,20070617,0.0,0.0,0,4.0,0.0,0.0,0,0,3,0,0,0,0,0,0,0,0,65,0,56,0,59,0,65,0,63,0,62,0,63,0,60,0,67,0,59,0,60,0,60,0,63,0,60,0,0,0,0,0,0,0,0,0,0,,,0,0,0,0,(),0,0,0.0,0,0,0.0,0,0,0,0,0,0,0,0,0,0,0,0,0,0,0,0
9036,Waets,Mattanja,Waets M.,116,501,0,0,0,,20031117,0.0,0.0,0,2.5,0.0,0.0,0,0,3,0,0,0,0,0,0,0,0,67,0,55,0,55,0,63,0,64,0,60,0,59,0,63,0,63,0,59,0,60,0,58,0,60,0,74,0,0,0,0,0,0,0,0,0,0,,,0,0,0,0,(),0,0,0.0,0,0,0.0,0,0,0,0,0,0,0,0,0,0,0,0,0,0,0,0
9037,Virleysen,Thor,Virleysen T.,116,402,0,0,0,,20070226,0.0,0.0,0,3.0,0.0,0.0,0,0,3,0,0,0,0,0,0,0,0,65,0,59,0,60,0,66,0,63,0,63,0,63,0,60,0,61,0,56,0,54,0,55,0,65,0,69,0,0,0,0,0,0,0,0,0,0,,,0,0,0,0,(),0,0,0.0,0,0,0.0,0,0,0,0,0,0,0,0,0,0,0,0,0,0,0,0
9038,Archibold,Franklin,Archibold F.,93,10201,0,0,0,farchibold,19970824,0.0,0.0,0,3.0,0.0,0.0,0,0,3,0,0,0,0,0,0,0,0,63,0,56,0,57,0,59,0,56,0,59,0,65,0,54,0,52,0,56,0,57,0,54,0,56,0,72,0,0,0,0,0,0,0,0,0,0,,,0,0,0,0,(),0,0,0.0,0,0,0.0,0,0,0,0,0,0,0,6,0,0,0,0,0,0,0,0
9039,Barry,Ashlin,Barry A.,214,601,0,0,0,,20070925,0.0,0.0,0,4.5,0.0,0.0,0,0,3,0,0,0,192,77,0,0,0,68,0,57,0,63,0,71,0,68,0,65,0,65,0,63,0,62,0,62,0,62,0,61,0,68,0,69,0,0,0,0,0,0,0,0,0,0,,,0,0,0,0,(),0,0,0.0,0,0,0.0,0,0,0,0,0,0,0,0,0,0,0,0,0,0,0,0
9040,Tsvetkov,Nikita,Tsvetkov N.,81,5701,0,0,0,ntsvetkov,20050214,0.0,0.0,0,3.5,0.0,0.0,0,0,3,0,0,0,181,67,0,0,0,66,0,60,0,64,0,65,0,62,0,60,0,61,0,70,0,69,0,65,0,67,0,61,0,68,0,69,0,0,0,0,0,0,0,0,0,0,,,0,0,0,0,(),0,0,0.0,0,0,0.0,0,0,0,0,0,0,0,0,0,0,0,0,0,0,0,0
9041,Mackie,Donovan,Mackie D.,123,2001,0,0,0,dmackie,20070926,0.0,0.0,0,3.0,0.0,0.0,0,0,3,0,0,0,188,75,0,0,0,60,0,53,0,60,0,60,0,58,0,54,0,59,0,54,0,57,0,55,0,56,0,54,0,53,0,61,0,0,0,0,0,0,0,0,0,0,,,0,0,0,0,(),0,0,0.0,0,0,0.0,0,0,0,0,0,0,0,0,0,0,0,0,0,0,0,0
9042,Hardouin,Louis,Hardouin L.,59,318,0,0,0,,20000922,0.0,0.0,0,4.0,0.0,0.0,0,0,3,0,0,0,0,0,0,0,0,71,0,62,0,66,0,73,0,64,0,62,0,63,0,71,0,73,0,65,0,68,0,65,0,72,0,69,0,0,3,4,0,0,0,0,0,0,,,0,0,0,0,(),0,0,0.0,0,0,0.0,0,0,0,0,0,0,0,0,0,0,0,0,0,0,0,0
9043,Huck,Léandre,Huck L.,59,315,0,0,0,,20000730,0.0,0.0,0,3.0,0.0,0.0,0,0,3,0,0,0,0,0,0,0,0,71,0,60,0,63,0,67,0,65,0,65,0,67,0,62,0,62,0,66,0,65,0,66,0,65,0,73,0,0,0,0,0,0,0,0,0,0,,,0,0,0,0,(),0,0,0.0,0,0,0.0,0,0,0,0,0,0,0,0,0,0,0,0,0,0,0,0
9044,Besso,Davide,Besso D.,104,206,0,0,0,,20040211,0.0,0.0,0,2.5,0.0,0.0,0,0,3,0,0,0,185,77,0,0,0,64,0,58,0,60,0,65,0,57,0,60,0,60,0,63,0,63,0,58,0,59,0,60,0,64,0,65,0,0,0,0,0,0,0,0,0,0,,,0,0,0,0,(),0,0,0.0,0,0,0.0,0,0,0,0,0,0,0,0,0,0,0,0,0,0,0,0
9045,Beongiorno,Simone,Beongiorno S.,104,201,0,0,0,,20060329,0.0,0.0,0,2.0,0.0,0.0,0,0,3,0,0,0,0,0,0,0,0,59,0,63,0,64,0,64,0,53,0,53,0,59,0,53,0,52,0,58,0,56,0,56,0,62,0,55,0,0,0,0,0,0,0,0,0,0,,,0,0,0,0,(),0,0,0.0,0,0,0.0,0,0,0,0,0,0,0,0,0,0,0,0,0,0,0,0
9046,Frucasso,Mattia,Frucasso M.,104,201,0,0,0,,20070610,0.0,0.0,0,3.0,0.0,0.0,0,0,3,0,0,0,0,0,0,0,0,61,0,58,0,60,0,59,0,59,0,63,0,62,0,54,0,55,0,53,0,56,0,56,0,60,0,59,0,0,0,0,0,0,0,0,0,0,,,0,0,0,0,(),0,0,0.0,0,0,0.0,0,0,0,0,0,0,0,0,0,0,0,0,0,0,0,0
9047,Gulli,Riccardo,Gulli R.,104,201,0,0,0,,20071103,0.0,0.0,0,3.5,0.0,0.0,0,0,3,0,0,0,0,0,0,0,0,59,0,64,0,64,0,69,0,53,0,55,0,57,0,50,0,65,0,56,0,57,0,57,0,63,0,55,0,0,0,0,0,0,0,0,0,0,,,0,0,0,0,(),0,0,0.0,0,0,0.0,0,0,0,0,0,0,0,0,0,0,0,0,0,0,0,0
9048,Gordani,Simone,Gordani S.,104,201,0,0,0,,20070403,0.0,0.0,0,2.0,0.0,0.0,0,0,3,0,0,0,0,0,0,0,0,62,0,60,0,61,0,60,0,53,0,56,0,57,0,57,0,59,0,53,0,57,0,57,0,60,0,72,0,0,0,0,0,0,0,0,0,0,,,0,0,0,0,(),0,0,0.0,0,0,0.0,0,0,0,0,0,0,0,0,0,0,0,0,0,0,0,0
9049,Goerra,Andrea,Goerra A.,104,206,0,0,0,,20010805,0.0,0.0,0,2.5,0.0,0.0,0,0,3,0,0,0,0,0,0,0,0,64,0,65,0,64,0,63,0,60,0,61,0,60,0,62,0,64,0,60,0,61,0,63,0,66,0,65,0,0,0,0,0,0,0,0,0,0,,,0,0,0,0,(),0,0,0.0,0,0,0.0,0,0,0,0,0,0,0,0,0,0,0,0,0,0,0,0
9050,Mentanari,Lorenzo,Mentanari L.,104,201,0,0,0,,20040226,0.0,0.0,0,2.0,0.0,0.0,0,0,3,0,0,0,0,0,0,0,0,63,0,59,0,59,0,60,0,52,0,57,0,59,0,60,0,57,0,53,0,54,0,54,0,61,0,71,0,0,0,0,0,0,0,0,0,0,,,0,0,0,0,(),0,0,0.0,0,0,0.0,0,0,0,0,0,0,0,0,0,0,0,0,0,0,0,0
9051,Pivi Degl'Innocenti,Giulio,Pivi Degl'Innocenti G.,104,201,0,0,0,,20070415,0.0,0.0,0,3.5,0.0,0.0,0,0,3,0,0,0,0,0,0,0,0,64,0,61,0,65,0,67,0,60,0,60,0,63,0,65,0,68,0,59,0,59,0,60,0,65,0,66,0,0,0,0,0,0,0,0,0,0,,,0,0,0,0,(),0,0,0.0,0,0,0.0,0,0,0,0,0,0,0,0,0,0,0,0,0,0,0,0
9052,Purani,Riccardo,Purani R.,104,201,0,0,0,,20030720,0.0,0.0,0,3.0,0.0,0.0,0,0,3,0,0,0,0,0,0,0,0,65,0,61,0,63,0,70,0,61,0,59,0,60,0,66,0,69,0,62,0,63,0,63,0,65,0,64,0,0,0,0,0,0,0,0,0,0,,,0,0,0,0,(),0,0,0.0,0,0,0.0,0,0,0,0,0,0,0,0,0,0,0,0,0,0,0,0
9053,Blanc,Gustave,Blanc G.,233,322,0,0,0,,20070327,0.0,0.0,0,4.5,0.0,0.0,0,0,3,0,0,0,0,0,0,0,0,60,0,63,0,64,0,65,0,60,0,62,0,62,0,59,0,64,0,57,0,58,0,63,0,62,0,62,0,0,0,0,0,0,0,0,0,0,,,0,0,0,0,(),0,0,0.0,0,0,0.0,0,0,0,0,0,0,0,0,0,0,0,0,0,0,0,0
9054,Friedl,Anatol,Friedl A.,233,3701,0,0,0,,20070414,0.0,0.0,0,5.5,0.0,0.0,0,0,3,0,0,0,0,0,0,0,0,64,0,68,0,68,0,73,0,63,0,60,0,64,0,61,0,65,0,60,0,62,0,60,0,67,0,74,0,0,0,0,0,0,0,0,0,0,,,0,0,0,0,(),0,0,0.0,0,0,0.0,0,0,0,0,0,0,0,0,0,0,0,0,0,0,0,0
9055,Magagnotti,Alessio,Magagnotti A.,233,205,0,0,0,,20070127,0.0,0.0,0,5.0,0.0,0.0,0,0,3,0,0,0,181,73,0,0,0,71,0,56,0,59,0,69,0,65,0,63,0,66,0,72,0,73,0,64,0,66,0,63,0,63,0,68,0,0,0,0,0,0,0,0,0,0,,,0,0,0,0,(),0,0,0.0,0,0,0.0,0,0,0,0,0,0,0,0,0,0,0,0,0,0,0,0
9056,Dubois,Yann,Dubois Y.,206,310,0,0,0,,20071012,0.0,0.0,0,4.0,0.0,0.0,0,0,3,0,0,0,0,0,0,0,0,59,0,66,0,66,0,69,0,55,0,55,0,58,0,57,0,64,0,57,0,58,0,54,0,64,0,67,0,0,0,0,0,0,0,0,0,0,,,0,0,0,0,(),0,0,0.0,0,0,0.0,0,0,0,0,0,0,0,0,0,0,0,0,0,0,0,0
9057,Amey,Oscar,Amey O.,242,1801,0,0,0,,20071228,0.0,0.0,0,3.5,0.0,0.0,0,0,3,0,0,0,0,0,0,0,0,63,0,59,0,61,0,70,0,63,0,60,0,62,0,62,0,65,0,57,0,58,0,57,0,63,0,75,0,0,0,0,0,0,0,0,0,0,,,0,0,0,0,(),0,0,0.0,0,0,0.0,0,0,0,0,0,0,0,0,0,0,0,0,0,0,0,0
9058,Marriage,Zac,Marriage Z.,242,2001,0,0,0,,20031112,0.0,0.0,0,4.5,0.0,0.0,0,0,3,0,0,0,0,0,0,0,0,68,0,68,0,70,0,68,0,61,0,66,0,67,0,60,0,62,0,64,0,65,0,68,0,70,0,68,0,0,0,0,0,0,0,0,0,0,,,0,0,0,0,(),0,0,0.0,0,0,0.0,0,0,0,0,0,0,0,0,0,0,0,0,0,0,0,0
9059,Goold,Max,Goold M.,242,2001,0,0,0,,20070115,0.0,0.0,0,3.0,0.0,0.0,0,0,3,0,0,0,180,60,0,0,0,64,0,62,0,62,0,65,0,62,0,66,0,66,0,57,0,57,0,56,0,58,0,56,0,63,0,66,0,0,0,0,0,0,0,0,0,0,,,0,0,0,0,(),0,0,0.0,0,0,0.0,0,0,0,0,0,0,0,0,0,0,0,0,0,0,0,0
9060,Agnoletto,Blake,Agnoletto B.,206,2001,0,0,0,,20021021,0.0,0.0,0,3.5,0.0,0.0,0,0,3,0,0,0,179,69,0,0,0,68,0,57,0,59,0,68,0,64,0,58,0,60,0,69,0,71,0,61,0,62,0,60,0,64,0,62,0,0,0,0,0,0,0,0,0,0,,,0,0,0,0,(),0,0,0.0,0,0,0.0,0,0,0,0,0,0,0,0,0,0,0,0,0,0,0,0
9061,Blanc,Johan,Blanc J.,206,314,0,0,0,,20070514,0.0,0.0,0,4.0,0.0,0.0,0,0,3,0,0,0,0,0,0,0,0,66,0,67,0,67,0,72,0,63,0,62,0,63,0,60,0,63,0,61,0,62,0,62,0,66,0,63,0,0,0,0,0,0,0,0,0,0,,,0,0,0,0,(),0,0,0.0,0,0,0.0,0,0,0,0,0,0,0,0,0,0,0,0,0,0,0,0
9062,Foucher,Esteban,Foucher E.,206,316,0,0,0,,20050807,0.0,0.0,0,3.0,0.0,0.0,0,0,3,0,0,0,0,0,0,0,0,58,0,61,0,60,0,67,0,58,0,55,0,53,0,60,0,61,0,55,0,54,0,55,0,64,0,64,0,0,0,0,0,0,0,0,0,0,,,0,0,0,0,(),0,0,0.0,0,0,0.0,0,0,0,0,0,0,0,0,0,0,0,0,0,0,0,0
9063,Ruesche,Sohan,Ruesche S.,206,318,0,0,0,,20070919,0.0,0.0,0,4.0,0.0,0.0,0,0,3,0,0,0,0,0,0,0,0,59,0,65,0,63,0,63,0,54,0,55,0,56,0,55,0,65,0,58,0,57,0,56,0,63,0,73,0,0,0,0,0,0,0,0,0,0,,,0,0,0,0,(),0,0,0.0,0,0,0.0,0,0,0,0,0,0,0,0,0,0,0,0,0,0,0,0
9064,Sagnier,Karl,Sagnier K.,206,318,0,0,0,,20070826,0.0,0.0,0,3.5,0.0,0.0,0,0,3,0,0,0,0,0,0,0,0,65,0,55,0,57,0,65,0,60,0,56,0,58,0,67,0,67,0,57,0,55,0,53,0,61,0,59,0,0,0,0,0,0,0,0,0,0,,,0,0,0,0,(),0,0,0.0,0,0,0.0,0,0,0,0,0,0,0,0,0,0,0,0,0,0,0,0
9065,Boden,Rune,Boden R.,237,402,0,0,0,,20070712,0.0,0.0,0,4.0,0.0,0.0,0,0,3,0,0,0,0,0,0,0,0,66,0,56,0,57,0,67,0,63,0,63,0,63,0,62,0,65,0,60,0,58,0,57,0,60,0,63,0,0,0,0,0,0,0,0,0,0,,,0,0,0,0,(),0,0,0.0,0,0,0.0,0,0,0,0,0,0,0,0,0,0,0,0,0,0,0,0
9066,Goossens,Simon,Goossens S.,237,402,0,0,0,,19990915,0.0,0.0,0,3.0,0.0,0.0,0,0,3,0,0,0,0,0,0,0,0,70,0,56,0,58,0,70,0,66,0,63,0,63,0,65,0,66,0,62,0,64,0,63,0,64,0,73,0,0,0,0,0,0,0,0,0,0,,,0,0,0,0,(),0,0,0.0,0,0,0.0,0,0,0,0,0,0,0,0,0,0,0,0,0,0,0,0
9067,Feyaerts,Thor,Feyaerts T.,237,402,0,0,0,,20070118,0.0,0.0,0,3.5,0.0,0.0,0,0,3,0,0,0,0,0,0,0,0,64,0,55,0,58,0,68,0,62,0,58,0,60,0,63,0,63,0,56,0,55,0,57,0,62,0,59,0,0,0,0,0,0,0,0,0,0,,,0,0,0,0,(),0,0,0.0,0,0,0.0,0,0,0,0,0,0,0,0,0,0,0,0,0,0,0,0
9068,Salter,William,Salter W.,237,1801,0,0,0,,20060813,0.0,0.0,0,3.0,0.0,0.0,0,0,3,0,0,0,0,0,0,0,0,63,0,56,0,56,0,67,0,60,0,59,0,59,0,60,0,64,0,58,0,59,0,58,0,57,0,69,0,0,0,0,0,0,0,0,0,0,,,0,0,0,0,(),0,0,0.0,0,0,0.0,0,0,0,0,0,0,0,0,0,0,0,0,0,0,0,0
9069,Van Damme,Thibaut,Van Damme T.,237,402,0,0,0,,20070918,0.0,0.0,0,4.5,0.0,0.0,0,0,3,0,0,0,0,0,0,0,0,64,0,60,0,60,0,69,0,63,0,63,0,63,0,58,0,61,0,62,0,60,0,62,0,64,0,65,0,0,0,0,0,0,0,0,0,0,,,0,0,0,0,(),0,0,0.0,0,0,0.0,0,0,0,0,0,0,0,0,0,0,0,0,0,0,0,0
9070,Arsac,Rémi,Arsac R.,203,322,0,0,0,,20050121,0.0,0.0,0,4.0,0.0,0.0,0,0,3,0,0,0,0,0,0,0,0,64,0,70,0,69,0,72,0,60,0,59,0,59,0,59,0,63,0,62,0,60,0,62,0,69,0,63,0,0,0,0,0,0,0,0,0,0,,,0,0,0,0,(),0,0,0.0,0,0,0.0,0,0,0,0,0,0,0,0,0,0,0,0,0,0,0,0
9071,Bouteloup,Alexis,Bouteloup A.,203,310,0,0,0,,20070117,0.0,0.0,0,4.0,0.0,0.0,0,0,3,0,0,0,0,0,0,0,0,64,0,55,0,57,0,65,0,64,0,60,0,61,0,64,0,66,0,58,0,59,0,59,0,61,0,61,0,0,0,0,0,0,0,0,0,0,,,0,0,0,0,(),0,0,0.0,0,0,0.0,0,0,0,0,0,0,0,0,0,0,0,0,0,0,0,0
9072,Martinet,Valentin,Martinet V.,203,322,0,0,0,,20070917,0.0,0.0,0,3.0,0.0,0.0,0,0,3,0,0,0,184,66,0,0,0,63,0,60,0,59,0,62,0,58,0,58,0,60,0,60,0,60,0,53,0,55,0,53,0,60,0,72,0,0,0,0,0,0,0,0,0,0,,,0,0,0,0,(),0,0,0.0,0,0,0.0,0,0,0,0,0,0,0,0,0,0,0,0,0,0,0,0
9073,Murphy,Conor,Murphy C.,203,3101,0,0,0,,20070107,0.0,0.0,0,4.0,0.0,0.0,0,0,3,0,0,0,0,0,0,0,0,65,0,56,0,56,0,68,0,62,0,67,0,67,0,60,0,65,0,59,0,61,0,55,0,60,0,65,0,0,0,0,0,0,0,0,0,0,,,0,0,0,0,(),0,0,0.0,0,0,0.0,0,0,0,0,0,0,0,0,0,0,0,0,0,0,0,0
9074,Reitz,Braden,Reitz B.,203,601,0,0,0,,20070226,0.0,0.0,0,4.0,0.0,0.0,0,0,3,0,0,0,178,57,0,0,0,63,0,65,0,65,0,65,0,60,0,61,0,60,0,56,0,55,0,57,0,54,0,57,0,64,0,63,0,0,0,0,0,0,0,0,0,0,,,0,0,0,0,(),0,0,0.0,0,0,0.0,0,0,0,0,0,0,0,0,0,0,0,0,0,0,0,0
9075,Vassal,Téophile,Vassal T.,203,322,0,0,0,,20070110,0.0,0.0,0,5.0,0.0,0.0,0,0,3,0,0,0,179,65,0,0,0,62,0,63,0,63,0,71,0,63,0,63,0,63,0,62,0,64,0,58,0,61,0,60,0,64,0,70,0,0,0,0,0,0,0,0,0,0,,,0,0,0,0,(),0,0,0.0,0,0,0.0,0,0,0,0,0,0,0,0,0,0,0,0,0,0,0,0
9076,Benz,Benedikt,Benz B.,211,701,0,0,0,,20070524,0.0,0.0,0,5.0,0.0,0.0,0,0,3,0,0,0,0,0,0,0,0,64,0,61,0,61,0,72,0,64,0,62,0,64,0,64,0,66,0,58,0,58,0,59,0,64,0,67,0,0,0,0,0,0,0,0,0,0,,,0,0,0,0,(),0,0,0.0,0,0,0.0,0,0,0,0,0,0,0,0,0,0,0,0,0,0,0,0
9077,Hudson,Harry,Hudson H.,211,1801,0,0,0,,20070829,0.0,0.0,0,5.0,0.0,0.0,0,0,3,0,0,0,176,58,0,0,0,63,0,66,0,68,0,68,0,61,0,59,0,61,0,61,0,65,0,61,0,61,0,59,0,68,0,65,0,0,0,0,0,0,0,0,0,0,,,0,0,0,0,(),0,0,0.0,0,0,0.0,0,0,0,0,0,0,0,0,0,0,0,0,0,0,0,0
9078,Michielsen,Thor,Michielsen T.,211,402,0,0,0,,20070817,0.0,0.0,0,4.0,0.0,0.0,0,0,3,0,0,0,0,0,0,0,0,67,0,56,0,59,0,67,0,66,0,64,0,66,0,65,0,66,0,60,0,60,0,60,0,64,0,69,0,0,0,0,0,0,0,0,0,0,,,0,0,0,0,(),0,0,0.0,0,0,0.0,0,0,0,0,0,0,0,0,0,0,0,0,0,0,0,0
9079,Scagliola,Gabriele,Scagliola G.,211,202,0,0,0,,20070320,0.0,0.0,0,4.0,0.0,0.0,0,0,3,0,0,0,0,0,0,0,0,60,0,63,0,64,0,75,0,60,0,57,0,60,0,57,0,62,0,57,0,58,0,55,0,64,0,57,0,0,0,0,0,0,0,0,0,0,,,0,0,0,0,(),0,0,0.0,0,0,0.0,0,0,0,0,0,0,0,0,0,0,0,0,0,0,0,0
9080,Urkaregi,Eñaut,Urkaregi E.,211,816,0,0,0,,20070402,0.0,0.0,0,4.5,0.0,0.0,0,0,3,0,0,0,184,71,0,0,0,64,0,63,0,64,0,69,0,59,0,63,0,65,0,66,0,64,0,59,0,60,0,58,0,62,0,66,0,0,0,0,0,0,0,0,0,0,,,0,0,0,0,(),0,0,0.0,0,0,0.0,0,0,0,0,0,0,0,0,0,0,0,0,0,0,0,0
9081,Vanden Eynde,Mats,Vanden Eynde M.,211,402,0,0,0,,20070112,0.0,0.0,0,4.0,0.0,0.0,0,0,3,0,0,0,0,0,0,0,0,65,0,63,0,64,0,70,0,64,0,64,0,63,0,61,0,65,0,58,0,60,0,60,0,65,0,62,0,0,0,0,0,0,0,0,0,0,,,0,0,0,0,(),0,0,0.0,0,0,0.0,0,0,0,0,0,0,0,0,0,0,0,0,0,0,0,0
9082,Ward,Jack,Ward J.,211,2001,0,0,0,,20050502,0.0,0.0,0,4.5,0.0,0.0,0,0,3,0,0,0,0,0,0,0,0,67,0,65,0,70,0,71,0,64,0,62,0,62,0,64,0,68,0,63,0,64,0,62,0,72,0,63,0,0,0,0,0,0,0,0,0,0,,,0,0,0,0,(),0,0,0.0,0,0,0.0,0,0,0,0,0,0,0,0,0,0,0,0,0,0,0,0
9083,Mouris,Michiel,Mouris M.,233,508,0,0,0,,20070207,0.0,0.0,0,5.0,0.0,0.0,0,0,3,0,0,0,0,0,0,0,0,68,0,56,0,59,0,69,0,67,0,67,0,67,0,63,0,62,0,58,0,59,0,58,0,64,0,69,0,0,0,0,0,0,0,0,0,0,,,0,0,0,0,(),0,0,0.0,0,0,0.0,0,0,0,0,0,0,0,0,0,0,0,0,0,0,0,0
9084,Møller Andersen,Noah Lindholm,Møller Andersen N.L.,233,1004,0,0,0,,20070127,0.0,0.0,0,4.0,0.0,0.0,0,0,3,0,0,0,0,0,0,0,0,65,0,66,0,67,0,68,0,63,0,60,0,62,0,65,0,66,0,60,0,59,0,61,0,67,0,58,0,0,0,0,0,0,0,0,0,0,,,0,0,0,0,(),0,0,0.0,0,0,0.0,0,0,0,0,0,0,0,0,0,0,0,0,0,0,0,0
9085,Schoonvelde,Gijs,Schoonvelde G.,233,501,0,0,0,,20070129,0.0,0.0,0,5.0,0.0,0.0,0,0,3,0,0,0,0,0,0,0,0,69,0,64,0,67,0,69,0,69,0,65,0,66,0,64,0,66,0,63,0,63,0,60,0,69,0,59,0,0,0,0,0,0,0,0,0,0,,,0,0,0,0,(),0,0,0.0,0,0,0.0,0,0,0,0,0,0,0,0,0,0,0,0,0,0,0,0
9086,Merlöv,Ville,Merlöv V.,161,3201,0,0,0,,20050317,0.0,0.0,0,3.0,0.0,0.0,0,0,3,0,0,0,0,0,0,0,0,69,0,57,0,60,0,69,0,67,0,62,0,64,0,62,0,60,0,61,0,62,0,62,0,63,0,71,0,0,0,0,0,0,0,0,0,0,,,0,0,0,0,(),0,0,0.0,0,0,0.0,0,0,0,0,0,0,0,0,0,0,0,0,0,0,0,0
9087,Schulz Jørgensen,Mads,Schulz Jørgensen M.,161,1005,0,0,0,,20051029,0.0,0.0,0,3.5,0.0,0.0,0,0,3,0,0,0,0,0,0,0,0,67,0,58,0,61,0,70,0,66,0,62,0,63,0,65,0,69,0,59,0,62,0,60,0,66,0,66,0,0,0,0,0,0,0,0,0,0,,,0,0,0,0,(),0,0,0.0,0,0,0.0,0,0,0,0,0,0,0,0,0,0,0,0,0,0,0,0
9088,Vezie,Maxime,Vezie M.,126,305,0,0,0,mvezie,20060220,0.0,0.0,0,4.0,0.0,0.0,0,0,3,0,0,0,0,0,0,0,0,68,0,60,0,66,0,69,0,65,0,61,0,62,0,64,0,69,0,67,0,69,0,61,0,73,0,71,0,0,0,0,0,0,0,0,0,0,,,0,0,0,0,(),0,0,0.0,0,0,0.0,0,0,0,0,0,0,0,0,0,0,0,0,0,0,0,0
9089,Walton,Jonas,Walton J.,126,2201,0,0,0,jwalton,20040308,0.0,0.0,0,3.5,0.0,0.0,0,0,3,0,0,0,180,68,0,0,0,70,0,60,0,62,0,65,0,62,0,66,0,66,0,57,0,60,0,65,0,65,0,61,0,67,0,73,0,0,0,0,0,0,0,0,0,0,,,0,0,0,0,(),0,0,0.0,0,0,0.0,0,0,0,0,0,0,0,0,0,0,0,0,0,0,0,0
9090,Carty,Jahkim,Carty J.,124,321,0,0,0,jcarty,20060912,0.0,0.0,0,3.0,0.0,0.0,0,0,3,0,0,0,0,0,0,0,0,61,0,60,0,61,0,60,0,55,0,59,0,58,0,59,0,60,0,57,0,55,0,55,0,62,0,57,0,0,0,0,0,0,0,0,0,0,,,0,0,0,0,(),0,0,0.0,0,0,0.0,0,0,0,0,0,0,0,0,0,0,0,0,0,0,0,0
9091,Brommersma,Elmer,Brommersma E.,146,508,0,0,0,,20070405,0.0,0.0,0,3.0,0.0,0.0,0,0,3,0,0,0,0,0,0,0,0,64,0,57,0,61,0,69,0,60,0,58,0,58,0,62,0,65,0,58,0,58,0,60,0,63,0,67,0,0,0,0,0,0,0,0,0,0,,,0,0,0,0,(),0,0,0.0,0,0,0.0,0,0,0,0,0,0,0,0,0,0,0,0,0,0,0,0
9092,Tol,Dean,Tol D.,146,508,0,0,0,,20070106,0.0,0.0,0,3.0,0.0,0.0,0,0,3,0,0,0,0,0,0,0,0,64,0,55,0,58,0,64,0,62,0,59,0,58,0,64,0,67,0,60,0,61,0,60,0,61,0,67,0,0,0,0,0,0,0,0,0,0,,,0,0,0,0,(),0,0,0.0,0,0,0.0,0,0,0,0,0,0,0,0,0,0,0,0,0,0,0,0
9093,Kally,Jonah,Kally J.,110,601,0,0,0,,20030501,0.0,0.0,0,3.0,0.0,0.0,0,0,3,0,0,0,0,0,0,0,0,67,0,56,0,60,0,68,0,61,0,65,0,65,0,62,0,59,0,61,0,62,0,60,0,62,0,74,0,0,0,0,0,0,0,0,0,0,,,0,0,0,0,(),0,0,0.0,0,0,0.0,0,0,0,0,0,0,0,0,0,0,0,0,0,0,0,0
9094,Leuryssen,Yorben,Leuryssen Y.,110,402,0,0,0,,20020125,0.0,0.0,0,3.5,0.0,0.0,0,0,3,0,0,0,184,67,0,0,0,71,0,61,0,64,0,75,0,69,0,65,0,67,0,69,0,72,0,67,0,67,0,66,0,68,0,65,0,0,0,0,0,0,0,0,0,0,,,0,0,0,0,(),0,0,0.0,0,0,0.0,0,0,0,0,0,0,0,0,0,0,0,0,0,0,0,0
9095,Lofevre,Fabrice,Lofevre F.,110,402,0,0,0,,20070215,0.0,0.0,0,2.0,0.0,0.0,0,0,3,0,0,0,191,75,0,0,0,63,0,55,0,56,0,61,0,63,0,61,0,61,0,62,0,61,0,60,0,60,0,59,0,60,0,66,0,0,0,0,0,0,0,0,0,0,,,0,0,0,0,(),0,0,0.0,0,0,0.0,0,0,0,0,0,0,0,0,0,0,0,0,0,0,0,0
9096,Rimmelaere,Iben,Rimmelaere I.,110,402,0,0,0,,20041211,0.0,0.0,0,2.5,0.0,0.0,0,0,3,0,0,0,193,72,0,0,0,66,0,65,0,67,0,63,0,64,0,61,0,60,0,64,0,64,0,62,0,63,0,60,0,66,0,71,0,0,0,0,0,0,0,0,0,0,,,0,0,0,0,(),0,0,0.0,0,0,0.0,0,0,0,0,0,0,0,0,0,0,0,0,0,0,0,0
9097,Sturck,Joppe,Sturck J.,110,402,0,0,0,,20031204,0.0,0.0,0,3.0,0.0,0.0,0,0,3,0,0,0,0,0,0,0,0,65,0,56,0,60,0,70,0,65,0,61,0,61,0,66,0,69,0,62,0,62,0,61,0,62,0,59,0,0,0,0,0,0,0,0,0,0,,,0,0,0,0,(),0,0,0.0,0,0,0.0,0,0,0,0,0,0,0,0,0,0,0,0,0,0,0,0
9098,Vonheel,Elias,Vonheel E.,110,402,0,0,0,,20001118,0.0,0.0,0,2.0,0.0,0.0,0,0,3,0,0,0,0,0,0,0,0,63,0,55,0,56,0,61,0,63,0,58,0,59,0,61,0,62,0,58,0,59,0,58,0,60,0,72,0,0,0,0,0,0,0,0,0,0,,,0,0,0,0,(),0,0,0.0,0,0,0.0,0,0,0,0,0,0,0,0,0,0,0,0,0,0,0,0
9099,Bjune,Ulrik,Bjune U.,150,3501,0,0,0,ubjune,20051119,0.0,0.0,0,3.0,0.0,0.0,0,0,3,0,0,0,0,0,0,0,0,65,0,60,0,59,0,66,0,58,0,56,0,56,0,56,0,61,0,61,0,61,0,60,0,64,0,61,0,0,0,0,0,0,0,0,0,0,,,0,0,0,0,(),0,0,0.0,0,0,0.0,0,0,0,0,0,0,0,0,0,0,0,0,0,0,0,0
9100,Granberg,Sander,Granberg S.,150,3501,0,0,0,sgranberg,20040629,0.0,0.0,0,3.5,0.0,0.0,0,0,3,0,0,0,0,0,0,0,0,66,0,60,0,62,0,69,0,65,0,63,0,64,0,66,0,69,0,65,0,65,0,65,0,66,0,72,0,0,0,0,0,0,0,0,0,0,,,0,0,0,0,(),0,0,0.0,0,0,0.0,0,0,0,0,0,0,0,0,0,0,0,0,0,0,0,0
9101,Kjeldsand,Karl Emil,Kjeldsand K.E.,150,3501,0,0,0,kekjeldsand,20051008,0.0,0.0,0,3.0,0.0,0.0,0,0,3,0,0,0,0,0,0,0,0,64,0,60,0,59,0,65,0,55,0,56,0,57,0,57,0,62,0,53,0,56,0,54,0,61,0,63,0,0,0,0,0,0,0,0,0,0,,,0,0,0,0,(),0,0,0.0,0,0,0.0,0,0,0,0,0,0,0,0,0,0,0,0,0,0,0,0
9102,Martinsen,Toralf Rydningen,Martinsen T.R.,150,3501,0,0,0,trmartinsen,20021226,0.0,0.0,0,3.5,0.0,0.0,0,0,3,0,0,0,178,62,0,0,0,65,0,63,0,67,0,69,0,63,0,60,0,60,0,60,0,65,0,63,0,63,0,63,0,69,0,67,0,0,0,0,0,0,0,0,0,0,,,0,0,0,0,(),0,0,0.0,0,0,0.0,0,0,0,0,0,0,0,0,0,0,0,0,0,0,0,0
9103,Nakken,Tobias,Nakken T.,150,3501,0,0,0,tnakken,20040903,0.0,0.0,0,2.0,0.0,0.0,0,0,3,0,0,0,182,72,0,0,0,63,0,55,0,59,0,65,0,56,0,55,0,59,0,67,0,66,0,54,0,53,0,57,0,60,0,62,0,0,0,0,0,0,0,0,0,0,,,0,0,0,0,(),0,0,0.0,0,0,0.0,0,0,0,0,0,0,0,0,0,0,0,0,0,0,0,0
9104,Rege,Eric,Rege E.,150,3501,0,0,0,erege,20071027,0.0,0.0,0,3.0,0.0,0.0,0,0,3,0,0,0,0,0,0,0,0,66,0,56,0,55,0,63,0,60,0,60,0,61,0,61,0,63,0,60,0,59,0,59,0,58,0,57,0,0,0,0,0,0,0,0,0,0,,,0,0,0,0,(),0,0,0.0,0,0,0.0,0,0,0,0,0,0,0,0,0,0,0,0,0,0,0,0
9105,Sekse,Jørgen,Sekse J.,150,3501,0,0,0,jsekse,20051231,0.0,0.0,0,3.5,0.0,0.0,0,0,3,0,0,0,0,0,0,0,0,62,0,66,0,66,0,67,0,58,0,58,0,57,0,58,0,61,0,63,0,61,0,64,0,66,0,73,0,0,0,0,0,0,0,0,0,0,,,0,0,0,0,(),0,0,0.0,0,0,0.0,0,0,0,0,0,0,0,0,0,0,0,0,0,0,0,0
9106,Veslum,Sebastian,Veslum S.,150,3501,0,0,0,sveslum,20051022,0.0,0.0,0,3.5,0.0,0.0,0,0,3,0,0,0,0,0,0,0,0,67,0,58,0,63,0,70,0,64,0,60,0,62,0,67,0,67,0,63,0,64,0,62,0,66,0,58,0,0,0,0,0,0,0,0,0,0,,,0,0,0,0,(),0,0,0.0,0,0,0.0,0,0,0,0,0,0,0,0,0,0,0,0,0,0,0,0
9107,Øksnes,Håkon Eiksund,Øksnes H.E.,150,3501,0,0,0,heoksnes,20070127,0.0,0.0,0,4.0,0.0,0.0,0,0,3,0,0,0,0,0,0,0,0,63,0,58,0,60,0,64,0,61,0,63,0,63,0,60,0,60,0,57,0,60,0,56,0,63,0,57,0,0,0,0,0,0,0,0,0,0,,,0,0,0,0,(),0,0,0.0,0,0,0.0,0,0,0,0,0,0,0,0,0,0,0,0,0,0,0,0
9108,Ragby,Monty,Ragby M.,114,2201,0,0,0,,20070921,0.0,0.0,0,4.0,0.0,0.0,0,0,3,0,0,0,0,0,0,0,0,64,0,61,0,61,0,68,0,63,0,64,0,65,0,63,0,67,0,61,0,61,0,62,0,65,0,68,0,0,0,0,0,0,0,0,0,0,,,0,0,0,0,(),0,0,0.0,0,0,0.0,0,0,0,0,0,0,0,0,0,0,0,0,0,0,0,0
9109,Coreddu,Ignazio,Coreddu I.,40,220,0,0,0,,20040921,0.0,0.0,0,2.5,0.0,0.0,0,0,3,0,0,0,0,0,0,0,0,63,0,62,0,64,0,67,0,55,0,58,0,59,0,59,0,63,0,59,0,59,0,60,0,64,0,66,0,0,0,0,0,0,0,0,0,0,,,0,0,0,0,(),0,0,0.0,0,0,0.0,0,0,0,0,0,0,0,0,0,0,0,0,0,0,0,0
9110,Hufbauer,Philipp,Hufbauer P.,40,3701,0,0,0,,20020820,0.0,0.0,0,3.5,0.0,0.0,0,0,3,0,0,0,193,70,0,0,0,65,0,70,0,70,0,66,0,57,0,57,0,57,0,57,0,59,0,65,0,64,0,65,0,68,0,63,0,0,0,0,0,0,0,0,0,0,,,0,0,0,0,(),0,0,0.0,0,0,0.0,0,0,0,0,0,0,0,0,0,0,0,0,0,0,0,0
9111,Lorch,Mathias,Lorch M.,40,3701,0,0,0,,20001027,0.0,0.0,0,3.0,0.0,0.0,0,0,3,0,0,0,0,0,0,0,0,61,0,58,0,59,0,66,0,54,0,56,0,56,0,57,0,62,0,53,0,53,0,57,0,60,0,68,0,0,0,0,0,0,0,0,0,0,,,0,0,0,0,(),0,0,0.0,0,0,0.0,0,0,0,0,0,0,0,0,0,0,0,0,0,0,0,0
9112,Röbor,Dominik,Röbor D.,40,713,0,0,0,,19991012,0.0,0.0,0,3.0,0.0,0.0,0,0,3,0,0,0,187,68,0,0,0,66,0,60,0,59,0,65,0,55,0,56,0,58,0,59,0,57,0,55,0,56,0,54,0,63,0,56,0,0,0,0,0,0,0,0,0,0,,,0,0,0,0,(),0,0,0.0,0,0,0.0,0,0,0,0,0,0,0,0,0,0,0,0,0,0,0,0
9113,Golonko,Ignacy,Golonko I.,162,3001,0,0,0,,20070701,0.0,0.0,0,3.0,0.0,0.0,0,0,3,0,0,0,0,0,0,0,0,62,0,56,0,60,0,67,0,61,0,60,0,60,0,61,0,65,0,60,0,58,0,58,0,62,0,66,0,0,0,0,0,0,0,0,0,0,,,0,0,0,0,(),0,0,0.0,0,0,0.0,0,0,0,0,0,0,0,0,0,0,0,0,0,0,0,0
9114,Latkowski,Dawid,Latkowski D.,162,3001,0,0,0,,20051118,0.0,0.0,0,3.0,0.0,0.0,0,0,3,0,0,0,176,68,0,0,0,64,0,61,0,61,0,60,0,55,0,60,0,62,0,59,0,60,0,58,0,58,0,55,0,62,0,61,0,0,0,0,0,0,0,0,0,0,,,0,0,0,0,(),0,0,0.0,0,0,0.0,0,0,0,0,0,0,0,0,0,0,0,0,0,0,0,0
9115,Brunakowski,Adam,Brunakowski A.,106,3001,0,0,0,,20060424,0.0,0.0,0,2.0,0.0,0.0,0,0,3,0,0,0,0,0,0,0,0,62,0,56,0,58,0,69,0,61,0,59,0,59,0,60,0,58,0,56,0,57,0,58,0,60,0,65,0,0,0,0,0,0,0,0,0,0,,,0,0,0,0,(),0,0,0.0,0,0,0.0,0,0,0,0,0,0,0,0,0,0,0,0,0,0,0,0
9116,Dubski,Patryk,Dubski P.,106,3001,0,0,0,,20010330,0.0,0.0,0,2.5,0.0,0.0,0,0,3,0,0,0,182,70,0,0,0,65,0,55,0,55,0,71,0,63,0,57,0,56,0,66,0,67,0,60,0,61,0,58,0,60,0,69,0,0,0,0,0,0,0,0,0,0,,,0,0,0,0,(),0,0,0.0,0,0,0.0,0,0,0,0,0,0,0,0,0,0,0,0,0,0,0,0
9117,Dadek,Jakub,Dadek J.,106,3001,0,0,0,,20050514,0.0,0.0,0,3.0,0.0,0.0,0,0,3,0,0,0,0,0,0,0,0,64,0,59,0,61,0,60,0,54,0,59,0,57,0,64,0,65,0,61,0,62,0,61,0,60,0,68,0,0,0,0,0,0,0,0,0,0,,,0,0,0,0,(),0,0,0.0,0,0,0.0,0,0,0,0,0,0,0,0,0,0,0,0,0,0,0,0
9118,Guncarz,Ksawery,Guncarz K.,106,3001,0,0,0,,20070411,0.0,0.0,0,4.0,0.0,0.0,0,0,3,0,0,0,0,0,0,0,0,66,0,56,0,58,0,66,0,63,0,64,0,65,0,63,0,62,0,60,0,61,0,60,0,63,0,74,0,0,0,0,0,0,0,0,0,0,,,0,0,0,0,(),0,0,0.0,0,0,0.0,0,0,0,0,0,0,0,0,0,0,0,0,0,0,0,0
9119,Kiczorowski,Franciszek,Kiczorowski F.,106,3001,0,0,0,,20040214,0.0,0.0,0,3.0,0.0,0.0,0,0,3,0,0,0,0,0,0,0,0,66,0,55,0,57,0,70,0,58,0,54,0,59,0,66,0,67,0,63,0,63,0,60,0,63,0,64,0,0,0,0,0,0,0,0,0,0,,,0,0,0,0,(),0,0,0.0,0,0,0.0,0,0,0,0,0,0,0,0,0,0,0,0,0,0,0,0
9120,Mituszewski,Franciszek,Mituszewski F.,106,3001,0,0,0,,20060814,0.0,0.0,0,3.0,0.0,0.0,0,0,3,0,0,0,0,0,0,0,0,63,0,62,0,64,0,65,0,60,0,61,0,63,0,58,0,62,0,62,0,60,0,62,0,65,0,61,0,0,0,0,0,0,0,0,0,0,,,0,0,0,0,(),0,0,0.0,0,0,0.0,0,0,0,0,0,0,0,0,0,0,0,0,0,0,0,0
9121,Meryj,Antoni,Meryj A.,106,3001,0,0,0,,20050902,0.0,0.0,0,3.5,0.0,0.0,0,0,3,0,0,0,0,0,0,0,0,64,0,66,0,68,0,68,0,59,0,59,0,58,0,57,0,59,0,63,0,62,0,63,0,65,0,62,0,0,0,0,0,0,0,0,0,0,,,0,0,0,0,(),0,0,0.0,0,0,0.0,0,0,0,0,0,0,0,0,0,0,0,0,0,0,0,0
9122,Zusada,Wiktor,Zusada W.,106,3001,0,0,0,,20060423,0.0,0.0,0,1.5,0.0,0.0,0,0,3,0,0,0,0,0,0,0,0,62,0,60,0,59,0,60,0,50,0,59,0,56,0,58,0,64,0,54,0,53,0,55,0,61,0,67,0,0,0,0,0,0,0,0,0,0,,,0,0,0,0,(),0,0,0.0,0,0,0.0,0,0,0,0,0,0,0,0,0,0,0,0,0,0,0,0
9123,Gornek,Ksawier,Gornek K.,106,3001,0,0,0,,20050501,0.0,0.0,0,3.0,0.0,0.0,0,0,3,0,0,0,0,0,0,0,0,64,0,56,0,56,0,71,0,65,0,61,0,63,0,63,0,65,0,58,0,61,0,60,0,64,0,62,0,0,0,0,0,0,0,0,0,0,,,0,0,0,0,(),0,0,0.0,0,0,0.0,0,0,0,0,0,0,0,0,0,0,0,0,0,0,0,0
9124,Furreira,Louis,Furreira L.,105,302,0,0,0,,20000809,0.0,0.0,0,3.0,0.0,0.0,0,0,3,0,0,0,0,0,0,0,0,63,0,65,0,67,0,71,0,59,0,58,0,58,0,61,0,64,0,63,0,64,0,60,0,67,0,56,0,0,0,0,0,0,0,0,0,0,,,0,0,0,0,(),0,0,0.0,0,0,0.0,0,0,0,0,0,0,0,0,0,0,0,0,0,0,0,0
9125,Musa,Santiago,Musa S.,105,1101,0,0,0,,19971111,0.0,0.0,0,3.0,0.0,0.0,0,0,3,0,0,0,172,68,0,0,0,66,0,56,0,59,0,65,0,60,0,55,0,57,0,70,0,71,0,61,0,63,0,62,0,63,0,67,0,0,0,0,0,0,0,0,0,0,,,0,0,0,0,(),0,0,0.0,0,0,0.0,0,0,0,0,0,0,0,0,0,0,0,0,0,0,0,0
9126,Obhalzer,Theodor,Obhalzer T.,105,1801,0,0,0,,19990702,0.0,0.0,0,3.0,0.0,0.0,0,0,3,0,0,0,0,0,0,0,0,65,0,55,0,58,0,66,0,58,0,56,0,58,0,68,0,69,0,60,0,61,0,59,0,62,0,58,0,0,0,0,0,0,0,0,0,0,,,0,0,0,0,(),0,0,0.0,0,0,0.0,0,0,0,0,0,0,0,0,0,0,0,0,0,0,0,0
9127,Solva,João,Solva J.,105,2901,0,0,0,,20070115,0.0,0.0,0,2.0,0.0,0.0,0,0,3,0,0,0,0,0,0,0,0,62,0,61,0,61,0,62,0,55,0,57,0,58,0,60,0,64,0,54,0,54,0,53,0,61,0,55,0,0,0,0,0,0,0,0,0,0,,,0,0,0,0,(),0,0,0.0,0,0,0.0,0,0,0,0,0,0,0,0,0,0,0,0,0,0,0,0
9128,Taixeira,Bernardo,Taixeira B.,105,2901,0,0,0,,20060711,0.0,0.0,0,2.0,0.0,0.0,0,0,3,0,0,0,0,0,0,0,0,62,0,59,0,60,0,69,0,53,0,59,0,56,0,58,0,59,0,53,0,53,0,57,0,60,0,71,0,0,0,0,0,0,0,0,0,0,,,0,0,0,0,(),0,0,0.0,0,0,0.0,0,0,0,0,0,0,0,0,0,0,0,0,0,0,0,0
9129,Ježek,Václav,Ježek V.,58,3301,0,0,0,vjezek,20050308,0.0,0.0,0,3.5,0.0,0.0,0,0,3,0,0,0,0,0,0,0,0,68,0,65,0,70,0,71,0,63,0,63,0,65,0,67,0,69,0,65,0,65,0,65,0,71,0,70,0,0,0,0,0,0,0,0,0,0,,,0,0,0,0,(),0,0,0.0,0,0,0.0,0,0,0,0,0,0,0,0,0,0,0,0,0,0,0,0
9130,Rejzek,Jiří,Rejzek J.,58,3301,0,0,0,jrejzek,20070719,0.0,0.0,0,3.0,0.0,0.0,0,0,3,0,0,0,0,0,0,0,0,66,0,57,0,55,0,69,0,63,0,62,0,63,0,60,0,66,0,58,0,60,0,60,0,60,0,67,0,0,0,0,0,0,0,0,0,0,,,0,0,0,0,(),0,0,0.0,0,0,0.0,0,0,0,0,0,0,0,0,0,0,0,0,0,0,0,0
9131,Toman,Patrik,Toman P.,58,3301,0,0,0,ptoman,20050227,0.0,0.0,0,2.0,0.0,0.0,0,0,3,0,0,0,0,0,0,0,0,63,0,59,0,60,0,67,0,59,0,59,0,56,0,57,0,63,0,53,0,53,0,56,0,60,0,74,0,0,0,0,0,0,0,0,0,0,,,0,0,0,0,(),0,0,0.0,0,0,0.0,0,0,0,0,0,0,0,0,0,0,0,0,0,0,0,0
9132,Samec,Filip,Samec F.,58,3301,0,0,0,fsamec,20050202,0.0,0.0,0,2.5,0.0,0.0,0,0,3,0,0,0,0,0,0,0,0,64,0,61,0,61,0,63,0,62,0,62,0,61,0,58,0,61,0,56,0,53,0,57,0,64,0,72,0,0,0,0,0,0,0,0,0,0,,,0,0,0,0,(),0,0,0.0,0,0,0.0,0,0,0,0,0,0,0,0,0,0,0,0,0,0,0,0
9133,Boirig,Leopold,Boirig L.,152,701,0,0,0,,20070424,0.0,0.0,0,3.5,0.0,0.0,0,0,3,0,0,0,0,0,0,0,0,64,0,56,0,57,0,64,0,62,0,60,0,60,0,61,0,63,0,58,0,59,0,60,0,61,0,65,0,0,0,0,0,0,0,0,0,0,,,0,0,0,0,(),0,0,0.0,0,0,0.0,0,0,0,0,0,0,0,0,0,0,0,0,0,0,0,0
9134,Bruese,Max,Bruese M.,152,708,0,0,0,,20031201,0.0,0.0,0,3.0,0.0,0.0,0,0,3,0,0,0,177,66,0,0,0,67,0,55,0,57,0,64,0,63,0,61,0,63,0,63,0,64,0,60,0,62,0,60,0,61,0,58,0,0,0,0,0,0,0,0,0,0,,,0,0,0,0,(),0,0,0.0,0,0,0.0,0,0,0,0,0,0,0,0,0,0,0,0,0,0,0,0
9135,Isch,Hugo,Isch H.,152,701,0,0,0,,20070215,0.0,0.0,0,3.0,0.0,0.0,0,0,3,0,0,0,0,0,0,0,0,60,0,56,0,56,0,51,0,56,0,65,0,65,0,52,0,52,0,53,0,55,0,54,0,59,0,74,0,0,0,0,0,0,0,0,0,0,,,0,0,0,0,(),0,0,0.0,0,0,0.0,0,0,0,0,0,0,0,0,0,0,0,0,0,0,0,0
9136,Wadekind,Victor,Wadekind V.,152,701,0,0,0,,20070426,0.0,0.0,0,4.0,0.0,0.0,0,0,3,0,0,0,0,0,0,0,0,65,0,55,0,55,0,66,0,60,0,63,0,63,0,60,0,62,0,59,0,59,0,58,0,60,0,67,0,0,0,0,0,0,0,0,0,0,,,0,0,0,0,(),0,0,0.0,0,0,0.0,0,0,0,0,0,0,0,0,0,0,0,0,0,0,0,0
9137,Klege,Roger,Klege R.,152,704,0,0,0,,19860205,0.0,0.0,0,3.0,0.0,0.0,0,0,3,0,0,0,192,83,0,0,0,68,0,56,0,56,0,68,0,66,0,62,0,64,0,65,0,65,0,65,0,63,0,62,0,62,0,65,0,0,0,0,0,0,0,0,0,0,,,0,0,0,0,(),0,0,0.0,0,0,0.0,0,0,0,0,0,0,0,0,0,0,0,0,0,0,0,0
9138,Gardner,James,Gardner J.,168,3401,0,0,0,,20050318,0.0,0.0,0,2.0,0.0,0.0,0,0,3,0,0,0,0,0,0,0,0,66,0,55,0,58,0,63,0,60,0,59,0,59,0,66,0,67,0,60,0,62,0,58,0,61,0,55,0,0,0,0,0,0,0,0,0,0,,,0,0,0,0,(),0,0,0.0,0,0,0.0,0,0,0,0,0,0,0,0,0,0,0,0,0,0,0,0
9139,Halim,Shahmir Aiman,Halim S.A.,168,4901,0,0,0,,20000424,0.0,0.0,0,2.5,0.0,0.0,0,0,3,0,0,0,0,0,0,0,0,65,0,55,0,59,0,70,0,56,0,55,0,57,0,66,0,68,0,60,0,59,0,62,0,60,0,71,0,0,0,0,0,0,0,0,0,0,,,0,0,0,0,(),0,0,0.0,0,0,0.0,0,0,0,0,0,0,0,0,0,0,0,0,0,0,0,0
9140,Hamdan,Wan Abdul,Hamdan W.A.,168,4901,0,0,0,,19990619,0.0,0.0,0,2.5,0.0,0.0,0,0,3,0,0,0,175,66,0,0,0,65,0,52,0,57,0,67,0,57,0,56,0,59,0,67,0,68,0,60,0,61,0,62,0,60,0,58,0,0,0,0,0,0,0,0,0,0,,,0,0,0,0,(),0,0,0.0,0,0,0.0,0,0,0,0,0,0,0,0,0,0,0,0,0,0,0,0
9141,Kee,Zhe Yie,Kee Z.Y.,168,4901,0,0,0,,20030118,0.0,0.0,0,3.0,0.0,0.0,0,0,3,0,0,0,0,0,0,0,0,66,0,63,0,64,0,67,0,60,0,61,0,61,0,63,0,67,0,61,0,61,0,62,0,63,0,76,0,0,0,0,0,0,0,0,0,0,,,0,0,0,0,(),0,0,0.0,0,0,0.0,0,0,0,0,0,0,0,0,0,0,0,0,0,0,0,0
9142,Lozano,Juan Pedro,Lozano J.P.,168,817,0,0,0,,20031128,0.0,0.0,0,3.5,0.0,0.0,0,0,3,0,0,0,179,65,0,0,0,69,0,60,0,63,0,68,0,61,0,61,0,61,0,70,0,71,0,65,0,65,0,65,0,67,0,63,0,0,0,0,0,0,0,0,0,0,,,0,0,0,0,(),0,0,0.0,0,0,0.0,0,0,0,0,0,0,0,0,0,0,0,0,0,0,0,0
9143,Mazuki,Amirull Fakhruddin,Mazuki A.F.,168,4901,0,0,0,,19920124,0.0,0.0,0,3.0,0.0,0.0,0,0,3,0,0,0,169,57,0,0,0,63,0,59,0,63,0,61,0,58,0,59,0,57,0,62,0,68,0,62,0,63,0,60,0,66,0,74,0,0,0,0,0,0,0,0,0,0,,,0,0,0,0,(),0,0,0.0,0,0,0.0,0,0,0,0,0,0,0,0,0,0,0,0,0,0,0,0
9144,Mohd Saipul,Muhammad Qayyim,Mohd Saipul M.Q.,168,4901,0,0,0,,20040831,0.0,0.0,0,1.5,0.0,0.0,0,0,3,0,0,0,0,0,0,0,0,63,0,59,0,61,0,61,0,58,0,58,0,56,0,56,0,62,0,57,0,53,0,56,0,60,0,64,0,0,0,0,0,0,0,0,0,0,,,0,0,0,0,(),0,0,0.0,0,0,0.0,0,0,0,0,0,0,0,0,0,0,0,0,0,0,0,0
9145,Rosli,Nur Aiman,Rosli N.A.,168,4901,0,0,0,,19990322,0.0,0.0,0,3.0,0.0,0.0,0,0,3,0,0,0,0,0,0,0,0,69,0,55,0,61,0,63,0,60,0,63,0,63,0,65,0,65,0,64,0,59,0,64,0,63,0,60,0,0,0,0,0,0,0,0,192,0,,,0,0,0,0,(),0,0,0.0,0,0,0.0,0,0,0,0,0,0,0,0,0,0,0,0,0,0,0,0
9146,Shabri,Muhammad Haizam,Shabri M.H.,168,4901,0,0,0,,20021029,0.0,0.0,0,3.0,0.0,0.0,0,0,3,0,0,0,0,0,0,0,0,61,0,59,0,61,0,64,0,54,0,58,0,57,0,56,0,60,0,56,0,54,0,54,0,60,0,68,0,0,0,0,0,0,0,0,0,0,,,0,0,0,0,(),0,0,0.0,0,0,0.0,0,0,0,0,0,0,0,0,0,0,0,0,0,0,0,0
9147,van Engelen,Adne,van Engelen A.,168,507,0,0,0,,19930316,0.0,0.0,0,4.0,0.0,0.0,0,0,3,0,0,0,0,0,0,0,0,65,0,71,0,72,0,66,0,61,0,62,0,62,0,60,0,62,0,65,0,64,0,68,0,72,0,61,0,0,0,0,0,0,0,0,0,0,,,0,0,0,0,(),0,0,0.0,0,0,0.0,0,0,0,0,0,0,0,0,0,0,0,0,0,0,0,0
9148,Zariff,Nur Aiman,Zariff N.A.,168,4901,0,0,0,,19971001,0.0,0.0,0,2.0,0.0,0.0,0,0,3,0,0,0,173,63,0,0,0,64,0,58,0,62,0,65,0,60,0,61,0,59,0,63,0,62,0,59,0,58,0,60,0,63,0,60,0,0,0,0,0,0,0,0,0,0,,,0,0,0,0,(),0,0,0.0,0,0,0.0,0,0,0,0,0,0,0,0,0,0,0,0,0,0,0,0
9149,Arvanitou,Nikiforos,Arvanitou N.,167,6001,0,0,0,,20030113,0.0,0.0,0,4.0,0.0,0.0,0,0,3,0,0,0,184,71,0,0,0,68,0,64,0,66,0,70,0,63,0,61,0,65,0,69,0,69,0,65,0,66,0,65,0,68,0,58,0,0,4,3,0,0,0,0,128,0,,,0,0,0,0,(),0,0,0.0,0,0,0.0,0,0,0,0,0,0,0,0,0,0,0,0,0,0,0,0
9150,Campean,Catalin-Luca,Campean C.L.,167,10401,0,0,0,,20060328,0.0,0.0,0,3.0,0.0,0.0,0,0,3,0,0,0,0,0,0,0,0,66,0,58,0,60,0,70,0,61,0,58,0,58,0,67,0,69,0,63,0,63,0,61,0,63,0,62,0,0,0,0,0,0,0,0,0,0,,,0,0,0,0,(),0,0,0.0,0,0,0.0,0,0,0,0,0,0,0,0,0,0,0,0,0,0,0,0
9151,Drakos,Nikolaos Michail,Drakos N.M.,167,6001,0,0,0,,20020718,0.0,0.0,0,3.0,0.0,0.0,0,0,3,0,0,0,0,0,0,0,0,64,0,57,0,59,0,71,0,61,0,63,0,63,0,65,0,66,0,59,0,60,0,57,0,60,0,66,0,0,0,0,0,0,0,0,0,0,,,0,0,0,0,(),0,0,0.0,0,0,0.0,0,0,0,0,0,0,0,0,0,0,0,0,0,0,0,0
9152,Endrédi,Máté,Endrédi M.,167,4001,0,0,0,,20050922,0.0,0.0,0,4.0,0.0,0.0,0,0,3,0,0,0,0,0,0,0,0,65,0,64,0,64,0,70,0,60,0,62,0,60,0,53,0,56,0,61,0,63,0,63,0,64,0,71,0,0,0,0,0,0,0,0,0,0,,,0,0,0,0,(),0,0,0.0,0,0,0.0,0,0,0,0,0,0,0,0,0,0,0,0,0,0,0,0
9153,Kardos,Csongor,Kardos C.,167,4001,0,0,0,,20071120,0.0,0.0,0,3.0,0.0,0.0,0,0,3,0,0,0,0,0,0,0,0,60,0,62,0,63,0,68,0,58,0,61,0,61,0,56,0,62,0,57,0,57,0,60,0,62,0,73,0,0,0,0,0,0,0,0,0,0,,,0,0,0,0,(),0,0,0.0,0,0,0.0,0,0,0,0,0,0,0,0,0,0,0,0,0,0,0,0
9154,Nikačević,Rastko,Nikačević R.,167,5001,0,0,0,,20070318,0.0,0.0,0,3.0,0.0,0.0,0,0,3,0,0,0,197,77,0,0,0,64,0,63,0,64,0,65,0,59,0,61,0,62,0,62,0,60,0,60,0,60,0,64,0,64,0,59,0,0,0,0,0,0,0,0,0,0,,,0,0,0,0,(),0,0,0.0,0,0,0.0,0,0,0,0,0,0,0,0,0,0,0,0,0,0,0,0
9155,Pakot,András Gusztáv,Pakot A.G.,167,4001,0,0,0,,20060318,0.0,0.0,0,3.0,0.0,0.0,0,0,3,0,0,0,0,0,0,0,0,66,0,59,0,60,0,61,0,60,0,58,0,59,0,64,0,66,0,60,0,62,0,59,0,64,0,65,0,0,0,0,0,0,0,0,0,0,,,0,0,0,0,(),0,0,0.0,0,0,0.0,0,0,0,0,0,0,0,0,0,0,0,0,0,0,0,0
9156,Palumby,Zsombor,Palumby Z.,167,4001,0,0,0,,19960606,0.0,0.0,0,3.0,0.0,0.0,0,0,3,0,0,0,0,0,0,0,0,64,0,63,0,65,0,75,0,63,0,58,0,61,0,62,0,68,0,60,0,63,0,60,0,65,0,65,0,0,0,0,0,0,0,0,0,0,,,0,0,0,0,(),0,0,0.0,0,0,0.0,0,0,0,0,0,0,0,0,0,0,0,0,0,0,0,0
9157,Schuran,Michal,Schuran M.,167,3301,0,0,0,,19960630,0.0,0.0,0,3.0,0.0,0.0,0,0,3,0,0,0,182,70,0,0,0,66,0,66,0,67,0,62,0,60,0,60,0,60,0,64,0,63,0,63,0,63,0,62,0,66,0,61,0,0,0,0,0,0,0,0,0,0,,,0,0,0,0,(),0,0,0.0,0,0,0.0,0,0,0,0,0,0,0,0,0,0,0,0,0,0,0,0
9158,Szijártó,Zétény,Szijártó Z.,167,4001,0,0,0,,20030417,0.0,0.0,0,3.5,0.0,0.0,0,0,3,0,0,0,0,0,0,0,0,66,0,62,0,64,0,68,0,59,0,63,0,63,0,60,0,63,0,62,0,61,0,64,0,66,0,70,0,0,0,0,0,0,0,0,0,0,,,0,0,0,0,(),0,0,0.0,0,0,0.0,0,0,0,0,0,0,0,0,0,0,0,0,0,0,0,0
9159,Tóth,Márkó,Tóth M.,167,4001,0,0,0,,20050906,0.0,0.0,0,3.5,0.0,0.0,0,0,3,0,0,0,0,0,0,0,0,65,0,55,0,58,0,70,0,62,0,57,0,59,0,68,0,68,0,60,0,60,0,62,0,61,0,67,0,0,0,0,0,0,0,0,0,0,,,0,0,0,0,(),0,0,0.0,0,0,0.0,0,0,0,0,0,0,0,0,0,0,0,0,0,0,0,0
9160,Agrucola,Daniel,Agrucola D.,140,501,0,0,0,,20060215,0.0,0.0,0,3.5,0.0,0.0,0,0,3,0,0,0,0,0,0,0,0,65,0,61,0,63,0,65,0,65,0,58,0,60,0,63,0,65,0,62,0,63,0,60,0,54,0,74,0,0,0,0,0,0,0,0,0,0,,,0,0,0,0,(),0,0,0.0,0,0,0.0,0,0,0,0,0,0,0,0,0,0,0,0,0,0,0,0
9161,Gennink,Samuel,Gennink S.,140,501,0,0,0,,20070508,0.0,0.0,0,3.5,0.0,0.0,0,0,3,0,0,0,0,0,0,0,0,65,0,55,0,58,0,66,0,61,0,64,0,64,0,63,0,66,0,60,0,60,0,62,0,61,0,67,0,0,0,0,0,0,0,0,0,0,,,0,0,0,0,(),0,0,0.0,0,0,0.0,0,0,0,0,0,0,0,0,0,0,0,0,0,0,0,0
9162,von de Ven,Jarne,von de Ven J.,140,501,0,0,0,,20050621,0.0,0.0,0,2.0,0.0,0.0,0,0,3,0,0,0,0,0,0,0,0,63,0,54,0,55,0,63,0,62,0,61,0,61,0,62,0,65,0,58,0,59,0,59,0,60,0,63,0,0,0,0,0,0,0,0,0,0,,,0,0,0,0,(),0,0,0.0,0,0,0.0,0,0,0,0,0,0,0,0,0,0,0,0,0,0,0,0
9163,ven der Veen,Steyn,ven der Veen S.,140,504,0,0,0,,20031230,0.0,0.0,0,3.0,0.0,0.0,0,0,3,0,0,0,0,0,0,0,0,66,0,58,0,60,0,69,0,63,0,61,0,61,0,63,0,65,0,60,0,58,0,59,0,63,0,74,0,0,0,0,0,0,0,0,0,0,,,0,0,0,0,(),0,0,0.0,0,0,0.0,0,0,0,0,0,0,0,0,0,0,0,0,0,0,0,0
9164,Irgali,Maxim,Irgali M.,96,1301,0,0,0,,20070221,0.0,0.0,0,2.5,0.0,0.0,0,0,3,0,0,0,175,56,0,0,0,61,0,59,0,61,0,66,0,54,0,56,0,59,0,60,0,62,0,55,0,53,0,55,0,61,0,58,0,0,0,0,0,0,0,0,0,0,,,0,0,0,0,(),0,0,0.0,0,0,0.0,0,0,0,0,0,0,0,0,0,0,0,0,0,0,0,0
9165,Karmazhakov,Sergey,Karmazhakov S.,96,1301,0,0,0,,20010622,0.0,0.0,0,3.0,0.0,0.0,0,0,3,0,0,0,0,0,0,0,0,63,0,64,0,65,0,65,0,58,0,61,0,60,0,55,0,60,0,62,0,62,0,64,0,64,0,66,0,0,0,0,0,0,0,0,0,0,,,0,0,0,0,(),0,0,0.0,0,0,0.0,0,0,0,0,0,0,0,0,0,0,0,0,0,0,0,0
9166,Kovalchuk,Yevgeniy,Kovalchuk Y.,96,1301,0,0,0,,20071027,0.0,0.0,0,3.0,0.0,0.0,0,0,3,0,0,0,0,0,0,0,0,63,0,60,0,61,0,67,0,58,0,56,0,56,0,56,0,62,0,56,0,55,0,57,0,60,0,60,0,0,0,0,0,0,0,0,0,0,,,0,0,0,0,(),0,0,0.0,0,0,0.0,0,0,0,0,0,0,0,0,0,0,0,0,0,0,0,0
9167,Raimbekov,Marlen,Raimbekov M.,96,1301,0,0,0,,20070721,0.0,0.0,0,3.0,0.0,0.0,0,0,3,0,0,0,0,0,0,0,0,63,0,56,0,56,0,65,0,60,0,60,0,61,0,60,0,65,0,59,0,60,0,58,0,60,0,60,0,0,0,0,0,0,0,0,0,0,,,0,0,0,0,(),0,0,0.0,0,0,0.0,0,0,0,0,0,0,0,0,0,0,0,0,0,0,0,0
9168,Yergeshov,Alder,Yergeshov A.,96,1301,0,0,0,,20070514,0.0,0.0,0,3.0,0.0,0.0,0,0,3,0,0,0,0,0,0,0,0,61,0,56,0,61,0,71,0,61,0,60,0,58,0,59,0,64,0,59,0,61,0,59,0,63,0,62,0,0,0,0,0,0,0,0,0,0,,,0,0,0,0,(),0,0,0.0,0,0,0.0,0,0,0,0,0,0,0,0,0,0,0,0,0,0,0,0
9169,Leuw Larsen,Oskar,Leuw Larsen O.,164,1005,0,0,0,,20071227,0.0,0.0,0,4.0,0.0,0.0,0,0,3,0,0,0,0,0,0,0,0,63,0,63,0,65,0,66,0,60,0,59,0,61,0,60,0,62,0,60,0,60,0,62,0,65,0,62,0,0,0,0,0,0,0,0,0,0,,,0,0,0,0,(),0,0,0.0,0,0,0.0,0,0,0,0,0,0,0,0,0,0,0,0,0,0,0,0
9170,Thastrup,Benjamin,Thastrup B.,164,1005,0,0,0,,20070829,0.0,0.0,0,2.5,0.0,0.0,0,0,3,0,0,0,0,0,0,0,0,65,0,55,0,58,0,67,0,59,0,57,0,59,0,64,0,65,0,58,0,58,0,56,0,59,0,68,0,0,0,0,0,0,0,0,0,0,,,0,0,0,0,(),0,0,0.0,0,0,0.0,0,0,0,0,0,0,0,0,0,0,0,0,0,0,0,0
9171,Neelsen,Thor Vangsø,Neelsen T.V.,164,1001,0,0,0,,20060626,0.0,0.0,0,3.0,0.0,0.0,0,0,3,0,0,0,0,0,0,0,0,67,0,55,0,58,0,64,0,60,0,63,0,65,0,66,0,67,0,61,0,63,0,62,0,64,0,65,0,0,0,0,0,0,0,0,0,0,,,0,0,0,0,(),0,0,0.0,0,0,0.0,0,0,0,0,0,0,0,0,0,0,0,0,0,0,0,0
9172,Vattinghus Stokbro,Sylvester,Vattinghus Stokbro S.,164,1001,0,0,0,,20070716,0.0,0.0,0,3.5,0.0,0.0,0,0,3,0,0,0,0,0,0,0,0,66,0,54,0,60,0,65,0,60,0,62,0,66,0,66,0,68,0,63,0,62,0,59,0,62,0,68,0,0,0,0,0,0,0,0,0,0,,,0,0,0,0,(),0,0,0.0,0,0,0.0,0,0,0,0,0,0,0,0,0,0,0,0,0,0,0,0
9173,Babovich,Mikita,Babovich M.,213,4301,0,0,0,,20070419,0.0,0.0,0,3.5,0.0,0.0,0,0,3,0,0,0,0,0,0,0,0,65,0,56,0,56,0,67,0,64,0,61,0,61,0,60,0,65,0,59,0,58,0,58,0,63,0,58,0,0,0,0,0,0,0,0,0,0,,,0,0,0,0,(),0,0,0.0,0,0,0.0,0,0,0,0,0,0,0,0,0,0,0,0,0,0,0,0
9174,De Gendt,Leander,De Gendt L.,213,402,0,0,0,,20070904,0.0,0.0,0,4.0,0.0,0.0,0,0,3,0,0,0,175,55,0,0,0,61,0,65,0,66,0,66,0,58,0,55,0,53,0,56,0,61,0,60,0,56,0,60,0,66,0,74,0,0,0,0,0,0,0,0,0,0,,,0,0,0,0,(),0,0,0.0,0,0,0.0,0,0,0,0,0,0,0,0,0,0,0,0,0,0,0,0
9175,Feldhoffer,Bálint,Feldhoffer B.,213,4001,0,0,0,,20051226,0.0,0.0,0,4.0,0.0,0.0,0,0,3,0,0,0,0,0,0,0,0,65,0,70,0,71,0,66,0,60,0,60,0,62,0,60,0,62,0,65,0,63,0,64,0,69,0,61,0,0,0,0,0,0,0,0,0,0,,,0,0,0,0,(),0,0,0.0,0,0,0.0,0,0,0,0,0,0,0,0,0,0,0,0,0,0,0,0
9176,Hofer,Valentin,Hofer V.,213,3701,0,0,0,,20070205,0.0,0.0,0,4.5,0.0,0.0,0,0,3,0,0,0,0,0,0,0,0,62,0,61,0,63,0,62,0,63,0,60,0,61,0,64,0,67,0,59,0,61,0,62,0,64,0,71,0,0,0,0,0,0,0,0,0,0,,,0,0,0,0,(),0,0,0.0,0,0,0.0,0,0,0,0,0,0,0,0,0,0,0,0,0,0,0,0
9177,Jackowiak,Jan Michal,Jackowiak J.M.,213,3001,0,0,0,,20071223,0.0,0.0,0,5.0,0.0,0.0,0,0,3,0,0,0,185,65,0,0,0,66,0,70,0,72,0,69,0,61,0,64,0,64,0,60,0,60,0,64,0,63,0,64,0,70,0,59,0,0,0,0,0,0,0,0,0,0,,,0,0,0,0,(),0,0,0.0,0,0,0.0,0,0,0,0,0,0,0,0,0,0,0,0,0,0,0,0
9178,Rosato,Giacomo,Rosato G.,213,206,0,0,0,,20071211,0.0,0.0,0,4.5,0.0,0.0,0,0,3,0,0,0,172,57,0,0,0,63,0,67,0,67,0,67,0,60,0,62,0,62,0,60,0,65,0,63,0,61,0,63,0,66,0,60,0,0,0,0,0,0,0,0,0,0,,,0,0,0,0,(),0,0,0.0,0,0,0.0,0,0,0,0,0,0,0,0,0,0,0,0,0,0,0,0
9179,Stolić,Mihajlo,Stolić M.,213,5001,0,0,0,,20040215,0.0,0.0,0,4.0,0.0,0.0,0,0,3,0,0,0,182,73,0,0,0,68,0,54,0,60,0,70,0,64,0,66,0,68,0,73,0,72,0,62,0,63,0,64,0,55,0,58,0,0,0,0,0,0,0,0,0,0,,,0,0,0,0,(),0,0,0.0,0,0,0.0,0,0,0,0,0,0,0,0,0,0,0,0,0,0,0,0
9180,Christensen,Alfred,Christensen A.,147,1004,0,0,0,,20040922,0.0,0.0,0,3.5,0.0,0.0,0,0,3,0,0,0,0,0,0,0,0,66,0,58,0,57,0,67,0,62,0,66,0,66,0,57,0,54,0,57,0,59,0,57,0,59,0,58,0,0,0,0,0,0,0,0,0,0,,,0,0,0,0,(),0,0,0.0,0,0,0.0,0,0,0,0,0,0,0,0,0,0,0,0,0,0,0,0
9181,Storm,Aksel,Storm A.,147,1001,0,0,0,,20071022,0.0,0.0,0,2.5,0.0,0.0,0,0,3,0,0,0,0,0,0,0,0,67,0,56,0,56,0,61,0,60,0,59,0,58,0,59,0,67,0,58,0,59,0,59,0,60,0,65,0,0,0,0,0,0,0,0,0,0,,,0,0,0,0,(),0,0,0.0,0,0,0.0,0,0,0,0,0,0,0,0,0,0,0,0,0,0,0,0
9182,von Wettstein,Joshua,von Wettstein J.,147,1004,0,0,0,,20070324,0.0,0.0,0,4.0,0.0,0.0,0,0,3,0,0,0,0,0,0,0,0,65,0,55,0,58,0,67,0,62,0,63,0,63,0,63,0,67,0,60,0,60,0,60,0,60,0,56,0,0,0,0,0,0,0,0,0,0,,,0,0,0,0,(),0,0,0.0,0,0,0.0,0,0,0,0,0,0,0,0,0,0,0,0,0,0,0,0
9183,Wulff,Noah,Wulff N.,147,1004,0,0,0,,20050614,0.0,0.0,0,3.0,0.0,0.0,0,0,3,0,0,0,0,0,0,0,0,65,0,54,0,55,0,69,0,63,0,60,0,62,0,65,0,67,0,56,0,59,0,58,0,62,0,66,0,0,0,0,0,0,0,0,0,0,,,0,0,0,0,(),0,0,0.0,0,0,0.0,0,0,0,0,0,0,0,0,0,0,0,0,0,0,0,0
9184,Brofa,Federico,Brofa F.,160,201,0,0,0,,20070106,0.0,0.0,0,2.5,0.0,0.0,0,0,3,0,0,0,0,0,0,0,0,62,0,61,0,61,0,69,0,60,0,58,0,58,0,56,0,58,0,54,0,56,0,54,0,62,0,67,0,0,0,0,0,0,0,0,0,0,,,0,0,0,0,(),0,0,0.0,0,0,0.0,0,0,0,0,0,0,0,0,0,0,0,0,0,0,0,0
9185,Cerminati,Mirko,Cerminati M.,160,201,0,0,0,,20070507,0.0,0.0,0,1.5,0.0,0.0,0,0,3,0,0,0,0,0,0,0,0,61,0,59,0,59,0,60,0,52,0,57,0,58,0,59,0,63,0,54,0,56,0,53,0,61,0,66,0,0,0,0,0,0,0,0,0,0,,,0,0,0,0,(),0,0,0.0,0,0,0.0,0,0,0,0,0,0,0,0,0,0,0,0,0,0,0,0
9186,Degnini,Matteo,Degnini M.,160,201,0,0,0,,20070625,0.0,0.0,0,2.0,0.0,0.0,0,0,3,0,0,0,0,0,0,0,0,60,0,61,0,60,0,67,0,54,0,59,0,58,0,57,0,55,0,56,0,57,0,56,0,60,0,55,0,0,0,0,0,0,0,0,0,0,,,0,0,0,0,(),0,0,0.0,0,0,0.0,0,0,0,0,0,0,0,0,0,0,0,0,0,0,0,0
9187,Liali,Stefano,Liali S.,160,201,0,0,0,,20040521,0.0,0.0,0,3.0,0.0,0.0,0,0,3,0,0,0,0,0,0,0,0,64,0,61,0,60,0,68,0,62,0,53,0,56,0,62,0,62,0,56,0,54,0,54,0,64,0,60,0,0,0,0,0,0,0,0,0,0,,,0,0,0,0,(),0,0,0.0,0,0,0.0,0,0,0,0,0,0,0,0,0,0,0,0,0,0,0,0
9188,Slusarenko,Ilya,Slusarenko I.,160,4301,0,0,0,,20070222,0.0,0.0,0,3.0,0.0,0.0,0,0,3,0,0,0,0,0,0,0,0,64,0,54,0,56,0,70,0,60,0,56,0,56,0,65,0,67,0,59,0,57,0,58,0,60,0,63,0,0,0,0,0,0,0,0,0,0,,,0,0,0,0,(),0,0,0.0,0,0,0.0,0,0,0,0,0,0,0,0,0,0,0,0,0,0,0,0
9189,Trivella,Nicholas,Trivella N.,160,201,0,0,0,,20060205,0.0,0.0,0,3.5,0.0,0.0,0,0,3,0,0,0,0,0,0,0,0,65,0,60,0,63,0,67,0,59,0,57,0,60,0,58,0,59,0,62,0,63,0,63,0,66,0,74,0,0,0,0,0,0,0,0,0,0,,,0,0,0,0,(),0,0,0.0,0,0,0.0,0,0,0,0,0,0,0,0,0,0,0,0,0,0,0,0
9190,Zemsteg,Nicola,Zemsteg N.,160,1701,0,0,0,,20060103,0.0,0.0,0,3.5,0.0,0.0,0,0,3,0,0,0,0,0,0,0,0,61,0,66,0,67,0,66,0,55,0,54,0,59,0,60,0,64,0,61,0,60,0,62,0,66,0,58,0,0,0,0,0,0,0,0,0,0,,,0,0,0,0,(),0,0,0.0,0,0,0.0,0,0,0,0,0,0,0,0,0,0,0,0,0,0,0,0
9191,Bertels,Witse,Bertels W.,209,402,0,0,0,,20070321,0.0,0.0,0,4.0,0.0,0.0,0,0,3,0,0,0,0,0,0,0,0,64,0,54,0,56,0,67,0,63,0,63,0,64,0,67,0,67,0,58,0,60,0,57,0,61,0,68,0,0,0,0,0,0,0,0,0,0,,,0,0,0,0,(),0,0,0.0,0,0,0.0,0,0,0,0,0,0,0,0,0,0,0,0,0,0,0,0
9192,Claisse,Édouard,Claisse É.,209,401,0,0,0,,20070829,0.0,0.0,0,4.5,0.0,0.0,0,0,3,0,0,0,0,0,0,0,0,66,0,60,0,62,0,69,0,63,0,60,0,62,0,62,0,65,0,60,0,62,0,60,0,65,0,67,0,0,0,0,0,0,0,0,0,0,,,0,0,0,0,(),0,0,0.0,0,0,0.0,0,0,0,0,0,0,0,0,0,0,0,0,0,0,0,0
9193,De Keersmaeker,Mathias,De Keersmaeker M.,209,402,0,0,0,,20070312,0.0,0.0,0,4.5,0.0,0.0,0,0,3,0,0,0,0,0,0,0,0,64,0,58,0,63,0,72,0,62,0,60,0,60,0,66,0,69,0,59,0,61,0,60,0,66,0,59,0,0,0,0,0,0,0,0,0,0,,,0,0,0,0,(),0,0,0.0,0,0,0.0,0,0,0,0,0,0,0,0,0,0,0,0,0,0,0,0
9194,Greenwell,Samuel,Greenwell S.,209,1801,0,0,0,,20070618,0.0,0.0,0,3.5,0.0,0.0,0,0,3,0,0,0,0,0,0,0,0,65,0,56,0,56,0,68,0,63,0,61,0,61,0,61,0,62,0,58,0,58,0,58,0,60,0,63,0,0,0,0,0,0,0,0,0,0,,,0,0,0,0,(),0,0,0.0,0,0,0.0,0,0,0,0,0,0,0,0,0,0,0,0,0,0,0,0
9195,Verbeeck,Tuur,Verbeeck T.,209,402,0,0,0,,20070712,0.0,0.0,0,3.0,0.0,0.0,0,0,3,0,0,0,0,0,0,0,0,63,0,62,0,65,0,65,0,63,0,61,0,60,0,62,0,65,0,62,0,62,0,63,0,64,0,70,0,0,0,0,0,0,0,0,0,0,,,0,0,0,0,(),0,0,0.0,0,0,0.0,0,0,0,0,0,0,0,0,0,0,0,0,0,0,0,0
9196,Boldyrev,Matvey,Boldyrev M.,216,1501,0,0,0,,20070826,0.0,0.0,0,5.0,0.0,0.0,0,0,3,0,0,0,0,0,0,0,0,67,0,68,0,70,0,68,0,63,0,64,0,66,0,61,0,65,0,65,0,63,0,65,0,70,0,65,0,0,0,0,0,0,0,0,0,0,,,0,0,0,0,(),0,0,0.0,0,0,0.0,0,0,0,0,0,0,0,0,0,0,0,0,0,0,0,0
9197,Dijkman,Daan,Dijkman D.,216,505,0,0,0,,20071004,0.0,0.0,0,5.0,0.0,0.0,0,0,3,0,0,0,170,55,0,0,0,64,0,66,0,68,0,68,0,61,0,60,0,62,0,58,0,62,0,61,0,63,0,61,0,68,0,65,0,0,0,0,0,0,0,0,0,0,,,0,0,0,0,(),0,0,0.0,0,0,0.0,0,0,0,0,0,0,0,0,0,0,0,0,0,0,0,0
9198,Fugger,Heimo,Fugger H.,216,3701,0,0,0,,20071114,0.0,0.0,0,3.5,0.0,0.0,0,0,3,0,0,0,0,0,0,0,0,63,0,56,0,58,0,60,0,58,0,64,0,65,0,55,0,56,0,53,0,54,0,55,0,61,0,60,0,0,0,0,0,0,0,0,0,0,,,0,0,0,0,(),0,0,0.0,0,0,0.0,0,0,0,0,0,0,0,0,0,0,0,0,0,0,0,0
9199,Haverdings,David,Haverdings D.,237,501,0,0,0,,20040401,0.0,0.0,0,4.5,0.0,0.0,0,0,3,0,0,0,176,63,0,0,0,69,0,63,0,65,0,72,0,70,0,60,0,63,0,64,0,69,0,62,0,64,0,64,0,70,0,66,0,0,0,0,0,0,0,0,0,0,,,0,0,0,0,(),0,0,0.0,0,0,0.0,0,0,0,0,0,0,0,0,0,0,0,0,0,0,0,0
9200,Surén,Roger,Surén R.,237,7301,0,0,0,,20070915,0.0,0.0,0,3.0,0.0,0.0,0,0,3,0,0,0,0,0,0,0,0,63,0,61,0,60,0,70,0,61,0,60,0,61,0,58,0,63,0,54,0,54,0,55,0,63,0,68,0,0,0,0,0,0,0,0,0,0,,,0,0,0,0,(),0,0,0.0,0,0,0.0,0,0,0,0,0,0,0,0,0,0,0,0,0,0,0,0
9201,Burckel,Peyton,Burckel P.,205,601,0,0,0,,20070426,0.0,0.0,0,3.0,0.0,0.0,0,0,3,0,0,0,0,0,0,0,0,62,0,60,0,62,0,68,0,58,0,62,0,63,0,59,0,55,0,54,0,56,0,56,0,64,0,60,0,0,0,0,0,0,0,0,0,0,,,0,0,0,0,(),0,0,0.0,0,0,0.0,0,0,0,0,0,0,0,0,0,0,0,0,0,0,0,0
9202,Capello,Roberto,Capello R.,205,202,0,0,0,,20070925,0.0,0.0,0,4.5,0.0,0.0,0,0,3,0,0,0,0,0,0,0,0,59,0,65,0,65,0,60,0,52,0,61,0,61,0,51,0,58,0,56,0,56,0,54,0,63,0,59,0,0,0,0,0,0,0,0,0,0,,,0,0,0,0,(),0,0,0.0,0,0,0.0,0,0,0,0,0,0,0,0,0,0,0,0,0,0,0,0
9203,Cusack,Nathan,Cusack N.,205,601,0,0,0,,20050731,0.0,0.0,0,3.5,0.0,0.0,0,0,3,0,0,0,0,0,0,0,0,65,0,56,0,57,0,70,0,63,0,61,0,61,0,65,0,66,0,60,0,61,0,58,0,64,0,65,0,0,0,0,0,0,0,0,0,0,,,0,0,0,0,(),0,0,0.0,0,0,0.0,0,0,0,0,0,0,0,0,0,0,0,0,0,0,0,0
9204,Makohon,Jack,Makohon J.,205,601,0,0,0,,20050826,0.0,0.0,0,3.0,0.0,0.0,0,0,3,0,0,0,0,0,0,0,0,64,0,66,0,66,0,69,0,60,0,64,0,63,0,57,0,64,0,64,0,62,0,60,0,64,0,58,0,0,0,0,0,0,0,0,0,0,,,0,0,0,0,(),0,0,0.0,0,0,0.0,0,0,0,0,0,0,0,0,0,0,0,0,0,0,0,0
9205,Rodriguez,Juan Felipe,Rodriguez J.F.,205,1101,0,0,0,,20031105,0.0,0.0,0,4.5,0.0,0.0,0,0,3,0,0,0,0,0,0,0,0,64,0,72,0,72,0,68,0,55,0,58,0,62,0,58,0,60,0,66,0,66,0,65,0,70,0,67,0,0,0,0,0,0,0,0,0,0,,,0,0,0,0,(),0,0,0.0,0,0,0.0,0,0,0,0,0,0,0,0,0,0,0,0,0,0,0,0
9206,Bueno,Alfredo,Bueno A.,205,601,0,0,0,,20050506,0.0,0.0,0,3.0,0.0,0.0,0,0,3,0,0,0,160,60,0,0,0,66,0,54,0,58,0,64,0,60,0,60,0,63,0,67,0,68,0,59,0,59,0,56,0,60,0,69,0,0,0,0,0,0,0,0,0,0,,,0,0,0,0,(),0,0,0.0,0,0,0.0,0,0,0,0,0,0,0,0,0,0,0,0,0,0,0,0
9207,Torres,James,Torres J.,216,814,0,0,0,,20071010,0.0,0.0,0,3.5,0.0,0.0,0,0,3,0,0,0,0,0,0,0,0,61,0,63,0,63,0,60,0,58,0,56,0,57,0,58,0,62,0,55,0,57,0,55,0,63,0,60,0,0,0,0,0,0,0,0,0,0,,,0,0,0,0,(),0,0,0.0,0,0,0.0,0,0,0,0,0,0,0,0,0,0,0,0,0,0,0,0
9208,Vanden Wijngaert,Matteo,Vanden Wijngaert M.,216,402,0,0,0,,20071218,0.0,0.0,0,4.5,0.0,0.0,0,0,3,0,0,0,0,0,0,0,0,68,0,56,0,58,0,68,0,65,0,64,0,66,0,65,0,64,0,63,0,65,0,62,0,64,0,71,0,0,0,0,0,0,0,0,0,0,,,0,0,0,0,(),0,0,0.0,0,0,0.0,0,0,0,0,0,0,0,0,0,0,0,0,0,0,0,0
9209,Mauss,Moritz,Mauss M.,216,710,0,0,0,,20070615,0.0,0.0,0,4.5,0.0,0.0,0,0,3,0,0,0,0,0,0,0,0,68,0,61,0,64,0,61,0,64,0,63,0,63,0,64,0,67,0,63,0,63,0,61,0,68,0,70,0,0,0,0,0,0,0,0,0,0,,,0,0,0,0,(),0,0,0.0,0,0,0.0,0,0,0,0,0,0,0,0,0,0,0,0,0,0,0,0
9210,Ramírez,Mateo,Ramírez M.,216,9401,0,0,0,,20060309,0.0,0.0,0,4.0,0.0,0.0,0,0,3,0,0,0,170,55,0,0,0,64,0,72,0,72,0,68,0,55,0,61,0,61,0,57,0,64,0,63,0,62,0,65,0,70,0,62,0,0,0,0,0,0,0,0,0,0,,,0,0,0,0,(),0,0,0.0,0,0,0.0,0,0,0,0,0,0,0,0,0,0,0,0,0,0,0,0
9211,Hewes,Alex,Hewes A.,242,2001,0,0,0,,20070208,0.0,0.0,0,3.0,0.0,0.0,0,0,3,0,0,0,183,69,0,0,0,64,0,55,0,59,0,63,0,60,0,61,0,61,0,63,0,60,0,60,0,59,0,60,0,62,0,58,0,0,0,0,0,0,0,0,0,0,,,0,0,0,0,(),0,0,0.0,0,0,0.0,0,0,0,0,0,0,0,0,0,0,0,0,0,0,0,0
9212,Maranchón,Enrique,Maranchón E.,242,810,0,0,0,,20070313,0.0,0.0,0,3.0,0.0,0.0,0,0,3,0,0,0,0,0,0,0,0,60,0,61,0,60,0,67,0,58,0,55,0,57,0,54,0,63,0,56,0,57,0,53,0,64,0,66,0,0,0,0,0,0,0,0,0,0,,,0,0,0,0,(),0,0,0.0,0,0,0.0,0,0,0,0,0,0,0,0,0,0,0,0,0,0,0,0
9213,Morin,Ben,Morin B.,242,2201,0,0,0,,20070827,0.0,0.0,0,3.5,0.0,0.0,0,0,3,0,0,0,0,0,0,0,0,64,0,59,0,60,0,67,0,63,0,61,0,62,0,61,0,63,0,59,0,60,0,60,0,65,0,62,0,0,0,0,0,0,0,0,0,0,,,0,0,0,0,(),0,0,0.0,0,0,0.0,0,0,0,0,0,0,0,0,0,0,0,0,0,0,0,0
9214,Pirinen,Miko,Pirinen M.,242,4701,0,0,0,,20070605,0.0,0.0,0,2.5,0.0,0.0,0,0,3,0,0,0,0,0,0,0,0,63,0,60,0,61,0,66,0,55,0,59,0,59,0,57,0,62,0,57,0,54,0,55,0,60,0,68,0,0,0,0,0,0,0,0,0,0,,,0,0,0,0,(),0,0,0.0,0,0,0.0,0,0,0,0,0,0,0,0,0,0,0,0,0,0,0,0
9215,Ramon,Omer,Ramon O.,242,7001,0,0,0,,20070605,0.0,0.0,0,3.0,0.0,0.0,0,0,3,0,0,0,0,0,0,0,0,63,0,56,0,56,0,63,0,61,0,60,0,62,0,60,0,64,0,59,0,58,0,59,0,61,0,70,0,0,0,0,0,0,0,0,0,0,,,0,0,0,0,(),0,0,0.0,0,0,0.0,0,0,0,0,0,0,0,0,0,0,0,0,0,0,0,0
9216,Smøras,Filip,Smøras F.,242,3501,0,0,0,,20071110,0.0,0.0,0,4.5,0.0,0.0,0,0,3,0,0,0,0,0,0,0,0,65,0,54,0,56,0,70,0,61,0,58,0,60,0,68,0,68,0,55,0,60,0,55,0,61,0,67,0,0,0,0,0,0,0,0,0,0,,,0,0,0,0,(),0,0,0.0,0,0,0.0,0,0,0,0,0,0,0,0,0,0,0,0,0,0,0,0
9217,Baruzzi,Francesco,Baruzzi F.,214,204,0,0,0,,20070103,0.0,0.0,0,4.0,0.0,0.0,0,0,3,0,0,0,0,0,0,0,0,66,0,58,0,60,0,63,0,63,0,64,0,69,0,58,0,58,0,59,0,60,0,58,0,63,0,62,0,0,0,0,0,0,0,0,0,0,,,0,0,0,0,(),0,0,0.0,0,0,0.0,0,0,0,0,0,0,0,0,0,0,0,0,0,0,0,0
9218,Hobbs,Henry,Hobbs H.,214,1801,0,0,0,,20070520,0.0,0.0,0,4.5,0.0,0.0,0,0,3,0,0,0,0,0,0,0,0,67,0,56,0,58,0,66,0,66,0,67,0,68,0,64,0,66,0,61,0,61,0,60,0,62,0,63,0,0,0,0,0,0,0,0,0,0,,,0,0,0,0,(),0,0,0.0,0,0,0.0,0,0,0,0,0,0,0,0,0,0,0,0,0,0,0,0
9219,Mernik,Sven,Mernik S.,214,2801,0,0,0,,20060614,0.0,0.0,0,3.5,0.0,0.0,0,0,3,0,0,0,0,0,0,0,0,60,0,67,0,67,0,65,0,54,0,58,0,58,0,54,0,58,0,60,0,58,0,60,0,65,0,56,0,0,0,0,0,0,0,0,0,0,,,0,0,0,0,(),0,0,0.0,0,0,0.0,0,0,0,0,0,0,0,0,0,0,0,0,0,0,0,0
9220,Piták,Matěj,Piták M.,214,3301,0,0,0,,20070119,0.0,0.0,0,3.0,0.0,0.0,0,0,3,0,0,0,0,0,0,0,0,62,0,65,0,65,0,68,0,58,0,55,0,57,0,57,0,55,0,57,0,58,0,57,0,64,0,60,0,0,0,0,0,0,0,0,0,0,,,0,0,0,0,(),0,0,0.0,0,0,0.0,0,0,0,0,0,0,0,0,0,0,0,0,0,0,0,0
9221,Segatta,Fabio,Segatta F.,214,205,0,0,0,,20070615,0.0,0.0,0,4.0,0.0,0.0,0,0,3,0,0,0,0,0,0,0,0,63,0,64,0,65,0,68,0,59,0,60,0,62,0,65,0,68,0,57,0,57,0,57,0,66,0,66,0,0,0,0,0,0,0,0,0,0,,,0,0,0,0,(),0,0,0.0,0,0,0.0,0,0,0,0,0,0,0,0,0,0,0,0,0,0,0,0
9222,Colombo,Riccardo,Colombo R.,135,204,0,0,0,rcolombo,20070807,0.0,0.0,0,4.0,0.0,0.0,0,0,3,0,0,0,0,0,0,0,0,65,0,55,0,59,0,60,0,63,0,63,0,64,0,58,0,58,0,57,0,57,0,56,0,61,0,64,0,0,0,0,0,0,0,0,0,0,,,0,0,0,0,(),0,0,0.0,0,0,0.0,0,0,0,0,0,0,0,0,0,0,0,0,0,0,0,0
9223,Gaffney,David,Gaffney D.,135,3101,0,0,0,,20070131,0.0,0.0,0,4.5,0.0,0.0,0,0,3,0,0,0,0,0,0,0,0,65,0,65,0,67,0,67,0,60,0,64,0,65,0,60,0,61,0,61,0,61,0,62,0,69,0,59,0,0,0,0,0,0,0,0,0,0,,,0,0,0,0,(),0,0,0.0,0,0,0.0,0,0,0,0,0,0,0,0,0,0,0,0,0,0,0,0
9224,Manion,Vinnie,Manion V.,135,2001,0,0,0,,20071221,0.0,0.0,0,3.5,0.0,0.0,0,0,3,0,0,0,0,0,0,0,0,64,0,65,0,65,0,64,0,58,0,62,0,62,0,51,0,53,0,53,0,54,0,57,0,64,0,72,0,0,0,0,0,0,0,0,0,0,,,0,0,0,0,(),0,0,0.0,0,0,0.0,0,0,0,0,0,0,0,0,0,0,0,0,0,0,0,0
9225,Serangeli,Giacomo,Serangeli G.,135,211,0,0,0,,20070918,0.0,0.0,0,3.0,0.0,0.0,0,0,3,0,0,0,0,0,0,0,0,63,0,65,0,64,0,72,0,62,0,57,0,57,0,61,0,66,0,61,0,61,0,63,0,64,0,63,0,0,0,0,0,0,0,0,0,0,,,0,0,0,0,(),0,0,0.0,0,0,0.0,0,0,0,0,0,0,0,0,0,0,0,0,0,0,0,0
9226,Verbrugge,Jasper,Verbrugge J.,135,402,0,0,0,,20070201,0.0,0.0,0,4.0,0.0,0.0,0,0,3,0,0,0,0,0,0,0,0,66,0,55,0,58,0,67,0,65,0,61,0,61,0,64,0,66,0,58,0,58,0,58,0,63,0,55,0,0,0,0,0,0,0,0,0,0,,,0,0,0,0,(),0,0,0.0,0,0,0.0,0,0,0,0,0,0,0,0,0,0,0,0,0,0,0,0
9227,Gordge,Kieran,Gordge K.,135,3601,0,0,0,,20050629,0.0,0.0,0,3.0,0.0,0.0,0,0,3,0,0,0,0,0,0,0,0,63,0,60,0,60,0,67,0,58,0,56,0,53,0,51,0,58,0,60,0,62,0,55,0,65,0,66,0,0,0,0,0,0,0,0,0,0,,,0,0,0,0,(),0,0,0.0,0,0,0.0,0,0,0,0,0,0,0,0,0,0,0,0,0,0,0,0
9228,Aranaz,Markel,Aranaz M.,201,816,0,0,0,,20070730,0.0,0.0,0,4.0,0.0,0.0,0,0,3,0,0,0,0,0,0,0,0,61,0,61,0,64,0,71,0,60,0,53,0,57,0,63,0,66,0,56,0,55,0,57,0,65,0,56,0,0,0,0,0,0,0,0,0,0,,,0,0,0,0,(),0,0,0.0,0,0,0.0,0,0,0,0,0,0,0,0,0,0,0,0,0,0,0,0
9229,Castro,Sebastián,Castro S.,201,6101,0,0,0,,20070102,0.0,0.0,0,4.0,0.0,0.0,0,0,3,0,0,0,0,0,0,0,0,66,0,67,0,67,0,63,0,57,0,61,0,61,0,60,0,66,0,63,0,62,0,64,0,67,0,68,0,0,0,0,0,0,0,0,0,0,,,0,0,0,0,(),0,0,0.0,0,0,0.0,0,0,0,0,0,0,0,0,0,0,0,0,0,0,0,0
9230,Cubillas,Javier,Cubillas J.,201,810,0,0,0,,20070228,0.0,0.0,0,4.5,0.0,0.0,0,0,3,0,0,0,180,62,0,0,0,65,0,65,0,67,0,69,0,63,0,58,0,60,0,61,0,64,0,63,0,65,0,63,0,68,0,58,0,0,0,0,0,0,0,0,0,0,,,0,0,0,0,(),0,0,0.0,0,0,0.0,0,0,0,0,0,0,0,0,0,0,0,0,0,0,0,0
9231,Forlin,Daniele,Forlin D.,201,206,0,0,0,,20071103,0.0,0.0,0,4.5,0.0,0.0,0,0,3,0,0,0,0,0,0,0,0,65,0,63,0,66,0,70,0,59,0,60,0,60,0,62,0,65,0,62,0,62,0,60,0,67,0,71,0,0,0,0,0,0,0,0,0,0,,,0,0,0,0,(),0,0,0.0,0,0,0.0,0,0,0,0,0,0,0,0,0,0,0,0,0,0,0,0
9232,Igual,Eric,Igual E.,201,810,0,0,0,,20070502,0.0,0.0,0,3.0,0.0,0.0,0,0,3,0,0,0,0,0,0,0,0,64,0,56,0,56,0,62,0,62,0,62,0,63,0,63,0,64,0,58,0,58,0,60,0,60,0,67,0,0,0,0,0,0,0,0,0,0,,,0,0,0,0,(),0,0,0.0,0,0,0.0,0,0,0,0,0,0,0,0,0,0,0,0,0,0,0,0
9233,Jackson,Lucas,Jackson L.,201,1801,0,0,0,,20070929,0.0,0.0,0,2.5,0.0,0.0,0,0,3,0,0,0,0,0,0,0,0,62,0,59,0,59,0,63,0,54,0,59,0,56,0,57,0,64,0,54,0,53,0,54,0,60,0,55,0,0,0,0,0,0,0,0,0,0,,,0,0,0,0,(),0,0,0.0,0,0,0.0,0,0,0,0,0,0,0,0,0,0,0,0,0,0,0,0
9234,Novák,Filip,Novák F.,201,3301,0,0,0,,20071112,0.0,0.0,0,3.5,0.0,0.0,0,0,3,0,0,0,0,0,0,0,0,60,0,61,0,60,0,67,0,54,0,57,0,57,0,57,0,56,0,57,0,56,0,54,0,64,0,55,0,0,0,0,0,0,0,0,0,0,,,0,0,0,0,(),0,0,0.0,0,0,0.0,0,0,0,0,0,0,0,0,0,0,0,0,0,0,0,0
9235,Pareta,Roger,Pareta R.,201,809,0,0,0,,20060308,0.0,0.0,0,3.5,0.0,0.0,0,0,3,0,0,0,188,73,0,0,0,67,0,57,0,59,0,70,0,62,0,60,0,62,0,65,0,66,0,63,0,64,0,61,0,63,0,68,0,0,0,0,0,0,0,0,0,0,,,0,0,0,0,(),0,0,0.0,0,0,0.0,0,0,0,0,0,0,0,0,0,0,0,0,0,0,0,0
9236,Pombo,Tomás,Pombo T.,201,812,0,0,0,,20060428,0.0,0.0,0,4.0,0.0,0.0,0,0,3,0,0,0,0,0,0,0,0,67,0,62,0,63,0,68,0,65,0,60,0,62,0,63,0,66,0,63,0,64,0,60,0,66,0,72,0,0,0,0,0,0,0,0,0,0,,,0,0,0,0,(),0,0,0.0,0,0,0.0,0,0,0,0,0,0,0,0,0,0,0,0,0,0,0,0
9237,Proietti Gagliardoni,Mattia,Proietti Gagliardoni M.,201,211,0,0,0,,20070801,0.0,0.0,0,4.0,0.0,0.0,0,0,3,0,0,0,0,0,0,0,0,64,0,65,0,66,0,71,0,63,0,57,0,60,0,60,0,65,0,59,0,61,0,63,0,66,0,61,0,0,0,0,0,0,0,0,0,0,,,0,0,0,0,(),0,0,0.0,0,0,0.0,0,0,0,0,0,0,0,0,0,0,0,0,0,0,0,0
9238,Villate,Ibai,Villate I.,201,816,0,0,0,,20071129,0.0,0.0,0,5.0,0.0,0.0,0,0,3,0,0,0,0,0,0,0,0,64,0,69,0,69,0,69,0,59,0,62,0,62,0,60,0,65,0,63,0,61,0,65,0,66,0,70,0,0,0,0,0,0,0,0,0,0,,,0,0,0,0,(),0,0,0.0,0,0,0.0,0,0,0,0,0,0,0,0,0,0,0,0,0,0,0,0
9239,Boucher,Hugo,Boucher H.,202,318,0,0,0,,20071022,0.0,0.0,0,4.0,0.0,0.0,0,0,3,0,0,0,180,67,0,0,0,63,0,60,0,63,0,67,0,60,0,59,0,56,0,58,0,62,0,58,0,60,0,55,0,65,0,74,0,0,0,0,0,0,0,0,0,0,,,0,0,0,0,(),0,0,0.0,0,0,0.0,0,0,0,0,0,0,0,0,0,0,0,0,0,0,0,0
9240,Charlton,Josh,Charlton J.,202,1801,0,0,0,,20030210,0.0,0.0,0,4.0,0.0,0.0,0,0,3,0,0,0,191,82,0,0,0,70,0,55,0,57,0,62,0,60,0,68,0,70,0,55,0,54,0,60,0,60,0,58,0,63,0,63,0,0,0,0,0,0,0,0,0,0,,,0,0,0,0,(),0,0,0.0,0,0,0.0,0,0,0,0,0,0,0,0,0,0,0,0,0,0,0,0
9241,Frigo,Davide,Frigo D.,202,206,0,0,0,,20070122,0.0,0.0,0,3.0,0.0,0.0,0,0,3,0,0,0,183,68,0,0,0,63,0,64,0,66,0,66,0,60,0,65,0,64,0,60,0,61,0,55,0,55,0,57,0,65,0,57,0,0,0,0,0,0,0,0,0,0,,,0,0,0,0,(),0,0,0.0,0,0,0.0,0,0,0,0,0,0,0,0,0,0,0,0,0,0,0,0
9242,Hinds,Max,Hinds M.,202,1801,0,0,0,,20070409,0.0,0.0,0,5.0,0.0,0.0,0,0,3,0,0,0,0,0,0,0,0,64,0,63,0,65,0,68,0,63,0,65,0,65,0,60,0,59,0,63,0,62,0,60,0,67,0,67,0,0,0,0,0,0,0,0,0,0,,,0,0,0,0,(),0,0,0.0,0,0,0.0,0,0,0,0,0,0,0,0,0,0,0,0,0,0,0,0
9243,Medway,Fletcher,Medway F.,202,2001,0,0,0,,20070824,0.0,0.0,0,3.0,0.0,0.0,0,0,3,0,0,0,0,0,0,0,0,58,0,64,0,65,0,67,0,54,0,53,0,55,0,53,0,55,0,55,0,55,0,57,0,63,0,66,0,0,0,0,0,0,0,0,0,0,,,0,0,0,0,(),0,0,0.0,0,0,0.0,0,0,0,0,0,0,0,0,0,0,0,0,0,0,0,0
9244,Sage,Dylan,Sage D.,202,1801,0,0,0,,20070824,0.0,0.0,0,4.5,0.0,0.0,0,0,3,0,0,0,0,0,0,0,0,60,0,64,0,65,0,67,0,62,0,64,0,64,0,59,0,65,0,58,0,59,0,54,0,64,0,72,0,0,0,0,0,0,0,0,0,0,,,0,0,0,0,(),0,0,0.0,0,0,0.0,0,0,0,0,0,0,0,0,0,0,0,0,0,0,0,0
9245,Standen,Max,Standen M.,202,1801,0,0,0,,20070619,0.0,0.0,0,4.0,0.0,0.0,0,0,3,0,0,0,0,0,0,0,0,59,0,63,0,65,0,72,0,61,0,57,0,57,0,60,0,66,0,57,0,60,0,58,0,64,0,68,0,0,0,0,0,0,0,0,0,0,,,0,0,0,0,(),0,0,0.0,0,0,0.0,0,0,0,0,0,0,0,0,0,0,0,0,0,0,0,0
9246,Belohvoščiks,Kristians,Belohvoščiks K.,166,1601,0,0,0,,20020201,0.0,0.0,0,3.5,0.0,0.0,0,0,3,0,0,0,185,75,0,0,0,69,0,55,0,58,0,67,0,63,0,60,0,62,0,70,0,71,0,61,0,62,0,61,0,63,0,68,0,0,0,0,0,0,0,0,0,0,,,0,0,0,0,(),0,0,0.0,0,0,0.0,0,0,0,0,0,0,0,0,0,0,0,0,0,0,0,0
9247,Efriem,Nahom,Efriem N.,166,4101,0,0,0,,20070101,0.0,0.0,0,4.0,0.0,0.0,0,0,3,0,0,0,0,0,0,0,0,60,0,63,0,65,0,69,0,57,0,56,0,58,0,55,0,60,0,60,0,59,0,54,0,66,0,60,0,0,0,0,0,0,0,0,0,0,,,0,0,0,0,(),0,0,0.0,0,0,0.0,0,0,0,0,0,0,0,0,0,0,0,0,0,0,0,0
9248,Lauer,Jakob,Lauer J.,166,712,0,0,0,,20070208,0.0,0.0,0,3.0,0.0,0.0,0,0,3,0,0,0,0,0,0,0,0,63,0,63,0,54,0,70,0,60,0,57,0,57,0,63,0,65,0,57,0,59,0,55,0,60,0,66,0,0,0,0,0,0,0,0,0,0,,,0,0,0,0,(),0,0,0.0,0,0,0.0,0,0,0,0,0,0,0,0,0,0,0,0,0,0,0,0
9249,Puuraid,Jonas,Puuraid J.,166,1201,0,0,0,,20070302,0.0,0.0,0,4.0,0.0,0.0,0,0,3,0,0,0,0,0,0,0,0,67,0,56,0,58,0,67,0,64,0,61,0,61,0,60,0,63,0,62,0,61,0,60,0,64,0,69,0,0,0,0,0,0,0,0,0,0,,,0,0,0,0,(),0,0,0.0,0,0,0.0,0,0,0,0,0,0,0,0,0,0,0,0,0,0,0,0
9250,Schempp,Oscar,Schempp O.,166,701,0,0,0,,20050318,0.0,0.0,0,3.0,0.0,0.0,0,0,3,0,0,0,0,0,0,0,0,65,0,55,0,56,0,68,0,63,0,62,0,66,0,60,0,64,0,58,0,59,0,58,0,59,0,70,0,0,0,0,0,0,0,0,0,0,,,0,0,0,0,(),0,0,0.0,0,0,0.0,0,0,0,0,0,0,0,0,0,0,0,0,0,0,0,0
9251,Vidal,Victor,Vidal V.,166,314,0,0,0,,19981215,0.0,0.0,0,2.5,0.0,0.0,0,0,3,0,0,0,0,0,0,0,0,66,0,61,0,65,0,67,0,54,0,58,0,58,0,60,0,62,0,60,0,60,0,61,0,66,0,67,0,0,0,0,0,0,0,0,0,0,,,0,0,0,0,(),0,0,0.0,0,0,0.0,0,0,0,0,0,0,0,0,0,0,0,0,0,0,0,0
9252,Yemane,Even,Yemane E.,166,4101,0,0,0,,20050819,0.0,0.0,0,3.5,0.0,0.0,0,0,3,0,0,0,0,0,0,0,0,61,0,68,0,67,0,63,0,55,0,55,0,55,0,56,0,64,0,62,0,62,0,64,0,66,0,70,0,0,0,0,0,0,0,0,0,0,,,0,0,0,0,(),0,0,0.0,0,0,0.0,0,0,0,0,0,0,0,0,0,0,0,0,0,0,0,0
9253,Banovec,Timotej,Banovec T.,223,2801,0,0,0,,20040707,0.0,0.0,0,3.0,0.0,0.0,0,0,3,0,0,0,0,0,0,0,0,55,0,55,0,55,0,55,0,55,0,55,0,55,0,55,0,55,0,55,0,55,0,55,0,55,0,55,0,0,0,0,0,0,0,0,0,0,,,0,0,0,0,(),0,0,0.0,0,0,0.0,0,0,0,0,0,0,0,0,0,0,0,0,0,0,0,0
9254,Blanco,Ivan,Blanco I.,223,801,0,0,0,,20060909,0.0,0.0,0,3.0,0.0,0.0,0,0,3,0,0,0,0,0,0,0,0,55,0,55,0,55,0,55,0,55,0,55,0,55,0,55,0,55,0,55,0,55,0,55,0,55,0,55,0,0,0,0,0,0,0,0,0,0,,,0,0,0,0,(),0,0,0.0,0,0,0.0,0,0,0,0,0,0,0,0,0,0,0,0,0,0,0,0
9255,Grittner,Marco,Grittner M.,223,701,0,0,0,,20010914,0.0,0.0,0,3.0,0.0,0.0,0,0,3,0,0,0,0,0,0,0,0,55,0,55,0,55,0,55,0,55,0,55,0,55,0,55,0,55,0,55,0,55,0,55,0,55,0,55,0,0,0,0,0,0,0,0,0,0,,,0,0,0,0,(),0,0,0.0,0,0,0.0,0,0,0,0,0,0,0,0,0,0,0,0,0,0,0,0
9256,Lusinchi,Lucas,Lusinchi L.,223,311,0,0,0,,20061107,0.0,0.0,0,3.0,0.0,0.0,0,0,3,0,0,0,0,0,0,0,0,55,0,55,0,55,0,55,0,55,0,55,0,55,0,55,0,55,0,55,0,55,0,55,0,55,0,55,0,0,0,0,0,0,0,0,0,0,,,0,0,0,0,(),0,0,0.0,0,0,0.0,0,0,0,0,0,0,0,0,0,0,0,0,0,0,0,0
9257,Pritchard,Alexander,Pritchard A.,223,1801,0,0,0,,20070926,0.0,0.0,0,2.5,0.0,0.0,0,0,3,0,0,0,188,75,0,0,0,65,0,55,0,56,0,68,0,63,0,58,0,60,0,62,0,61,0,58,0,60,0,59,0,60,0,68,0,0,0,0,0,0,0,0,0,0,,,0,0,0,0,(),0,0,0.0,0,0,0.0,0,0,0,0,0,0,0,0,0,0,0,0,0,0,0,0
9258,Sacher,Luca,Sacher L.,223,1701,0,0,0,,20060316,0.0,0.0,0,3.0,0.0,0.0,0,0,3,0,0,0,0,0,0,0,0,55,0,55,0,55,0,55,0,55,0,55,0,55,0,55,0,55,0,55,0,55,0,55,0,55,0,55,0,0,0,0,0,0,0,0,0,0,,,0,0,0,0,(),0,0,0.0,0,0,0.0,0,0,0,0,0,0,0,0,0,0,0,0,0,0,0,0
9259,Stevens,Hayden,Stevens H.,223,2001,0,0,0,,20070821,0.0,0.0,0,3.0,0.0,0.0,0,0,3,0,0,0,0,0,0,0,0,55,0,55,0,55,0,55,0,55,0,55,0,55,0,55,0,55,0,55,0,55,0,55,0,55,0,55,0,0,0,0,0,0,0,0,0,0,,,0,0,0,0,(),0,0,0.0,0,0,0.0,0,0,0,0,0,0,0,0,0,0,0,0,0,0,0,0
9260,Zubek,Aleksander,Zubek A.,223,3001,0,0,0,,20040306,0.0,0.0,0,2.0,0.0,0.0,0,0,3,0,0,0,0,0,0,0,0,62,0,61,0,61,0,66,0,54,0,59,0,56,0,60,0,63,0,54,0,54,0,53,0,61,0,55,0,0,0,0,0,0,0,0,0,0,,,0,0,0,0,(),0,0,0.0,0,0,0.0,0,0,0,0,0,0,0,0,0,0,0,0,0,0,0,0
9261,Beets,Jeffe,Beets J.,223,402,0,0,0,,20061115,0.0,0.0,0,3.0,0.0,0.0,0,0,3,0,0,0,0,0,0,0,0,55,0,55,0,55,0,55,0,55,0,55,0,55,0,55,0,55,0,55,0,55,0,55,0,55,0,55,0,0,0,0,0,0,0,0,0,0,,,0,0,0,0,(),0,0,0.0,0,0,0.0,0,0,0,0,0,0,0,0,0,0,0,0,0,0,0,0
9262,Clements,Oliver,Clements O.,223,2001,0,0,0,,20061129,0.0,0.0,0,3.0,0.0,0.0,0,0,3,0,0,0,0,0,0,0,0,55,0,55,0,55,0,55,0,55,0,55,0,55,0,55,0,55,0,55,0,55,0,55,0,55,0,55,0,0,0,0,0,0,0,0,0,0,,,0,0,0,0,(),0,0,0.0,0,0,0.0,0,0,0,0,0,0,0,0,0,0,0,0,0,0,0,0
9263,Ründva,Richard,Ründva R.,223,1201,0,0,0,,20060516,0.0,0.0,0,3.0,0.0,0.0,0,0,3,0,0,0,0,0,0,0,0,55,0,55,0,55,0,55,0,55,0,55,0,55,0,55,0,55,0,55,0,55,0,55,0,55,0,55,0,0,0,0,0,0,0,0,0,0,,,0,0,0,0,(),0,0,0.0,0,0,0.0,0,0,0,0,0,0,0,0,0,0,0,0,0,0,0,0
9264,Anunciação,João,Anunciação J.,109,2901,0,0,0,,20070124,0.0,0.0,0,3.0,0.0,0.0,0,0,3,0,0,0,0,0,0,0,0,60,0,59,0,60,0,66,0,55,0,56,0,57,0,59,0,55,0,57,0,57,0,56,0,60,0,64,0,0,0,0,0,0,0,0,0,0,,,0,0,0,0,(),0,0,0.0,0,0,0.0,0,0,0,0,0,0,0,0,0,0,0,0,0,0,0,0
9265,Domínguez,David,Domínguez D.,109,809,0,0,0,ddominguez,20000728,0.0,0.0,0,3.5,0.0,0.0,0,0,3,0,0,0,176,61,0,0,0,64,0,69,0,70,0,65,0,58,0,62,0,63,0,58,0,65,0,64,0,63,0,65,0,70,0,60,0,0,0,0,0,0,0,0,0,0,,,0,0,0,0,(),0,0,0.0,0,0,0.0,0,0,0,0,0,0,0,0,0,0,0,0,0,0,0,0
9266,Rodrigues,Rúben,Rodrigues R.,109,2901,0,0,0,,20040706,0.0,0.0,0,3.0,0.0,0.0,0,0,3,0,0,0,0,0,0,0,0,61,0,63,0,65,0,62,0,56,0,61,0,61,0,59,0,59,0,60,0,59,0,60,0,65,0,71,0,0,0,0,0,0,0,0,0,0,,,0,0,0,0,(),0,0,0.0,0,0,0.0,0,0,0,0,0,0,0,0,0,0,0,0,0,0,0,0
9267,Romão,Gustavo,Romão G.,109,2901,0,0,0,,20071207,0.0,0.0,0,3.0,0.0,0.0,0,0,3,0,0,0,173,59,0,0,0,62,0,63,0,63,0,68,0,58,0,62,0,62,0,59,0,51,0,56,0,58,0,53,0,63,0,74,0,0,0,0,0,0,0,0,0,0,,,0,0,0,0,(),0,0,0.0,0,0,0.0,0,0,0,0,0,0,0,0,0,0,0,0,0,0,0,0
9268,Rota,Oscar,Rota O.,109,809,0,0,0,,20020219,0.0,0.0,0,3.0,0.0,0.0,0,0,3,0,0,0,0,0,0,0,0,61,0,64,0,66,0,68,0,58,0,59,0,58,0,60,0,55,0,62,0,63,0,54,0,66,0,55,0,0,0,0,0,0,0,0,0,0,,,0,0,0,0,(),0,0,0.0,0,0,0.0,0,0,0,0,0,0,0,0,0,0,0,0,0,0,0,0
9269,Sousa,Rafael,Sousa R.,109,2901,0,0,0,rsousa,20050506,0.0,0.0,0,2.5,0.0,0.0,0,0,3,0,0,0,0,0,0,0,0,60,0,60,0,61,0,71,0,60,0,55,0,59,0,60,0,65,0,55,0,57,0,53,0,64,0,71,0,0,0,0,0,0,0,0,0,0,,,0,0,0,0,(),0,0,0.0,0,0,0.0,0,0,0,0,0,0,0,0,0,0,0,0,0,0,0,0
9270,Silva,João,Silva J.,109,2901,0,0,0,,20021115,0.0,0.0,0,3.0,0.0,0.0,0,0,3,0,0,0,178,69,0,0,0,60,0,66,0,66,0,63,0,53,0,55,0,56,0,57,0,60,0,56,0,56,0,56,0,65,0,59,0,0,0,0,0,0,0,0,0,0,,,0,0,0,0,(),0,0,0.0,0,0,0.0,0,0,0,0,0,0,0,0,0,0,0,0,0,0,0,0
9271,Lopes,Afonso,Lopes A.,109,2903,0,0,0,,20040331,0.0,0.0,0,2.0,0.0,0.0,0,0,3,0,0,0,0,0,0,0,0,61,0,59,0,60,0,62,0,51,0,56,0,59,0,57,0,59,0,54,0,56,0,56,0,60,0,61,0,0,0,0,0,0,0,0,0,0,,,0,0,0,0,(),0,0,0.0,0,0,0.0,0,0,0,0,0,0,0,0,0,0,0,0,0,0,0,0
9272,Suneda,Jin,Suneda J.,95,2101,0,0,0,,20050121,0.0,0.0,0,2.0,0.0,0.0,0,0,3,0,0,0,0,0,0,0,0,61,0,59,0,61,0,61,0,51,0,57,0,58,0,57,0,64,0,55,0,53,0,55,0,61,0,74,0,0,0,0,0,0,0,0,0,0,,,0,0,0,0,(),0,0,0.0,0,0,0.0,0,0,0,0,0,0,0,0,0,0,0,0,0,0,0,0
9273,Wutanabe,Yato,Wutanabe Y.,95,2101,0,0,0,,20031022,0.0,0.0,0,1.5,0.0,0.0,0,0,3,0,0,0,0,0,0,0,0,60,0,61,0,60,0,69,0,54,0,57,0,57,0,59,0,63,0,56,0,53,0,57,0,61,0,55,0,0,0,0,0,0,0,0,0,0,,,0,0,0,0,(),0,0,0.0,0,0,0.0,0,0,0,0,0,0,0,0,0,0,0,0,0,0,0,0
9274,Yomamoto,Tetsuo,Yomamoto T.,95,2101,0,0,0,,20000317,0.0,0.0,0,3.0,0.0,0.0,0,0,3,0,0,0,0,0,0,0,0,65,0,61,0,61,0,65,0,59,0,60,0,60,0,65,0,67,0,61,0,63,0,63,0,62,0,55,0,0,0,0,0,0,0,0,0,0,,,0,0,0,0,(),0,0,0.0,0,0,0.0,0,0,0,0,0,0,0,0,0,0,0,0,0,0,0,0
9275,Alvis,Rodrigo,Alvis R.,38,2901,0,0,0,,20060920,0.0,0.0,0,2.0,0.0,0.0,0,0,3,0,0,0,0,0,0,0,0,60,0,59,0,61,0,69,0,54,0,56,0,56,0,60,0,60,0,54,0,55,0,54,0,60,0,58,0,0,0,0,0,0,0,0,0,0,,,0,0,0,0,(),0,0,0.0,0,0,0.0,0,0,0,0,0,0,0,0,0,0,0,0,0,0,0,0
9276,Compos,Noah,Compos N.,38,2905,0,0,0,,20040819,0.0,0.0,0,3.0,0.0,0.0,0,0,3,0,0,0,186,67,0,0,0,62,0,62,0,63,0,62,0,60,0,60,0,60,0,60,0,60,0,61,0,61,0,62,0,63,0,68,0,0,0,0,0,0,0,0,0,0,,,0,0,0,0,(),0,0,0.0,0,0,0.0,0,0,0,0,0,0,0,0,0,0,0,0,0,0,0,0
9277,Casta,Gabriel,Casta G.,38,2901,0,0,0,,20070119,0.0,0.0,0,1.5,0.0,0.0,0,0,3,0,0,0,0,0,0,0,0,58,0,65,0,63,0,65,0,53,0,54,0,58,0,53,0,65,0,56,0,57,0,57,0,63,0,72,0,0,0,0,0,0,0,0,0,0,,,0,0,0,0,(),0,0,0.0,0,0,0.0,0,0,0,0,0,0,0,0,0,0,0,0,0,0,0,0
9278,Eltoft,Johan,Eltoft J.,225,1001,0,0,0,,20070111,0.0,0.0,0,4.0,0.0,0.0,0,0,3,0,0,0,0,0,0,0,0,64,0,58,0,58,0,65,0,60,0,65,0,64,0,59,0,59,0,59,0,59,0,57,0,61,0,62,0,0,0,0,0,0,0,0,0,0,,,0,0,0,0,(),0,0,0.0,0,0,0.0,0,0,0,0,0,0,0,0,0,0,0,0,0,0,0,0
9279,Huber,Jan,Huber J.,225,1701,0,0,0,,20050528,0.0,0.0,0,4.5,0.0,0.0,0,0,3,0,0,0,179,63,0,0,0,64,0,68,0,68,0,71,0,58,0,59,0,60,0,51,0,64,0,63,0,62,0,63,0,68,0,60,0,0,0,0,0,0,0,0,0,0,,,0,0,0,0,(),0,0,0.0,0,0,0.0,0,0,0,0,0,0,0,0,0,0,0,0,0,0,0,0
9280,Lecoq,Baptiste,Lecoq B.,225,316,0,0,0,,20071112,0.0,0.0,0,3.5,0.0,0.0,0,0,3,0,0,0,0,0,0,0,0,63,0,65,0,66,0,65,0,60,0,60,0,60,0,61,0,65,0,61,0,60,0,61,0,67,0,70,0,0,0,0,0,0,0,0,0,0,,,0,0,0,0,(),0,0,0.0,0,0,0.0,0,0,0,0,0,0,0,0,0,0,0,0,0,0,0,0
9281,Progin,Arthur,Progin A.,225,1702,0,0,0,,20061101,0.0,0.0,0,3.5,0.0,0.0,0,0,3,0,0,0,0,0,0,0,0,60,0,61,0,61,0,67,0,57,0,57,0,54,0,60,0,60,0,53,0,54,0,57,0,64,0,74,0,0,0,0,0,0,0,0,0,0,,,0,0,0,0,(),0,0,0.0,0,0,0.0,0,0,0,0,0,0,0,0,0,0,0,0,0,0,0,0
9282,Stirnimann,Tom,Stirnimann T.,225,1701,0,0,0,,20070404,0.0,0.0,0,4.0,0.0,0.0,0,0,3,0,0,0,188,71,0,0,0,63,0,63,0,65,0,69,0,61,0,61,0,61,0,59,0,56,0,57,0,55,0,57,0,65,0,63,0,0,0,0,0,0,0,0,0,0,,,0,0,0,0,(),0,0,0.0,0,0,0.0,0,0,0,0,0,0,0,0,0,0,0,0,0,0,0,0
9283,Van Den Boer,Seppe,Van Den Boer S.,225,402,0,0,0,,20051128,0.0,0.0,0,4.0,0.0,0.0,0,0,3,0,0,0,0,0,0,0,0,68,0,59,0,62,0,73,0,65,0,61,0,61,0,67,0,70,0,63,0,64,0,62,0,69,0,67,0,0,0,0,0,0,0,0,0,0,,,0,0,0,0,(),0,0,0.0,0,0,0.0,0,0,0,0,0,0,0,0,0,0,0,0,0,0,0,0
9284,Daetl,Bastian,Daetl B.,113,701,0,0,0,,20001226,0.0,0.0,0,2.5,0.0,0.0,0,0,3,0,0,0,0,0,0,0,0,61,0,60,0,60,0,64,0,50,0,58,0,58,0,57,0,57,0,56,0,57,0,58,0,63,0,55,0,0,0,0,0,0,0,0,0,0,,,0,0,0,0,(),0,0,0.0,0,0,0.0,0,0,0,0,0,0,0,0,0,0,0,0,0,0,0,0
9285,Latlere,Sverre,Latlere S.,113,3501,0,0,0,,20030203,0.0,0.0,0,3.0,0.0,0.0,0,0,3,0,0,0,0,0,0,0,0,68,0,55,0,56,0,67,0,65,0,60,0,61,0,65,0,66,0,60,0,61,0,60,0,60,0,65,0,0,0,0,0,0,0,0,0,0,,,0,0,0,0,(),0,0,0.0,0,0,0.0,0,0,0,0,0,0,0,0,0,0,0,0,0,0,0,0
9286,Reesen,Tim,Reesen T.,113,1701,0,0,0,,20020716,0.0,0.0,0,2.5,0.0,0.0,0,0,3,0,0,0,183,65,0,0,0,63,0,61,0,60,0,62,0,55,0,58,0,59,0,56,0,60,0,54,0,53,0,55,0,60,0,68,0,0,0,0,0,0,0,0,0,0,,,0,0,0,0,(),0,0,0.0,0,0,0.0,0,0,0,0,0,0,0,0,0,0,0,0,0,0,0,0
9287,Schlauniger,Nicola,Schlauniger N.,113,1701,0,0,0,,20030824,0.0,0.0,0,3.0,0.0,0.0,0,0,3,0,0,0,0,0,0,0,0,66,0,55,0,60,0,70,0,63,0,57,0,60,0,65,0,66,0,61,0,61,0,63,0,63,0,58,0,0,0,0,0,0,0,0,0,0,,,0,0,0,0,(),0,0,0.0,0,0,0.0,0,0,0,0,0,0,0,0,0,0,0,0,0,0,0,0
9288,Zügor,Andrin,Zügor A.,113,1701,0,0,0,,20020608,0.0,0.0,0,2.0,0.0,0.0,0,0,3,0,0,0,190,71,0,0,0,57,0,63,0,65,0,65,0,55,0,57,0,57,0,55,0,60,0,57,0,56,0,56,0,62,0,72,0,0,0,0,0,0,0,0,0,0,,,0,0,0,0,(),0,0,0.0,0,0,0.0,0,0,0,0,0,0,0,0,0,0,0,0,0,0,0,0
9289,Lukić,Leon,Lukić L.,50,4401,0,0,0,,20070628,0.0,0.0,0,3.0,0.0,0.0,0,0,3,0,0,0,178,60,0,0,0,61,0,60,0,61,0,60,0,52,0,57,0,58,0,60,0,61,0,56,0,55,0,57,0,61,0,71,0,0,0,0,0,0,0,0,0,0,,,0,0,0,0,(),0,0,0.0,0,0,0.0,0,0,0,0,0,0,0,0,0,0,0,0,0,0,0,0
9290,Mervar,Tim,Mervar T.,50,2801,0,0,0,,20070421,0.0,0.0,0,2.0,0.0,0.0,0,0,3,0,0,0,0,0,0,0,0,60,0,59,0,59,0,68,0,52,0,57,0,59,0,62,0,62,0,57,0,53,0,57,0,61,0,63,0,0,0,0,0,0,0,0,0,0,,,0,0,0,0,(),0,0,0.0,0,0,0.0,0,0,0,0,0,0,0,0,0,0,0,0,0,0,0,0
9291,Haber,Maximilian,Haber M.,112,3701,0,0,0,,20070116,0.0,0.0,0,1.5,0.0,0.0,0,0,3,0,0,0,0,0,0,0,0,58,0,62,0,62,0,63,0,54,0,53,0,56,0,56,0,54,0,54,0,54,0,57,0,60,0,62,0,0,0,0,0,0,0,0,0,0,,,0,0,0,0,(),0,0,0.0,0,0,0.0,0,0,0,0,0,0,0,0,0,0,0,0,0,0,0,0
9292,Roiter,Jakob,Roiter J.,112,3701,0,0,0,,20000512,0.0,0.0,0,2.5,0.0,0.0,0,0,3,0,0,0,188,69,0,0,0,61,0,61,0,62,0,70,0,60,0,58,0,60,0,61,0,63,0,58,0,59,0,54,0,63,0,55,0,0,0,0,0,0,0,0,0,0,,,0,0,0,0,(),0,0,0.0,0,0,0.0,0,0,0,0,0,0,0,0,0,0,0,0,0,0,0,0
9293,Conor,Paul,Conor P.,207,320,0,0,0,,20031222,0.0,0.0,0,3.0,0.0,0.0,0,0,3,0,0,0,0,0,0,0,0,55,0,55,0,55,0,55,0,55,0,55,0,55,0,55,0,55,0,55,0,55,0,55,0,55,0,55,0,0,0,0,0,0,0,0,0,0,,,0,0,0,0,(),0,0,0.0,0,0,0.0,0,0,0,0,0,0,0,0,0,0,0,0,0,0,0,0
9294,Coudière-Cantin,Timothée,Coudière-Cantin T.,207,318,0,0,0,,20071009,0.0,0.0,0,3.0,0.0,0.0,0,0,3,0,0,0,0,0,0,0,0,55,0,55,0,55,0,55,0,55,0,55,0,55,0,55,0,55,0,55,0,55,0,55,0,55,0,55,0,0,0,0,0,0,0,0,0,0,,,0,0,0,0,(),0,0,0.0,0,0,0.0,0,0,0,0,0,0,0,0,0,0,0,0,0,0,0,0
9295,Doltaire,Alex,Doltaire A.,207,318,0,0,0,,20070515,0.0,0.0,0,3.0,0.0,0.0,0,0,3,0,0,0,0,0,0,0,0,55,0,55,0,55,0,55,0,55,0,55,0,55,0,55,0,55,0,55,0,55,0,55,0,55,0,55,0,0,0,0,0,0,0,0,0,0,,,0,0,0,0,(),0,0,0.0,0,0,0.0,0,0,0,0,0,0,0,0,0,0,0,0,0,0,0,0
9296,Gicquel,Gabin,Gicquel G.,207,305,0,0,0,,20070629,0.0,0.0,0,4.0,0.0,0.0,0,0,3,0,0,0,0,0,0,0,0,68,0,56,0,59,0,68,0,66,0,63,0,63,0,66,0,67,0,63,0,62,0,60,0,63,0,70,0,0,0,0,0,0,0,0,0,0,,,0,0,0,0,(),0,0,0.0,0,0,0.0,0,0,0,0,0,0,0,0,0,0,0,0,0,0,0,0
9297,Hébert,Théo,Hébert T.,207,318,0,0,0,,20031113,0.0,0.0,0,3.0,0.0,0.0,0,0,3,0,0,0,0,0,0,0,0,55,0,55,0,55,0,55,0,55,0,55,0,55,0,55,0,55,0,55,0,55,0,55,0,55,0,55,0,0,0,0,0,0,0,0,0,0,,,0,0,0,0,(),0,0,0.0,0,0,0.0,0,0,0,0,0,0,0,0,0,0,0,0,0,0,0,0
9298,Rooni,Ron,Rooni R.,207,1201,0,0,0,,20070201,0.0,0.0,0,3.5,0.0,0.0,0,0,3,0,0,0,183,72,0,0,0,65,0,56,0,55,0,63,0,60,0,63,0,63,0,61,0,65,0,58,0,60,0,59,0,60,0,62,0,0,0,0,0,0,0,0,0,0,,,0,0,0,0,(),0,0,0.0,0,0,0.0,0,0,0,0,0,0,0,0,0,0,0,0,0,0,0,0
9299,Bashlykov,Vladislav,Bashlykov V.,212,1301,0,0,0,,20050306,0.0,0.0,0,2.5,0.0,0.0,0,0,3,0,0,0,0,0,0,0,0,59,0,63,0,65,0,64,0,53,0,53,0,59,0,51,0,59,0,58,0,56,0,57,0,63,0,61,0,0,0,0,0,0,0,0,0,0,,,0,0,0,0,(),0,0,0.0,0,0,0.0,0,0,0,0,0,0,0,0,0,0,0,0,0,0,0,0
9300,Dinmukhametov,Ramis,Dinmukhametov R.,212,1301,0,0,0,,20000921,0.0,0.0,0,2.0,0.0,0.0,0,0,3,0,0,0,0,0,0,0,0,64,0,54,0,57,0,66,0,59,0,55,0,59,0,65,0,66,0,59,0,58,0,56,0,59,0,65,0,0,0,0,0,0,0,0,0,0,,,0,0,0,0,(),0,0,0.0,0,0,0.0,0,0,0,0,0,0,0,0,0,0,0,0,0,0,0,0
9301,Galbusera,Pietro,Galbusera P.,212,204,0,0,0,,20070910,0.0,0.0,0,3.0,0.0,0.0,0,0,3,0,0,0,0,0,0,0,0,63,0,62,0,65,0,66,0,57,0,60,0,60,0,60,0,61,0,60,0,61,0,61,0,65,0,60,0,0,0,0,0,0,0,0,0,0,,,0,0,0,0,(),0,0,0.0,0,0,0.0,0,0,0,0,0,0,0,0,0,0,0,0,0,0,0,0
9302,Li,You,Li Y.,212,2501,0,0,0,,20041009,0.0,0.0,0,2.5,0.0,0.0,0,0,3,0,0,0,0,0,0,0,0,63,0,64,0,63,0,61,0,58,0,62,0,61,0,56,0,60,0,60,0,58,0,62,0,63,0,60,0,0,0,0,0,0,0,0,0,0,,,0,0,0,0,(),0,0,0.0,0,0,0.0,0,0,0,0,0,0,0,0,0,0,0,0,0,0,0,0
9303,Rysbay,Dias,Rysbay D.,212,1301,0,0,0,,20060330,0.0,0.0,0,3.0,0.0,0.0,0,0,3,0,0,0,0,0,0,0,0,63,0,61,0,61,0,66,0,60,0,60,0,58,0,62,0,64,0,53,0,57,0,56,0,63,0,60,0,0,0,0,0,0,0,0,0,0,,,0,0,0,0,(),0,0,0.0,0,0,0.0,0,0,0,0,0,0,0,0,0,0,0,0,0,0,0,0
9304,Sergiyenko,Denis,Sergiyenko D.,212,1301,0,0,0,,20001013,0.0,0.0,0,1.5,0.0,0.0,0,0,3,0,0,0,0,0,0,0,0,62,0,54,0,55,0,64,0,58,0,58,0,58,0,54,0,57,0,52,0,53,0,55,0,57,0,67,0,0,0,0,0,0,0,0,0,0,,,0,0,0,0,(),0,0,0.0,0,0,0.0,0,0,0,0,0,0,0,0,0,0,0,0,0,0,0,0
9305,Zhumakan,Alisher,Zhumakan A.,212,1301,0,0,0,,19970117,0.0,0.0,0,3.0,0.0,0.0,0,0,3,0,0,0,0,0,0,0,0,60,0,61,0,61,0,60,0,57,0,54,0,54,0,52,0,55,0,56,0,53,0,57,0,62,0,74,0,0,0,0,0,0,0,0,0,0,,,0,0,0,0,(),0,0,0.0,0,0,0.0,0,0,0,0,0,0,0,0,0,0,0,0,0,0,0,0
9306,Cisneros,José Said,Cisneros J.S.,210,2301,0,0,0,,20070423,0.0,0.0,0,4.5,0.0,0.0,0,0,3,0,0,0,170,51,0,0,0,61,0,70,0,69,0,67,0,58,0,55,0,54,0,56,0,62,0,63,0,61,0,65,0,68,0,65,0,0,0,0,0,0,0,0,0,0,,,0,0,0,0,(),0,0,0.0,0,0,0.0,0,0,0,0,0,0,0,0,0,0,0,0,0,0,0,0
9307,Royer,Luc,Royer L.,210,305,0,0,0,,20070704,0.0,0.0,0,4.5,0.0,0.0,0,0,3,0,0,0,0,0,0,0,0,64,0,57,0,61,0,63,0,60,0,65,0,65,0,57,0,57,0,60,0,61,0,55,0,64,0,68,0,0,0,0,0,0,0,0,0,0,,,0,0,0,0,(),0,0,0.0,0,0,0.0,0,0,0,0,0,0,0,0,0,0,0,0,0,0,0,0
9308,Jacquelin,Emilien,Jacquelin E.,203,322,0,0,0,,19950711,0.0,0.0,0,2.5,0.0,0.0,0,0,3,0,0,0,186,76,0,0,0,63,0,63,0,63,0,65,0,55,0,56,0,56,0,55,0,55,0,59,0,59,0,57,0,64,0,65,0,0,0,0,0,0,0,0,0,0,,,0,0,0,0,(),0,0,0.0,0,0,0.0,0,0,0,0,0,0,0,0,0,0,0,0,0,0,0,0
9309,Pozzovivo,Domenico,Pozzovivo D.,93,216,0,0,0,dpozzovivo,19821130,0.0,0.0,0,5.0,0.0,0.0,0,0,3,0,0,0,165,53,0,0,0,64,0,74,0,74,0,65,0,58,0,56,0,55,0,57,0,60,0,70,0,68,0,70,0,73,0,68,0,0,4,2,0,0,0,0,0,0,,Pozzovivo_Domenico,0,0,0,0,(),0,0,0.0,0,0,0.0,0,0,0,0,0,0,0,0,0,0,0,0,0,0,0,0
9310,Romeo,Sergio,Romeo S.,70,808,0,0,0,sromeo,20050205,0.0,0.0,0,3.5,0.0,0.0,0,0,3,0,0,0,189,80,0,0,0,68,0,56,0,58,0,68,0,62,0,62,0,63,0,67,0,67,0,60,0,61,0,60,0,61,0,70,0,0,0,0,0,0,0,0,0,0,,,0,0,0,0,(),0,0,0.0,0,0,0.0,0,0,0,0,0,0,0,0,0,0,0,0,0,0,0,0
